# Blender 5.1.1
# www.blender.org
mtllib Guardian_base.mtl
o ring
v 1.250000 0.000000 0.000000
v 1.216506 0.125000 0.000000
v 1.125000 0.216506 0.000000
v 1.000000 0.250000 0.000000
v 0.783494 0.125000 0.000000
v 0.750000 0.000000 0.000000
v 0.783494 -0.125000 0.000000
v 0.875000 -0.216506 0.000000
v 1.000000 -0.250000 0.000000
v 1.125000 -0.216506 0.000000
v 1.216506 -0.125000 0.000000
v 1.239306 0.000000 -0.163158
v 1.206099 0.125000 -0.158786
v 1.115376 0.216506 -0.146842
v 0.991445 0.250000 -0.130526
v 0.776791 0.125000 -0.102266
v 0.743584 0.000000 -0.097895
v 0.776791 -0.125000 -0.102266
v 0.867514 -0.216506 -0.114210
v 0.991445 -0.250000 -0.130526
v 1.115376 -0.216506 -0.146842
v 1.206099 -0.125000 -0.158786
v 1.207407 0.000000 -0.323524
v 1.175055 0.125000 -0.314855
v 0.845185 0.216506 -0.226467
v 0.756797 0.125000 -0.202783
v 0.724444 0.000000 -0.194114
v 0.756797 -0.125000 -0.202783
v 0.845185 -0.216506 -0.226467
v 0.965926 -0.250000 -0.258819
v 1.086667 -0.216506 -0.291171
v 1.175055 -0.125000 -0.314855
v 1.039364 0.216506 -0.430519
v 0.923880 0.250000 -0.382683
v 0.808395 0.216506 -0.334848
v 0.723854 0.125000 -0.299830
v 0.692910 0.000000 -0.287013
v 0.723854 -0.125000 -0.299830
v 0.808395 -0.216506 -0.334848
v 0.923880 -0.250000 -0.382683
v 1.039364 -0.216506 -0.430519
v 1.123905 -0.125000 -0.465537
v 1.082532 0.000000 -0.625000
v 1.053525 0.125000 -0.608253
v 0.974279 0.216506 -0.562500
v 0.866025 0.250000 -0.500000
v 0.757772 0.216506 -0.437500
v 0.678525 0.125000 -0.391747
v 0.649519 0.000000 -0.375000
v 0.678525 -0.125000 -0.391747
v 0.757772 -0.216506 -0.437500
v 0.866025 -0.250000 -0.500000
v 0.974279 -0.216506 -0.562500
v 1.053525 -0.125000 -0.608253
v 0.991692 0.000000 -0.760952
v 0.965119 0.125000 -0.740562
v 0.892523 0.216506 -0.684856
v 0.793353 0.250000 -0.608761
v 0.694184 0.216506 -0.532666
v 0.621587 0.125000 -0.476961
v 0.595015 0.000000 -0.456571
v 0.621587 -0.125000 -0.476961
v 0.694184 -0.216506 -0.532666
v 0.793353 -0.250000 -0.608761
v 0.892523 -0.216506 -0.684856
v 0.965119 -0.125000 -0.740562
v 0.883883 0.000000 -0.883884
v 0.618718 0.216506 -0.618719
v 0.554014 0.125000 -0.554014
v 0.530330 0.000000 -0.530330
v 0.554014 -0.125000 -0.554014
v 0.618718 -0.216506 -0.618719
v 0.707107 -0.250000 -0.707107
v 0.795495 -0.216506 -0.795495
v 0.860200 -0.125000 -0.860200
v 0.684857 0.216506 -0.892522
v 0.608762 0.250000 -0.793353
v 0.532666 0.216506 -0.694184
v 0.476961 0.125000 -0.621587
v 0.456571 0.000000 -0.595015
v 0.476961 -0.125000 -0.621587
v 0.532666 -0.216506 -0.694184
v 0.608762 -0.250000 -0.793353
v 0.684857 -0.216506 -0.892522
v 0.740562 -0.125000 -0.965119
v 0.625000 0.000000 -1.082532
v 0.608253 0.125000 -1.053525
v 0.562500 0.216506 -0.974279
v 0.500000 0.250000 -0.866025
v 0.437500 0.216506 -0.757772
v 0.391747 0.125000 -0.678525
v 0.375000 0.000000 -0.649519
v 0.391747 -0.125000 -0.678525
v 0.437500 -0.216506 -0.757772
v 0.500000 -0.250000 -0.866025
v 0.608253 -0.125000 -1.053525
v 0.478355 0.000000 -1.154849
v 0.465537 0.125000 -1.123905
v 0.430519 0.216506 -1.039364
v 0.382684 0.250000 -0.923879
v 0.334848 0.216506 -0.808394
v 0.299830 0.125000 -0.723854
v 0.334848 -0.216506 -0.808394
v 0.382684 -0.250000 -0.923879
v 0.430519 -0.216506 -1.039364
v 0.465537 -0.125000 -1.123905
v 0.323524 0.000000 -1.207407
v 0.314855 0.125000 -1.175055
v 0.291171 0.216506 -1.086667
v 0.258819 0.250000 -0.965926
v 0.226467 0.216506 -0.845185
v 0.202783 0.125000 -0.756797
v 0.202783 -0.125000 -0.756797
v 0.226467 -0.216506 -0.845185
v 0.258819 -0.250000 -0.965926
v 0.291171 -0.216506 -1.086667
v 0.314855 -0.125000 -1.175055
v 0.163158 0.000000 -1.239306
v 0.158786 0.125000 -1.206099
v 0.130526 0.250000 -0.991445
v 0.114210 0.216506 -0.867514
v 0.102266 0.125000 -0.776791
v 0.102266 -0.125000 -0.776791
v 0.114210 -0.216506 -0.867514
v 0.130526 -0.250000 -0.991445
v 0.146842 -0.216506 -1.115376
v 0.158786 -0.125000 -1.206099
v 0.000000 0.000000 -1.250000
v 0.000000 0.125000 -1.216506
v 0.000000 0.216506 -1.125000
v 0.000000 0.250000 -1.000000
v 0.000000 0.125000 -0.783494
v 0.000000 0.000000 -0.750000
v 0.000000 -0.125000 -0.783494
v 0.000000 -0.216506 -0.875000
v 0.000000 -0.250000 -1.000000
v 0.000000 -0.216506 -1.125000
v 0.000000 -0.125000 -1.216506
v -0.163158 0.000000 -1.239306
v -0.158786 0.125000 -1.206099
v -0.146842 0.216506 -1.115375
v -0.130526 0.250000 -0.991445
v -0.114211 0.216506 -0.867514
v -0.102267 0.125000 -0.776791
v -0.097895 0.000000 -0.743584
v -0.102267 -0.125000 -0.776791
v -0.114211 -0.216506 -0.867514
v -0.146842 -0.216506 -1.115375
v -0.158786 -0.125000 -1.206099
v -0.323524 0.000000 -1.207407
v -0.314855 0.125000 -1.175055
v -0.291171 0.216506 -1.086667
v -0.258819 0.250000 -0.965926
v -0.226467 0.216506 -0.845185
v -0.202783 0.125000 -0.756797
v -0.194114 0.000000 -0.724444
v -0.202783 -0.125000 -0.756797
v -0.226467 -0.216506 -0.845185
v -0.291171 -0.216506 -1.086667
v -0.314855 -0.125000 -1.175055
v -0.478354 0.000000 -1.154849
v -0.465537 0.125000 -1.123905
v -0.430519 0.216506 -1.039364
v -0.382684 0.250000 -0.923880
v -0.334848 0.216506 -0.808395
v -0.299830 0.125000 -0.723854
v -0.287013 0.000000 -0.692910
v -0.299830 -0.125000 -0.723854
v -0.334848 -0.216506 -0.808395
v -0.382684 -0.250000 -0.923880
v -0.430519 -0.216506 -1.039364
v -0.465537 -0.125000 -1.123905
v -0.625000 0.000000 -1.082532
v -0.608253 0.125000 -1.053526
v -0.562500 0.216506 -0.974279
v -0.500000 0.250000 -0.866026
v -0.391747 0.125000 -0.678525
v -0.375000 0.000000 -0.649519
v -0.391747 -0.125000 -0.678525
v -0.437500 -0.216506 -0.757772
v -0.500000 -0.250000 -0.866026
v -0.562500 -0.216506 -0.974279
v -0.608253 -0.125000 -1.053526
v -0.760952 0.000000 -0.991692
v -0.740562 0.125000 -0.965119
v -0.684857 0.216506 -0.892522
v -0.608761 0.250000 -0.793353
v -0.532666 0.216506 -0.694184
v -0.476961 0.125000 -0.621587
v -0.456571 0.000000 -0.595015
v -0.476961 -0.125000 -0.621587
v -0.532666 -0.216506 -0.694184
v -0.608761 -0.250000 -0.793353
v -0.684857 -0.216506 -0.892522
v -0.883884 0.000000 -0.883883
v -0.860200 0.125000 -0.860200
v -0.795495 0.216506 -0.795495
v -0.707107 0.250000 -0.707107
v -0.618719 0.216506 -0.618718
v -0.554014 0.125000 -0.554013
v -0.530330 0.000000 -0.530330
v -0.554014 -0.125000 -0.554013
v -0.618719 -0.216506 -0.618718
v -0.707107 -0.250000 -0.707107
v -0.795495 -0.216506 -0.795495
v -0.991692 0.000000 -0.760952
v -0.965119 0.125000 -0.740562
v -0.793353 0.250000 -0.608761
v -0.694184 0.216506 -0.532666
v -0.621587 0.125000 -0.476961
v -0.595015 0.000000 -0.456571
v -0.621587 -0.125000 -0.476961
v -0.892522 -0.216506 -0.684857
v -0.965119 -0.125000 -0.740562
v -1.082532 0.000000 -0.625000
v -1.053525 0.125000 -0.608253
v -0.866025 0.250000 -0.500000
v -0.757772 0.216506 -0.437500
v -0.678525 0.125000 -0.391747
v -0.649519 0.000000 -0.375000
v -0.678525 -0.125000 -0.391747
v -0.757772 -0.216506 -0.437500
v -0.866025 -0.250000 -0.500000
v -0.974278 -0.216506 -0.562500
v -1.053525 -0.125000 -0.608253
v -1.154849 0.000000 -0.478354
v -1.123905 0.125000 -0.465537
v -1.039364 0.216506 -0.430519
v -0.923880 0.250000 -0.382683
v -0.808395 0.216506 -0.334848
v -0.723854 0.125000 -0.299830
v -0.692910 0.000000 -0.287013
v -0.723854 -0.125000 -0.299830
v -0.808395 -0.216506 -0.334848
v -0.923880 -0.250000 -0.382683
v -1.039364 -0.216506 -0.430519
v -1.123905 -0.125000 -0.465537
v -1.207407 0.000000 -0.323524
v -1.175055 0.125000 -0.314855
v -1.086667 0.216506 -0.291171
v -0.965926 0.250000 -0.258819
v -0.756797 0.125000 -0.202783
v -0.724444 0.000000 -0.194114
v -0.756797 -0.125000 -0.202783
v -0.965926 -0.250000 -0.258819
v -1.086667 -0.216506 -0.291171
v -1.175055 -0.125000 -0.314855
v -1.239306 0.000000 -0.163158
v -1.206099 0.125000 -0.158786
v -1.115375 0.216506 -0.146842
v -0.991445 0.250000 -0.130526
v -0.867514 0.216506 -0.114211
v -0.776791 0.125000 -0.102267
v -0.743584 0.000000 -0.097895
v -0.776791 -0.125000 -0.102267
v -0.867514 -0.216506 -0.114211
v -0.991445 -0.250000 -0.130526
v -1.115375 -0.216506 -0.146842
v -1.206099 -0.125000 -0.158786
v -1.250000 0.000000 -0.000000
v -1.216506 0.125000 -0.000000
v -1.125000 0.216506 -0.000000
v -1.000000 0.250000 -0.000000
v -0.875000 0.216506 -0.000000
v -0.783494 0.125000 -0.000000
v -0.750000 0.000000 -0.000000
v -0.783494 -0.125000 -0.000000
v -0.875000 -0.216506 -0.000000
v -1.000000 -0.250000 -0.000000
v -1.125000 -0.216506 -0.000000
v -1.239306 0.000000 0.163158
v -1.206099 0.125000 0.158786
v -1.115375 0.216506 0.146842
v -0.991445 0.250000 0.130526
v -0.867514 0.216506 0.114211
v -0.776791 0.125000 0.102267
v -0.743584 0.000000 0.097895
v -0.776791 -0.125000 0.102267
v -0.867514 -0.216506 0.114211
v -0.991445 -0.250000 0.130526
v -1.115375 -0.216506 0.146842
v -1.206099 -0.125000 0.158786
v -1.207407 0.000000 0.323524
v -1.175055 0.125000 0.314855
v -1.086667 0.216506 0.291171
v -0.965926 0.250000 0.258819
v -0.845185 0.216506 0.226467
v -0.756797 0.125000 0.202783
v -0.724444 0.000000 0.194114
v -0.756797 -0.125000 0.202783
v -0.845185 -0.216506 0.226467
v -0.965926 -0.250000 0.258819
v -1.086667 -0.216506 0.291171
v -1.175055 -0.125000 0.314855
v -1.154850 0.000000 0.478354
v -1.123906 0.125000 0.465536
v -1.039365 0.216506 0.430518
v -0.923880 0.250000 0.382683
v -0.808395 0.216506 0.334848
v -0.723854 0.125000 0.299830
v -0.692910 0.000000 0.287012
v -0.723854 -0.125000 0.299830
v -0.808395 -0.216506 0.334848
v -0.923880 -0.250000 0.382683
v -1.039365 -0.216506 0.430518
v -1.123906 -0.125000 0.465536
v -1.082532 0.000000 0.625000
v -1.053526 0.125000 0.608253
v -0.974279 0.216506 0.562500
v -0.866026 0.250000 0.500000
v -0.757772 0.216506 0.437500
v -0.678525 0.125000 0.391747
v -0.649519 0.000000 0.375000
v -0.678525 -0.125000 0.391747
v -0.757772 -0.216506 0.437500
v -0.866026 -0.250000 0.500000
v -0.974279 -0.216506 0.562500
v -1.053526 -0.125000 0.608253
v -0.991692 0.000000 0.760952
v -0.965119 0.125000 0.740562
v -0.892522 0.216506 0.684857
v -0.793353 0.250000 0.608761
v -0.694184 0.216506 0.532666
v -0.621587 0.125000 0.476961
v -0.595015 0.000000 0.456571
v -0.621587 -0.125000 0.476961
v -0.694184 -0.216506 0.532666
v -0.793353 -0.250000 0.608761
v -0.892522 -0.216506 0.684857
v -0.965119 -0.125000 0.740562
v -0.883884 0.000000 0.883883
v -0.860200 0.125000 0.860200
v -0.795495 0.216506 0.795495
v -0.707107 0.250000 0.707107
v -0.618719 0.216506 0.618718
v -0.554014 0.125000 0.554013
v -0.530330 0.000000 0.530330
v -0.554014 -0.125000 0.554013
v -0.618719 -0.216506 0.618718
v -0.707107 -0.250000 0.707107
v -0.795495 -0.216506 0.795495
v -0.860200 -0.125000 0.860200
v -0.760952 0.000000 0.991691
v -0.740563 0.125000 0.965119
v -0.684857 0.216506 0.892522
v -0.608762 0.250000 0.793353
v -0.532667 0.216506 0.694184
v -0.476961 0.125000 0.621587
v -0.684857 -0.216506 0.892522
v -0.740563 -0.125000 0.965119
v -0.625000 0.000000 1.082532
v -0.608253 0.125000 1.053526
v -0.562500 0.216506 0.974279
v -0.500000 0.250000 0.866026
v -0.437500 0.216506 0.757772
v -0.391747 0.125000 0.678525
v -0.375000 0.000000 0.649519
v -0.391747 -0.125000 0.678525
v -0.437500 -0.216506 0.757772
v -0.500000 -0.250000 0.866026
v -0.562500 -0.216506 0.974279
v -0.608253 -0.125000 1.053526
v -0.465537 0.125000 1.123905
v -0.430519 0.216506 1.039364
v -0.382684 0.250000 0.923880
v -0.334848 0.216506 0.808395
v -0.299830 0.125000 0.723854
v -0.287013 0.000000 0.692910
v -0.299830 -0.125000 0.723854
v -0.334848 -0.216506 0.808395
v -0.382684 -0.250000 0.923880
v -0.430519 -0.216506 1.039364
v -0.465537 -0.125000 1.123905
v -0.291172 0.216506 1.086666
v -0.258819 0.250000 0.965926
v -0.226467 0.216506 0.845185
v -0.202783 0.125000 0.756797
v -0.202783 -0.125000 0.756797
v -0.226467 -0.216506 0.845185
v -0.258819 -0.250000 0.965926
v -0.291172 -0.216506 1.086666
v -0.314855 -0.125000 1.175055
v -0.146843 0.216506 1.115375
v -0.130527 0.250000 0.991445
v -0.114211 0.216506 0.867514
v -0.102267 0.125000 0.776791
v -0.097895 0.000000 0.743584
v -0.102267 -0.125000 0.776791
v -0.114211 -0.216506 0.867514
v -0.130527 -0.250000 0.991445
v -0.146843 -0.216506 1.115375
v -0.158787 -0.125000 1.206099
v 0.000000 0.000000 1.250000
v 0.000000 0.125000 1.216506
v 0.000000 0.216506 1.125000
v 0.000000 0.250000 1.000000
v 0.000000 0.216506 0.875000
v 0.000000 0.125000 0.783494
v 0.000000 0.000000 0.750000
v 0.000000 -0.125000 0.783494
v 0.000000 -0.216506 0.875000
v 0.000000 -0.250000 1.000000
v 0.000000 -0.216506 1.125000
v 0.000000 -0.125000 1.216506
v 0.163158 0.000000 1.239306
v 0.158786 0.125000 1.206099
v 0.146842 0.216506 1.115376
v 0.130526 0.250000 0.991445
v 0.114210 0.216506 0.867514
v 0.102266 0.125000 0.776791
v 0.097895 0.000000 0.743584
v 0.102266 -0.125000 0.776791
v 0.114210 -0.216506 0.867514
v 0.130526 -0.250000 0.991445
v 0.146842 -0.216506 1.115376
v 0.158786 -0.125000 1.206099
v 0.323523 0.000000 1.207407
v 0.314854 0.125000 1.175055
v 0.258819 0.250000 0.965926
v 0.226466 0.216506 0.845185
v 0.202783 0.125000 0.756797
v 0.194114 0.000000 0.724444
v 0.202783 -0.125000 0.756797
v 0.226466 -0.216506 0.845185
v 0.258819 -0.250000 0.965926
v 0.291171 -0.216506 1.086667
v 0.314854 -0.125000 1.175055
v 0.478355 0.000000 1.154849
v 0.465537 0.125000 1.123905
v 0.382684 0.250000 0.923879
v 0.334848 0.216506 0.808394
v 0.299830 0.125000 0.723854
v 0.287013 0.000000 0.692910
v 0.299830 -0.125000 0.723854
v 0.334848 -0.216506 0.808394
v 0.382684 -0.250000 0.923879
v 0.430519 -0.216506 1.039364
v 0.465537 -0.125000 1.123905
v 0.625000 0.000000 1.082532
v 0.608253 0.125000 1.053525
v 0.500000 0.250000 0.866025
v 0.437500 0.216506 0.757772
v 0.391747 0.125000 0.678525
v 0.375000 0.000000 0.649519
v 0.391747 -0.125000 0.678525
v 0.437500 -0.216506 0.757772
v 0.500000 -0.250000 0.866025
v 0.562500 -0.216506 0.974279
v 0.608253 -0.125000 1.053525
v 0.760952 0.000000 0.991692
v 0.740562 0.125000 0.965120
v 0.608761 0.250000 0.793353
v 0.532666 0.216506 0.694184
v 0.476961 0.125000 0.621587
v 0.456571 0.000000 0.595015
v 0.476961 -0.125000 0.621587
v 0.532666 -0.216506 0.694184
v 0.608761 -0.250000 0.793353
v 0.684856 -0.216506 0.892523
v 0.740562 -0.125000 0.965120
v 0.883883 0.000000 0.883884
v 0.707106 0.250000 0.707107
v 0.618718 0.216506 0.618719
v 0.554013 0.125000 0.554014
v 0.530330 0.000000 0.530330
v 0.554013 -0.125000 0.554014
v 0.618718 -0.216506 0.618719
v 0.707106 -0.250000 0.707107
v 0.795495 -0.216506 0.795496
v 0.860199 -0.125000 0.860200
v 0.991692 0.000000 0.760952
v 0.965119 0.125000 0.740562
v 0.892523 0.216506 0.684856
v 0.793353 0.250000 0.608761
v 0.694184 0.216506 0.532666
v 0.621587 0.125000 0.476961
v 0.595015 0.000000 0.456571
v 0.621587 -0.125000 0.476961
v 0.694184 -0.216506 0.532666
v 0.793353 -0.250000 0.608761
v 1.082532 0.000000 0.625000
v 1.053525 0.125000 0.608253
v 0.974279 0.216506 0.562500
v 0.866025 0.250000 0.500000
v 0.757772 0.216506 0.437500
v 0.678525 0.125000 0.391747
v 0.649519 0.000000 0.375000
v 0.678525 -0.125000 0.391747
v 0.757772 -0.216506 0.437500
v 0.866025 -0.250000 0.500000
v 0.974279 -0.216506 0.562500
v 1.053525 -0.125000 0.608253
v 1.154849 0.000000 0.478355
v 1.123905 0.125000 0.465537
v 1.039364 0.216506 0.430519
v 0.923879 0.250000 0.382684
v 0.808394 0.216506 0.334848
v 0.723854 0.125000 0.299830
v 0.692910 0.000000 0.287013
v 0.723854 -0.125000 0.299830
v 0.808394 -0.216506 0.334848
v 0.923879 -0.250000 0.382684
v 1.039364 -0.216506 0.430519
v 1.123905 -0.125000 0.465537
v 1.207407 0.000000 0.323523
v 1.175055 0.125000 0.314855
v 1.086667 0.216506 0.291171
v 0.965926 0.250000 0.258819
v 0.845185 0.216506 0.226466
v 0.756797 0.125000 0.202783
v 0.724444 0.000000 0.194114
v 0.756797 -0.125000 0.202783
v 0.845185 -0.216506 0.226466
v 0.965926 -0.250000 0.258819
v 1.086667 -0.216506 0.291171
v 1.175055 -0.125000 0.314855
v 1.239306 0.000000 0.163158
v 1.206099 0.125000 0.158786
v 1.115376 0.216506 0.146842
v 0.991445 0.250000 0.130526
v 0.867514 0.216506 0.114210
v 0.743584 0.000000 0.097895
v 0.776791 -0.125000 0.102266
v 0.867514 -0.216506 0.114210
v 0.991445 -0.250000 0.130526
v 1.115376 -0.216506 0.146842
v 1.206099 -0.125000 0.158786
v 1.309783 0.000000 0.000000
v 1.265565 0.159139 -0.001336
v 1.298578 0.000000 -0.170961
v 1.254912 0.159139 -0.163865
v 1.167273 0.258779 0.000000
v 1.149806 0.265136 -0.151710
v 0.986693 0.309594 -0.130272
v 0.984527 0.307746 0.000000
v 0.845597 0.268559 0.000000
v 0.838362 0.268559 -0.110372
v 0.734760 0.159605 -0.001265
v 0.734879 0.167273 -0.096749
v 0.690217 0.000000 0.000000
v 0.685953 -0.015442 -0.094117
v 0.731966 -0.155126 0.003377
v 0.725263 -0.155126 -0.098889
v 0.845612 -0.268532 0.001926
v 0.838126 -0.268532 -0.112284
v 1.005876 -0.309493 0.000330
v 0.997228 -0.309493 -0.131620
v 1.150611 -0.270517 -0.000997
v 1.140898 -0.270517 -0.149196
v 1.268436 -0.154615 0.000592
v 1.257507 -0.154615 -0.166151
v 1.264574 -0.005317 -0.340188
v 1.222096 0.159139 -0.328843
v 1.116001 0.268001 -0.299032
v 0.966548 0.309780 -0.258986
v 0.821073 0.270932 -0.220945
v 0.707065 0.155173 -0.188986
v 0.669755 0.015442 -0.175550
v 0.716724 -0.167228 -0.189180
v 0.805113 -0.258734 -0.212864
v 0.980872 -0.307746 -0.262824
v 1.111147 -0.270517 -0.298763
v 1.227301 -0.149912 -0.329814
v 1.210082 0.000000 -0.501232
v 1.171884 0.154616 -0.485410
v 1.071617 0.265136 -0.443518
v 0.924491 0.309780 -0.382891
v 0.781554 0.268554 -0.322820
v 0.675999 0.155173 -0.280501
v 0.638220 0.015442 -0.268448
v 0.684799 -0.167273 -0.283653
v 0.769339 -0.258779 -0.318671
v 0.938561 -0.307738 -0.387667
v 1.068168 -0.267973 -0.440296
v 1.174462 -0.149912 -0.485475
v 1.136150 0.000000 -0.651442
v 1.100126 0.154568 -0.631234
v 1.012233 0.258734 -0.581217
v 0.719818 0.258734 -0.418783
v 0.640571 0.167228 -0.373030
v 0.601498 -0.015442 -0.342913
v 0.634059 -0.155173 -0.365548
v 0.731890 -0.268554 -0.423528
v 0.866562 -0.309780 -0.500359
v 0.999570 -0.267973 -0.579399
v 1.098794 -0.154615 -0.633705
v 1.035114 0.015442 -0.799032
v 1.004184 0.154568 -0.774821
v 0.915392 0.267973 -0.704912
v 0.793839 0.309780 -0.609187
v 0.672042 0.268532 -0.513248
v 0.589771 0.167228 -0.449058
v 0.549202 -0.015473 -0.421417
v 0.579265 -0.150426 -0.443252
v 0.675126 -0.270932 -0.516898
v 0.789814 -0.309594 -0.605581
v 0.917814 -0.267973 -0.701756
v 1.000306 -0.167228 -0.764073
v 0.925059 0.005317 -0.926899
v 0.896921 0.154616 -0.896921
v 0.816970 0.268001 -0.816970
v 0.707562 0.309780 -0.707562
v 0.600598 0.270932 -0.601881
v 0.517843 0.155173 -0.517199
v 0.489154 -0.005317 -0.487315
v 0.515069 -0.150426 -0.516453
v 0.600598 -0.270932 -0.601881
v 0.703492 -0.309594 -0.704012
v 0.805718 -0.274244 -0.807152
v 0.898280 -0.140442 -0.903622
v 0.797346 0.000000 -1.039121
v 0.772176 0.154616 -1.006320
v 0.706288 0.265136 -0.919906
v 0.609187 0.309780 -0.793839
v 0.522444 0.274244 -0.682528
v 0.438881 0.140442 -0.578165
v 0.417153 0.000000 -0.550068
v 0.445182 -0.155173 -0.580921
v 0.515435 -0.268554 -0.670348
v 0.612077 -0.309493 -0.798216
v 0.699656 -0.270517 -0.913448
v 0.772906 -0.149912 -1.008792
v 0.658214 0.000000 -1.132240
v 0.633939 0.159139 -1.095344
v 0.583636 0.258779 -1.010888
v 0.493143 0.307738 -0.852120
v 0.430643 0.274244 -0.743867
v 0.366203 0.140442 -0.626727
v 0.348559 0.000000 -0.595901
v 0.368476 -0.159605 -0.635689
v 0.416363 -0.258779 -0.721163
v 0.507737 -0.307746 -0.879425
v 0.577685 -0.268001 -1.000579
v 0.633939 -0.159139 -1.095344
v 0.484254 0.167228 -1.161859
v 0.443042 0.267994 -1.067045
v 0.381960 0.309770 -0.924876
v 0.327991 0.274244 -0.794489
v 0.277732 0.140473 -0.670503
v 0.264135 0.000000 -0.637677
v 0.280080 -0.155174 -0.676172
v 0.318671 -0.258779 -0.769339
v 0.389541 -0.307738 -0.937785
v 0.444133 -0.265136 -1.071362
v 0.481714 -0.167273 -1.162960
v 0.323111 0.167228 -1.216560
v 0.296837 0.270517 -1.111663
v 0.262824 0.307746 -0.980872
v 0.187837 0.140473 -0.701018
v 0.178641 0.000000 -0.666698
v 0.187836 -0.150426 -0.704796
v 0.218046 -0.268554 -0.817004
v 0.258945 -0.309780 -0.966559
v 0.299974 -0.267994 -1.115745
v 0.327723 -0.154615 -1.225368
v 0.334791 -0.015442 -1.264052
v 0.174425 -0.015442 -1.295951
v 0.164303 0.167273 -1.248011
v 0.150806 0.268001 -1.145485
v 0.131620 0.309493 -0.997228
v 0.112284 0.268532 -0.838126
v 0.096175 0.150426 -0.723028
v 0.090091 0.000000 -0.684312
v 0.094729 -0.140473 -0.719539
v 0.112191 -0.274252 -0.852174
v 0.130271 -0.309594 -0.986693
v 0.149866 -0.274244 -1.130582
v 0.170053 -0.140442 -1.262744
v 0.000000 0.167273 -1.258779
v 0.000333 0.265136 -1.159772
v 0.000368 0.309594 -0.995256
v 0.000000 0.268559 -0.845597
v -0.001265 0.159605 -0.734760
v -0.003910 0.000000 -0.690345
v -0.003777 -0.140442 -0.725863
v 0.000000 -0.274252 -0.859527
v -0.000368 -0.309594 -0.995256
v -0.001014 -0.274244 -1.140471
v -0.174821 0.000000 -1.297940
v -0.166514 0.159139 -1.254563
v -0.152360 0.258779 -1.157287
v -0.129512 0.307738 -0.975974
v -0.112284 0.268532 -0.838126
v -0.099499 0.167228 -0.734563
v -0.086627 -0.015442 -0.686939
v -0.090999 -0.140442 -0.720146
v -0.112191 -0.274252 -0.852174
v -0.130610 -0.309780 -0.992083
v -0.148862 -0.274252 -1.130716
v -0.170053 -0.140442 -1.262744
v -0.335187 0.000000 -1.266042
v -0.324992 0.154568 -1.226016
v -0.298087 0.267994 -1.116250
v -0.263803 0.307738 -0.980607
v -0.212864 0.258734 -0.805113
v -0.186184 0.155126 -0.707899
v -0.178641 0.000000 -0.666698
v -0.191516 -0.140442 -0.700152
v -0.222462 -0.274252 -0.830239
v -0.258986 -0.309780 -0.966548
v -0.295176 -0.274252 -1.101612
v -0.326122 -0.140442 -1.231700
v -0.484254 0.167228 -1.161860
v -0.443042 0.267994 -1.067045
v -0.381960 0.309771 -0.924876
v -0.321512 0.265702 -0.777153
v -0.282349 0.159605 -0.678346
v -0.264135 0.000000 -0.637677
v -0.274286 -0.140442 -0.672055
v -0.329864 -0.274244 -0.793713
v -0.382891 -0.309780 -0.924491
v -0.443042 -0.267994 -1.067045
v -0.484254 -0.167228 -1.161860
v -0.626970 0.167228 -1.091480
v -0.576837 0.267994 -1.001064
v -0.497946 0.309594 -0.861733
v -0.422798 0.268559 -0.732308
v -0.370610 0.167273 -0.641916
v -0.349456 -0.015442 -0.597721
v -0.366203 -0.140442 -0.626727
v -0.508613 -0.307738 -0.878917
v -0.580174 -0.265136 -1.004226
v -0.633939 -0.159139 -1.095344
v -0.657086 -0.015442 -1.130553
v -0.796105 -0.015473 -1.037505
v -0.694276 0.274252 -0.904798
v -0.612600 0.309493 -0.797814
v -0.512279 0.265702 -0.667014
v -0.451226 0.167273 -0.588050
v -0.617375 -0.307738 -0.806244
v -0.705761 -0.265136 -0.920311
v -0.772176 -0.154616 -1.006320
v -0.924716 -0.015473 -0.924716
v -0.892017 0.167228 -0.888102
v -0.814310 0.270517 -0.812899
v -0.718048 0.307746 -0.718048
v -0.590816 0.258734 -0.586902
v -0.517199 0.155173 -0.517843
v -0.486908 0.015442 -0.492250
v -0.522197 -0.167228 -0.526111
v -0.596576 -0.268532 -0.599300
v -0.707592 -0.309780 -0.707532
v -0.820318 -0.265136 -0.819847
v -0.896921 -0.154616 -0.896921
v -1.035114 -0.015442 -0.799032
v -0.998657 0.167273 -0.766296
v -0.916616 0.268001 -0.703344
v -0.805629 0.307746 -0.618181
v -0.658998 0.258734 -0.509155
v -0.580921 0.155173 -0.445182
v -0.551593 0.015442 -0.418491
v -0.588050 -0.167273 -0.451227
v -0.670857 -0.268559 -0.514767
v -0.793864 -0.309780 -0.609154
v -0.912234 -0.270517 -0.701239
v -1.004184 -0.154568 -0.774821
v -1.090135 0.167273 -0.629390
v -1.000579 0.268001 -0.577685
v -0.879425 0.307746 -0.507737
v -0.722586 0.258734 -0.413989
v -0.643339 0.167228 -0.368236
v -0.643339 -0.167228 -0.368236
v -0.733284 -0.268532 -0.421138
v -0.871279 -0.309493 -0.502653
v -0.996957 -0.270517 -0.574442
v -1.091479 -0.167228 -0.626970
v -1.162961 0.167273 -0.481714
v -1.071362 0.265136 -0.444133
v -0.924073 0.309771 -0.383900
v -0.780506 0.268532 -0.325381
v -0.674956 0.155126 -0.283232
v -0.638220 0.015442 -0.268448
v -0.683781 -0.167228 -0.286227
v -0.780506 -0.268532 -0.325381
v -0.924073 -0.309771 -0.383900
v -1.066645 -0.267973 -0.443972
v -1.161860 -0.167228 -0.484254
v -1.264052 0.015442 -0.334791
v -1.222788 0.159139 -0.326262
v -1.120340 0.265136 -0.299850
v -0.961439 0.309594 -0.257236
v -0.816784 0.268559 -0.218856
v -0.710051 0.159605 -0.188948
v -0.666698 0.000000 -0.178641
v -0.709396 -0.159605 -0.191392
v -0.816784 -0.268559 -0.218856
v -0.950980 -0.307746 -0.254814
v -1.128172 -0.258734 -0.299427
v -1.216560 -0.167228 -0.323111
v -1.298578 -0.000000 -0.170961
v -1.254563 0.159139 -0.166514
v -1.149806 0.265136 -0.151710
v -0.986693 0.309594 -0.130272
v -0.843125 0.270932 -0.110084
v -0.735286 0.167228 -0.094011
v -0.686332 -0.015473 -0.090357
v -0.723284 -0.150426 -0.094235
v -0.838629 -0.268532 -0.108465
v -0.976239 -0.307738 -0.127502
v -1.157287 -0.258779 -0.152360
v -1.254912 -0.159139 -0.163865
v -1.309532 -0.005317 0.001301
v -1.268436 0.154615 0.000592
v -1.155365 0.267994 -0.000977
v -0.995256 0.309594 0.000368
v -0.850281 0.270932 -0.000908
v -0.741266 0.167228 -0.002768
v -0.692369 -0.015442 0.003777
v -0.725863 -0.140442 0.003777
v -1.015471 -0.307738 0.001014
v -1.159772 -0.265136 0.000332
v -1.268438 -0.154616 -0.000000
v -1.298499 0.005317 0.169639
v -1.263351 0.140473 0.166323
v -1.130716 0.274252 0.148862
v -0.997228 0.309493 0.131620
v -0.833791 0.265702 0.110139
v -0.734879 0.167273 0.096749
v -0.735286 -0.167228 0.094011
v -0.826009 -0.258734 0.105955
v -1.006916 -0.307738 0.131540
v -1.145728 -0.267973 0.148832
v -1.257947 -0.154568 0.162184
v -1.264052 0.015442 0.334791
v -1.225368 0.154615 0.327723
v -1.115745 0.267994 0.299974
v -0.981132 0.307738 0.261844
v -0.803680 0.258734 0.218211
v -0.707065 0.155173 0.188985
v -0.669755 0.015442 0.175550
v -0.715292 -0.167228 0.194527
v -0.803680 -0.258734 0.218211
v -1.163978 0.167228 0.479139
v -1.079437 0.258734 0.444121
v -0.909975 0.307738 0.375826
v -0.794490 0.274244 0.327990
v -0.669164 0.140442 0.281265
v -0.638220 0.015442 0.268448
v -0.937785 -0.307738 0.389540
v -1.066646 -0.267973 0.443972
v -1.170506 -0.154568 0.488517
v -1.206648 -0.015442 0.503898
v -1.134330 -0.015442 0.650544
v -0.852625 0.307746 0.492263
v -0.744372 0.274252 0.429763
v -0.601498 -0.015442 0.342913
v -0.630504 -0.140442 0.359660
v -0.744881 -0.274244 0.428886
v -0.867108 -0.309771 0.499413
v -1.001560 -0.267973 0.575953
v -1.100126 -0.154568 0.631234
v -0.996936 0.167228 0.768465
v -0.924339 0.258734 0.712759
v -0.780462 0.307738 0.600148
v -0.681293 0.274244 0.524053
v -0.546994 -0.015442 0.424484
v -0.573566 -0.140442 0.444874
v -0.681909 -0.274252 0.523247
v -0.781078 -0.307746 0.599342
v -0.892017 0.167228 0.888102
v -0.827312 0.258734 0.823397
v -0.696884 0.307738 0.695450
v -0.599300 0.268532 0.596576
v -0.519966 0.155126 0.515190
v -0.490912 0.000000 0.485383
v -0.519966 -0.155126 0.515190
v -0.601881 -0.270932 0.600597
v -0.703492 -0.309594 0.704012
v -0.815551 -0.267973 0.818364
v -0.894459 -0.154568 0.899265
v -0.921964 -0.015442 0.927305
v -0.799032 -0.015442 1.035113
v -0.599342 0.307746 0.781077
v -0.516899 0.270932 0.675125
v -0.443252 0.150426 0.579264
v -0.420178 -0.000000 0.547586
v -0.445543 -0.155174 0.580642
v -0.514767 -0.268559 0.670857
v -0.609154 -0.309780 0.793864
v -0.701239 -0.270517 0.912234
v -0.774822 -0.154568 1.004184
v -0.651441 0.000000 1.136150
v -0.633797 0.140442 1.105324
v -0.491386 0.307738 0.853134
v -0.423527 0.268554 0.731891
v -0.365548 0.155173 0.634059
v -0.344107 -0.005317 0.598613
v -0.363850 -0.150426 0.632165
v -0.421138 -0.268532 0.733285
v -0.502652 -0.309493 0.871279
v -0.574442 -0.270517 0.996957
v -0.631234 -0.154568 1.100126
v -0.501232 0.000000 1.210082
v -0.485475 0.149912 1.174461
v -0.440296 0.267973 1.068168
v -0.387667 0.307738 0.938561
v -0.316131 0.258734 0.770440
v -0.280502 0.155173 0.675999
v -0.265432 -0.005317 0.637411
v -0.277732 -0.140473 0.670503
v -0.388605 -0.307746 0.938175
v -0.441241 -0.270517 1.062644
v -0.487187 -0.149912 1.173752
v -0.338997 0.000000 1.265153
v -0.328296 0.154616 1.225217
v -0.300493 0.265136 1.120167
v -0.260000 0.309771 0.966276
v -0.220721 0.268532 0.816300
v -0.189727 0.150426 0.704289
v -0.178641 0.000000 0.666698
v -0.189727 -0.150426 0.704289
v -0.218211 -0.258734 0.803680
v -0.263803 -0.307738 0.980607
v -0.296155 -0.274244 1.101348
v -0.329801 -0.140473 1.230833
v -0.170962 0.000000 1.298578
v -0.165565 0.154616 1.257586
v -0.151052 0.265136 1.149893
v -0.129570 0.309770 0.992220
v -0.109415 0.265702 0.833886
v -0.094652 0.159605 0.728639
v -0.086232 0.000000 0.684949
v -0.092193 -0.155126 0.726145
v -0.105955 -0.258734 0.826009
v -0.131541 -0.307738 1.006916
v -0.148832 -0.267973 1.145728
v -0.164960 -0.149912 1.260093
v -0.001301 0.005317 1.309532
v -0.000927 0.149912 1.270844
v -0.001989 0.267973 1.155353
v -0.001014 0.307738 1.015471
v 0.002768 0.258734 0.832772
v -0.000456 0.155173 0.731885
v -0.003777 0.015442 0.692369
v -0.002768 -0.167228 0.741266
v -0.002768 -0.258734 0.832772
v -0.001014 -0.307738 1.015471
v -0.000332 -0.265136 1.159772
v -0.001336 -0.159139 1.265565
v 0.166935 0.015442 1.296937
v 0.164977 0.154615 1.257661
v 0.152776 0.267973 1.145209
v 0.130652 0.309780 0.992078
v 0.111186 0.274244 0.852308
v 0.098489 0.140442 0.719160
v 0.090091 -0.000000 0.684312
v 0.095078 -0.155173 0.725683
v 0.111442 -0.258734 0.825287
v 0.133551 -0.307738 1.006651
v 0.149837 -0.267994 1.145609
v 0.161553 -0.167228 1.248327
v 0.325796 0.167273 1.215888
v 0.299031 0.268001 1.116001
v 0.260658 0.309493 0.971516
v 0.223442 0.274244 0.829979
v 0.184218 0.140442 0.702107
v 0.178641 0.000000 0.666698
v 0.189866 -0.155173 0.706829
v 0.217000 -0.268532 0.817297
v 0.257971 -0.309770 0.966820
v 0.294196 -0.274244 1.101873
v 0.342088 -0.015442 1.262097
v 0.333419 -0.140442 1.229744
v 0.502338 -0.005317 1.209352
v 0.485545 0.159139 1.168718
v 0.442141 0.268001 1.067422
v 0.388605 0.307746 0.938175
v 0.316131 0.258734 0.770440
v 0.280502 0.155173 0.675999
v 0.268448 0.015442 0.638220
v 0.286227 -0.167228 0.683781
v 0.325381 -0.268532 0.780506
v 0.383900 -0.309770 0.924073
v 0.437376 -0.274244 1.053270
v 0.487636 -0.140473 1.177256
v 0.653640 -0.005317 1.134738
v 0.631626 0.159139 1.096679
v 0.577685 0.268001 1.000579
v 0.507737 0.307746 0.879425
v 0.418783 0.258734 0.719818
v 0.365548 0.155173 0.634059
v 0.342913 0.015442 0.601498
v 0.428886 -0.274244 0.744881
v 0.499413 -0.309770 0.867108
v 0.578529 -0.267994 1.000087
v 0.636225 -0.149912 1.100120
v 0.797345 -0.000000 1.039121
v 0.771487 0.159139 1.003227
v 0.703344 0.268001 0.916616
v 0.618181 0.307746 0.805629
v 0.444874 0.140442 0.573566
v 0.420177 0.000000 0.547586
v 0.438880 -0.140442 0.578165
v 0.523247 -0.274252 0.681909
v 0.599342 -0.307746 0.781078
v 0.710591 -0.258779 0.926060
v 0.769367 -0.159139 1.004854
v 0.926898 0.005317 0.925060
v 0.896921 0.154616 0.896922
v 0.816969 0.268001 0.816970
v 0.718047 0.307746 0.718048
v 0.586901 0.258734 0.590816
v 0.522197 0.167228 0.526112
v 0.492250 -0.015442 0.486908
v 0.517843 -0.155173 0.517199
v 0.600597 -0.270932 0.601881
v 0.704012 -0.309594 0.703493
v 0.820317 -0.265136 0.819848
v 0.895834 -0.159139 0.893946
v 1.038130 -0.005317 0.798224
v 1.004184 0.154568 0.774821
v 0.915392 0.267973 0.704912
v 0.793225 0.309770 0.609986
v 0.667014 0.265702 0.512279
v 0.582154 0.159605 0.448297
v 0.545307 0.000000 0.423357
v 0.580366 -0.155173 0.445905
v 0.672042 -0.268532 0.513248
v 0.798216 -0.309493 0.612077
v 0.916616 -0.268001 0.703344
v 1.006320 -0.154616 0.772176
v 1.134305 0.000000 0.654892
v 1.105324 0.140442 0.633797
v 0.853134 0.307738 0.491387
v 0.728539 0.265702 0.420200
v 0.636953 0.159605 0.366285
v 0.598613 -0.005317 0.344108
v 0.631186 -0.150426 0.365546
v 0.731358 -0.268532 0.424474
v 0.870949 -0.309493 0.503224
v 0.995960 -0.270517 0.576169
v 1.096728 -0.154568 0.637120
v 1.206648 0.015442 0.503899
v 1.171655 0.154615 0.485957
v 1.079437 0.258734 0.444122
v 0.909198 0.307738 0.377700
v 0.781554 0.268554 0.322821
v 0.675999 0.155173 0.280502
v 0.637677 -0.000000 0.264135
v 0.679314 -0.159605 0.280012
v 0.777153 -0.265702 0.321512
v 0.924458 -0.309780 0.382969
v 1.053269 -0.274244 0.437377
v 1.266042 0.000000 0.335187
v 1.222788 0.159139 0.326262
v 1.120340 0.265136 0.299850
v 0.966820 0.309770 0.257972
v 0.816569 0.268554 0.219669
v 0.704289 0.150426 0.189727
v 0.666604 0.005317 0.179962
v 0.706829 -0.155173 0.189866
v 0.805113 -0.258734 0.212864
v 1.231700 -0.140442 0.326122
v 1.298159 -0.005317 0.172218
v 1.254564 0.159139 0.166514
v 1.149806 0.265136 0.151710
v 0.991946 0.309771 0.131651
v 0.833791 0.265702 0.110139
v 0.725622 0.155174 0.095530
v 0.684731 0.005317 0.088835
v 0.720146 -0.140442 0.090999
v 1.006916 -0.307738 0.131540
v 1.130846 -0.274244 0.147856
v 1.263351 -0.140473 0.166323
vn 0.5226 -0.0060 -0.8526
vn -0.5311 -0.7079 -0.4657
vn 0.2588 0.9658 -0.0170
vn 0.1759 0.2577 -0.9501
vn 0.4954 0.8681 -0.0325
vn -0.9640 0.2583 0.0632
vn 0.9994 0.0296 0.0154
vn -0.1273 -0.0170 -0.9917
vn 0.0834 0.9658 -0.2456
vn -0.1942 0.9661 -0.1703
vn -0.0073 0.0073 0.9999
vn 0.9640 -0.2583 -0.0632
vn 0.9475 0.2583 -0.1885
vn -0.8274 -0.0984 -0.5529
vn 0.9998 0.0177 0.0089
vn -0.4898 0.0067 0.8718
vn 0.2446 -0.9661 -0.0830
vn -0.9475 0.2583 0.1885
vn -0.9475 -0.2583 0.1885
vn -0.6943 -0.7063 0.1381
vn -0.2544 -0.9658 0.0506
vn 0.3255 -0.0164 0.9454
vn 0.6943 -0.7063 -0.1381
vn -0.4792 0.0236 0.8774
vn -0.4149 0.2548 0.8735
vn 0.5368 -0.5806 0.6122
vn -0.4785 0.8629 0.1624
vn 0.3546 -0.9045 0.2370
vn -0.6703 0.7063 0.2275
vn 0.7049 -0.0046 -0.7093
vn -0.9148 -0.2583 0.3105
vn -0.1219 0.0321 -0.9920
vn -0.2456 -0.9658 0.0834
vn 0.2440 -0.5046 -0.8282
vn 0.0506 -0.9658 -0.2544
vn 0.0117 0.0067 0.9999
vn 0.9717 0.0074 0.2361
vn 0.6982 -0.0006 -0.7159
vn 0.2326 0.9658 -0.1147
vn -0.2326 0.9658 0.1147
vn -0.3867 -0.0164 -0.9221
vn -0.8664 0.2583 0.4273
vn -0.8664 -0.2583 0.4273
vn -0.9924 -0.0177 -0.1217
vn -0.2326 -0.9658 0.1147
vn 0.2326 -0.9658 -0.1147
vn 0.6349 -0.7063 -0.3131
vn 0.5189 -0.0057 -0.8548
vn 0.8033 0.2583 -0.5367
vn 0.5886 0.7063 -0.3933
vn 0.2156 0.9658 -0.1441
vn -0.2156 0.9658 0.1441
vn -0.5886 0.7063 0.3933
vn -0.8033 0.2583 0.5367
vn -0.0894 0.0413 -0.9951
vn -0.5886 -0.7063 0.3933
vn 0.6866 0.0210 -0.7268
vn -0.9929 -0.0296 -0.1152
vn 0.0318 0.0191 0.9993
vn 0.8033 -0.2583 -0.5367
vn 0.6689 0.7079 -0.2270
vn 0.3520 0.0327 0.9354
vn -0.0698 0.0164 -0.9974
vn 0.5037 -0.0164 -0.8637
vn 0.3131 0.7063 -0.6349
vn -0.7263 0.2583 0.6370
vn -0.4425 -0.8609 0.2511
vn -0.1378 -0.7079 0.6928
vn 0.0456 0.0340 0.9984
vn 0.1950 -0.9658 -0.1710
vn 0.5322 -0.7063 -0.4667
vn 0.7263 -0.2583 -0.6370
vn 0.8925 -0.0073 0.4510
vn 0.6625 -0.0164 -0.7488
vn 0.9841 0.0368 0.1738
vn -0.0000 1.0000 -0.0000
vn -0.4667 0.7063 0.5322
vn 0.3335 -0.8627 0.3802
vn -0.9221 -0.0164 -0.3867
vn -0.4667 -0.7063 0.5322
vn -0.7295 -0.0327 0.6832
vn 0.9806 0.0175 0.1951
vn 0.4667 -0.7063 -0.5322
vn 0.0170 -0.0127 -0.9998
vn -0.4277 -0.2583 0.8662
vn -0.5431 0.5671 -0.6193
vn 0.1441 0.9658 -0.2156
vn -0.1441 0.9658 0.2156
vn -0.3933 0.7063 0.5886
vn -0.5367 0.2583 0.8033
vn -0.5367 -0.2583 0.8033
vn -0.7127 -0.6992 -0.0570
vn -0.1441 -0.9658 0.2156
vn 0.9868 0.0078 0.1617
vn -0.4461 0.0164 0.8948
vn 0.3131 -0.7063 -0.6349
vn 0.4273 0.2583 -0.8664
vn 0.5804 0.2564 0.7729
vn 0.1147 0.9658 -0.2326
vn -0.3131 0.7063 0.6349
vn -0.6370 -0.2583 -0.7263
vn 0.6903 0.0074 -0.7234
vn 0.9907 -0.0176 0.1352
vn -0.1147 -0.9658 0.2326
vn -0.6928 -0.7079 0.1378
vn -0.1951 -0.0096 0.9807
vn 0.4273 -0.2583 -0.8664
vn 0.3105 0.2583 -0.9148
vn 0.2275 0.7063 -0.6703
vn 0.9640 0.2583 -0.0632
vn -0.0834 0.9658 0.2456
vn -0.2275 0.7063 0.6703
vn 0.2269 0.0327 0.9734
vn -0.9919 0.0175 -0.1259
vn 0.1322 0.0063 0.9912
vn -0.0834 -0.9658 0.2456
vn 0.0834 -0.9658 -0.2456
vn 0.1148 0.9661 -0.2314
vn 0.3105 -0.2583 -0.9148
vn 0.1885 0.2583 -0.9475
vn -0.1710 0.9658 -0.1950
vn 0.6928 0.7079 -0.1378
vn -0.0506 0.9658 0.2544
vn -0.1381 0.7063 0.6943
vn 0.1588 0.5806 -0.7986
vn -0.8125 0.5806 0.0533
vn -0.1381 -0.7063 0.6943
vn 0.6153 0.0321 -0.7877
vn -0.4272 -0.2593 0.8662
vn 0.1381 -0.7063 -0.6943
vn -0.9221 -0.0176 -0.3865
vn 0.0632 0.2583 -0.9640
vn -0.3173 -0.0164 -0.9482
vn 0.6043 -0.0056 -0.7967
vn 0.4272 0.2593 -0.8662
vn 0.4960 -0.8627 -0.0987
vn -0.3802 0.8627 -0.3335
vn 0.9255 0.0175 0.3783
vn -0.0463 -0.7063 0.7063
vn -0.7959 -0.0164 0.6052
vn 0.0170 -0.9658 -0.2588
vn 0.0463 -0.7063 -0.7063
vn 0.0632 -0.2583 -0.9640
vn -0.0632 0.2583 -0.9640
vn 0.2269 -0.0327 0.9734
vn -0.0170 0.9658 -0.2588
vn -0.1305 -0.0000 -0.9914
vn -0.5936 -0.0172 0.8046
vn 0.0632 0.2583 0.9640
vn 0.0632 -0.2583 0.9640
vn 0.0463 -0.7063 0.7063
vn -0.3810 0.5080 0.7725
vn 0.5366 -0.2593 0.8030
vn -0.0463 -0.7063 -0.7063
vn -0.0632 -0.2583 -0.9640
vn -0.8078 0.5671 0.1607
vn 0.1894 -0.9087 -0.3719
vn -0.0506 0.9658 -0.2544
vn 0.0506 0.9658 0.2544
vn 0.1381 0.7063 0.6943
vn 0.1885 0.2583 0.9475
vn -0.0000 -1.0000 -0.0000
vn 0.1381 -0.7063 0.6943
vn -0.9104 0.0327 -0.4125
vn 0.0179 0.0134 0.9998
vn -0.1381 -0.7063 -0.6943
vn -0.5555 -0.0175 0.8313
vn -0.3105 0.2583 -0.9148
vn -0.2275 0.7063 -0.6703
vn 0.1978 -0.8153 -0.5442
vn 0.0834 0.9658 0.2456
vn 0.9472 0.2593 -0.1884
vn -0.3104 0.2593 0.9145
vn 0.3105 -0.2583 0.9148
vn 0.2275 -0.7063 0.6703
vn -0.4364 -0.8143 -0.3827
vn 0.2750 -0.0091 0.9614
vn -0.2275 -0.7063 -0.6703
vn -0.3105 -0.2583 -0.9148
vn -0.4273 0.2583 -0.8664
vn 0.9647 -0.0164 0.2630
vn -0.1147 0.9658 -0.2326
vn 0.3110 -0.2583 -0.9146
vn 0.4273 0.2583 0.8664
vn 0.4646 0.7045 0.5364
vn 0.3131 -0.7063 0.6349
vn 0.1147 -0.9658 0.2326
vn -0.1147 -0.9658 -0.2326
vn -0.8494 0.0072 -0.5277
vn -0.4273 -0.2583 -0.8664
vn -0.5367 0.2583 -0.8033
vn -0.3933 0.7063 -0.5886
vn -0.2703 0.0119 -0.9627
vn -0.6102 -0.0087 0.7922
vn 0.4864 0.8684 -0.0967
vn 0.5367 0.2583 0.8033
vn 0.5367 -0.2583 0.8033
vn 0.3933 -0.7063 0.5886
vn 0.1441 -0.9658 0.2156
vn -0.7518 0.0119 -0.6593
vn 0.1994 0.0164 0.9798
vn -0.9734 0.0327 -0.2269
vn -0.6370 0.2583 -0.7263
vn -0.4667 0.7063 -0.5322
vn 0.6197 0.0302 -0.7842
vn 0.1710 0.9658 0.1950
vn 0.6370 0.2583 0.7263
vn 0.6370 -0.2583 0.7263
vn 0.4667 -0.7063 0.5322
vn 0.1710 -0.9658 0.1950
vn -0.1710 -0.9658 -0.1950
vn -0.0807 -0.9937 0.0778
vn -0.1371 -0.9045 0.4039
vn -0.7263 0.2583 -0.6370
vn 0.0740 -0.0152 0.9971
vn 0.6444 0.0337 -0.7639
vn 0.1950 0.9658 0.1710
vn 0.5322 0.7063 0.4667
vn -0.5529 -0.0984 0.8274
vn 0.7263 -0.2583 0.6370
vn -0.7944 -0.0057 0.6074
vn 0.1064 -0.0243 0.9940
vn 0.6272 0.0192 -0.7787
vn 0.3933 -0.7063 -0.5886
vn -0.1102 0.8602 0.4979
vn -0.8033 0.2583 -0.5367
vn 0.1262 -0.0164 0.9919
vn -0.9683 -0.0177 -0.2493
vn 0.2156 0.9658 0.1441
vn -0.6911 -0.0062 0.7228
vn 0.8033 0.2583 0.5367
vn 0.8033 -0.2583 0.5367
vn -0.3255 0.8631 0.3861
vn -0.5651 -0.4991 -0.6569
vn 0.9637 -0.2593 -0.0632
vn -0.5886 -0.7063 -0.3933
vn -0.8033 -0.2583 -0.5367
vn -0.8664 0.2583 -0.4273
vn 0.3776 0.8198 0.4306
vn 0.8813 -0.0078 0.4725
vn 0.2326 0.9658 0.1147
vn 0.6349 0.7063 0.3131
vn 0.8664 0.2583 0.4273
vn 0.8664 -0.2583 0.4273
vn 0.6349 -0.7063 0.3131
vn 0.2326 -0.9658 0.1147
vn -0.9676 -0.0321 -0.2504
vn 0.3214 0.0119 -0.9469
vn -0.8664 -0.2583 -0.4273
vn -0.9148 0.2583 -0.3105
vn -0.5154 -0.7028 -0.4904
vn -0.2456 0.9658 -0.0834
vn 0.8968 -0.0156 0.4422
vn -0.1628 0.0327 -0.9861
vn 0.9664 0.0084 0.2567
vn 0.9148 -0.2583 0.3105
vn -0.7061 -0.0059 0.7081
vn -0.1444 0.9658 -0.2154
vn -0.2456 -0.9658 -0.0834
vn -0.6703 -0.7063 -0.2275
vn -0.9148 -0.2583 -0.3105
vn 0.5927 -0.0794 0.8015
vn 0.8338 -0.0164 -0.5519
vn -0.1978 0.8153 -0.5442
vn -0.7004 0.2559 -0.6663
vn 0.8681 -0.0164 0.4961
vn 0.9475 0.2583 0.1885
vn -0.7047 0.0152 0.7094
vn 0.3810 -0.5080 0.7725
vn 0.7063 -0.7063 -0.0463
vn -0.2544 -0.9658 -0.0506
vn 0.3332 -0.8629 0.3799
vn -0.9475 -0.2583 -0.1885
vn -0.9640 0.2583 -0.0632
vn 0.8671 -0.0084 -0.4980
vn -0.2588 0.9658 -0.0170
vn 0.7488 0.0164 -0.6625
vn 0.7063 0.7063 0.0463
vn 0.9640 0.2583 0.0632
vn -0.4470 0.7028 0.5535
vn 0.7063 -0.7063 0.0463
vn 0.2588 -0.9658 0.0170
vn -0.2588 -0.9658 -0.0170
vn 0.1288 -0.0057 0.9917
vn 0.9189 -0.0125 0.3942
vn -0.7063 0.7063 0.0463
vn -0.8313 0.0175 -0.5555
vn -0.6832 -0.0327 0.7295
vn -0.1142 -0.9661 -0.2317
vn 0.2588 -0.9658 -0.0170
vn -0.8515 -0.4991 0.1609
vn 0.4401 -0.0984 -0.8925
vn -0.8948 0.0164 0.4461
vn -0.1703 -0.9661 0.1942
vn -0.6943 0.7063 0.1381
vn 0.2544 0.9658 -0.0506
vn 0.2692 0.9603 0.0737
vn 0.9475 -0.2583 -0.1885
vn 0.2544 -0.9658 -0.0506
vn -0.9148 0.2583 0.3105
vn 0.8003 -0.0121 0.5995
vn -0.2456 0.9658 0.0834
vn 0.2456 0.9658 -0.0834
vn 0.6703 0.7063 -0.2275
vn 0.6488 0.4229 -0.6326
vn 0.9148 -0.2583 -0.3105
vn 0.6703 -0.7063 -0.2275
vn 0.2456 -0.9658 -0.0834
vn -0.6703 -0.7063 0.2275
vn -0.6349 0.7063 0.3131
vn 0.2200 -0.6992 0.6803
vn 0.6349 0.7063 -0.3131
vn 0.8664 0.2583 -0.4273
vn 0.8664 -0.2583 -0.4273
vn -0.0110 -0.9616 0.2743
vn 0.0395 0.9960 -0.0801
vn -0.7956 -0.0140 -0.6057
vn -0.9320 -0.0004 -0.3624
vn -0.5646 0.4097 0.7165
vn 0.5886 -0.7063 -0.3933
vn -0.4781 -0.0089 -0.8783
vn -0.2156 -0.9658 0.1441
vn -0.8033 -0.2583 0.5367
vn 0.7112 -0.7028 -0.0177
vn -0.1950 0.9658 0.1710
vn 0.1950 0.9658 -0.1710
vn 0.5322 0.7063 -0.4667
vn 0.7263 0.2583 -0.6370
vn 0.2237 -0.8627 -0.4536
vn -0.1950 -0.9658 0.1710
vn -0.5322 -0.7063 0.4667
vn -0.7263 -0.2583 0.6370
vn -0.6370 0.2583 0.7263
vn -0.1710 0.9658 0.1950
vn 0.7951 0.0144 0.6063
vn 0.8695 0.0056 -0.4940
vn 0.0022 -0.0084 -1.0000
vn 0.9104 -0.0327 0.4125
vn 0.8041 -0.0134 -0.5944
vn 0.3761 -0.8602 -0.3444
vn 0.3810 0.5080 0.7725
vn -0.3851 0.4917 0.7809
vn -0.7517 0.0175 -0.6592
vn 0.3933 0.7063 -0.5886
vn -0.8815 0.0327 0.4711
vn -0.3124 -0.7079 -0.6335
vn -0.4786 -0.5080 -0.7162
vn -0.7546 -0.0164 -0.6560
vn -0.9254 0.0164 -0.3786
vn -0.3933 -0.7063 0.5886
vn 0.3332 0.8629 -0.3799
vn -0.1147 0.9658 0.2326
vn -0.2633 -0.9604 0.0909
vn 0.1147 -0.9658 -0.2326
vn -0.0610 0.0164 0.9980
vn -0.9326 0.0243 -0.3600
vn -0.6990 -0.2584 0.6668
vn 0.2588 0.9658 0.0170
vn 0.1273 0.9087 -0.3976
vn -0.5361 0.2593 -0.8033
vn -0.7889 0.0006 -0.6146
vn 0.9104 -0.0327 -0.4125
vn 0.2275 -0.7063 -0.6703
vn -0.1772 0.4991 -0.8482
vn -0.2275 -0.7063 0.6703
vn -0.7914 0.0046 -0.6112
vn -0.9240 -0.0007 0.3825
vn -0.0327 -0.0327 -0.9989
vn -0.8968 -0.0142 -0.4422
vn -0.7546 0.0164 0.6560
vn 0.9092 -0.4120 0.0596
vn -0.9254 0.0164 0.3786
vn -0.0506 -0.9658 0.2544
vn -0.8854 -0.0417 -0.4630
vn 0.8289 -0.0164 -0.5591
vn 0.3105 0.2583 0.9148
vn -0.9947 0.0796 -0.0652
vn 0.0170 0.9658 -0.2588
vn -0.5024 0.4268 0.7519
vn 0.2807 0.8629 0.4201
vn 0.0069 0.0056 -1.0000
vn 0.8595 0.5080 0.0563
vn 0.7236 -0.0228 0.6898
vn 0.0463 0.7063 0.7063
vn 0.0170 0.9658 0.2588
vn -0.0463 0.7063 -0.7063
vn 0.8987 0.0164 -0.4383
vn 0.0123 0.0016 0.9999
vn -0.0170 -0.9658 -0.2588
vn 0.0170 -0.9658 0.2588
vn 0.8612 0.0321 0.5072
vn -0.5671 -0.8207 -0.0693
vn -0.1381 0.7063 -0.6943
vn -0.1885 0.2583 -0.9475
vn -0.9302 -0.0127 0.3669
vn -0.0506 -0.9658 -0.2544
vn -0.0099 0.0027 -0.9999
vn 0.1885 -0.2583 0.9475
vn 0.8610 0.0177 0.5084
vn -0.0884 0.9958 0.0251
vn -0.0834 0.9658 -0.2456
vn 0.7101 -0.0164 0.7039
vn 0.1305 -0.0000 -0.9914
vn 0.7495 -0.0796 -0.6573
vn 0.0834 -0.9658 0.2456
vn -0.1342 0.7045 -0.6969
vn -0.5521 0.8153 -0.1744
vn 0.3182 -0.8198 0.4762
vn 0.9246 -0.0087 -0.3809
vn 0.8622 -0.0020 0.5066
vn -0.3131 -0.7063 -0.6349
vn -0.7822 0.0134 0.6228
vn 0.3214 0.0119 0.9469
vn 0.6928 -0.7079 0.1378
vn -0.2370 0.9045 0.3546
vn -0.1441 0.9658 -0.2156
vn -0.5367 -0.2583 -0.8033
vn -0.3933 -0.7063 -0.5886
vn -0.6983 0.0123 -0.7157
vn -0.9177 -0.0097 0.3971
vn -0.8632 0.0056 -0.5048
vn -0.2772 -0.5064 -0.8165
vn -0.9473 -0.2593 -0.1879
vn 0.4842 -0.4903 -0.7247
vn -0.4667 -0.7063 -0.5322
vn 0.9149 0.0056 -0.4036
vn -0.1450 0.0287 0.9890
vn 0.8637 -0.0164 0.5037
vn -0.8601 -0.0118 0.5100
vn -0.1237 0.9576 0.2603
vn -0.1950 0.9658 -0.1710
vn -0.7263 -0.2583 -0.6370
vn 0.2861 0.4991 0.8180
vn 0.7224 -0.0004 0.6915
vn -0.1402 0.0177 0.9900
vn 0.8682 -0.0175 -0.4959
vn -0.3802 -0.8627 0.3335
vn 0.5886 0.7063 0.3933
vn -0.4423 -0.0119 -0.8968
vn -0.7047 -0.0152 -0.7094
vn -0.9798 -0.0164 0.1994
vn -0.8638 0.0176 0.5035
vn -0.2156 -0.9658 -0.1441
vn 0.0504 -0.9661 0.2533
vn -0.8948 0.0164 -0.4461
vn -0.2326 0.9658 -0.1147
vn 0.6699 -0.7044 0.2346
vn -0.1533 -0.0062 0.9882
vn 0.7568 -0.0136 0.6535
vn 0.7771 -0.0060 0.6294
vn -0.8338 -0.0164 0.5519
vn 0.9148 0.2583 0.3105
vn 0.2456 0.9658 0.0834
vn -0.2237 -0.8627 -0.4536
vn -0.6703 0.7063 -0.2275
vn -0.1319 0.0059 0.9912
vn 0.8815 -0.0327 -0.4711
vn 0.2456 -0.9658 0.0834
vn 0.6703 -0.7063 0.2275
vn 0.1942 -0.9661 -0.1703
vn -0.0504 -0.9661 -0.2533
vn 0.3124 0.7079 0.6335
vn -0.2544 0.9658 -0.0506
vn -0.9656 0.0269 0.2587
vn 0.5873 0.7079 -0.3924
vn 0.2081 0.9534 0.2185
vn -0.6943 -0.7063 -0.1381
vn 0.2544 -0.9658 0.0506
vn 0.6943 -0.7063 0.1381
vn -0.5856 -0.0217 -0.8103
vn 0.9659 -0.0000 -0.2588
vn -0.1305 -0.0000 0.9914
vn -0.2533 -0.9661 -0.0504
vn -0.9640 -0.2583 -0.0632
vn -0.7063 -0.7063 -0.0463
vn -0.5992 -0.0071 -0.8006
vn 0.9530 -0.0368 -0.3008
vn 0.9617 0.2667 -0.0630
vn 0.7108 0.7018 -0.0466
vn -0.2714 0.9623 0.0178
vn -0.7002 0.7117 0.0563
vn -0.9625 -0.2572 0.0858
vn -0.7053 -0.7074 0.0462
vn -0.2474 -0.9688 0.0162
vn 0.2598 -0.9655 -0.0170
vn 0.7008 -0.7118 -0.0459
vn 0.6953 0.7053 -0.1383
vn 0.2580 0.9654 -0.0390
vn -0.2585 0.9641 0.0611
vn -0.6859 0.7173 0.1226
vn 0.2565 -0.9655 -0.0448
vn 0.9488 -0.2577 -0.1826
vn 0.9178 0.2579 -0.3018
vn 0.6680 0.7111 -0.2193
vn 0.2473 0.9653 -0.0840
vn -0.2374 0.9681 0.0806
vn -0.9110 0.2730 0.3092
vn -0.6705 -0.7064 0.2269
vn 0.2519 -0.9640 -0.0854
vn 0.6745 -0.7056 -0.2175
vn 0.9148 -0.2581 -0.3105
vn 0.8669 0.2578 -0.4267
vn 0.6428 0.7006 -0.3098
vn -0.6256 0.7062 0.3315
vn -0.6427 -0.7068 0.2954
vn 0.8684 -0.2513 -0.4274
vn -0.7940 -0.2730 0.5432
vn -0.2091 -0.9660 0.1518
vn 0.2172 -0.9653 -0.1451
vn 0.5966 -0.7055 -0.3825
vn 0.7232 0.2713 -0.6352
vn 0.5327 0.7054 -0.4677
vn 0.1964 0.9653 -0.1722
vn -0.1875 0.9661 0.1773
vn -0.5329 0.7173 0.4490
vn -0.7251 -0.2644 0.6359
vn -0.5314 -0.7075 0.4660
vn -0.1941 -0.9661 0.1702
vn 0.6357 0.2654 -0.7249
vn 0.4727 0.7056 -0.5279
vn 0.1722 0.9653 -0.1964
vn -0.1595 0.9679 0.1943
vn -0.6205 0.2494 0.7435
vn -0.6452 -0.2595 0.7186
vn -0.1774 -0.9662 0.1871
vn 0.1692 -0.9716 -0.1653
vn 0.6471 -0.2347 -0.7253
vn 0.5374 0.2578 -0.8029
vn 0.4014 0.7006 -0.5900
vn -0.3770 -0.7062 0.5992
vn 0.1496 -0.9656 -0.2129
vn 0.4077 -0.7057 -0.5794
vn 0.5385 -0.2505 -0.8045
vn 0.3207 0.7014 -0.6365
vn -0.4300 0.2448 0.8690
vn -0.4122 -0.2685 0.8706
vn -0.3149 -0.7023 0.6385
vn 0.1212 -0.9618 -0.2456
vn 0.3170 -0.7106 -0.6281
vn 0.0973 0.9654 -0.2419
vn -0.3117 0.2447 0.9181
vn -0.2984 -0.2586 0.9187
vn -0.2450 -0.6971 0.6738
vn 0.2199 -0.7103 -0.6686
vn 0.1441 0.7229 -0.6758
vn 0.0443 0.9638 -0.2628
vn -0.1892 0.2447 0.9510
vn -0.1776 -0.2518 0.9514
vn -0.0334 -0.9658 0.2571
vn 0.0652 -0.9654 -0.2525
vn 0.1988 -0.2718 -0.9416
vn 0.0525 0.7158 -0.6963
vn 0.0072 0.9632 -0.2686
vn 0.0045 0.9683 0.2498
vn -0.0202 0.6992 0.7146
vn -0.0620 0.2511 0.9660
vn -0.0622 -0.2447 0.9676
vn -0.0165 -0.9676 0.2520
vn -0.0410 0.7107 -0.7023
vn 0.0255 0.9641 0.2644
vn 0.0566 0.7117 0.7002
vn 0.0165 -0.9676 0.2519
vn -0.0044 -0.9716 -0.2365
vn -0.1783 0.2674 -0.9469
vn -0.1459 0.7016 -0.6975
vn 0.0477 -0.9696 0.2399
vn -0.0481 -0.9691 -0.2420
vn -0.1892 -0.2447 -0.9510
vn -0.0881 0.9617 -0.2595
vn 0.2403 0.6964 0.6763
vn 0.3106 0.2581 0.9149
vn 0.0786 -0.9696 0.2317
vn -0.0793 -0.9691 -0.2337
vn -0.3089 0.7157 -0.6264
vn 0.1307 0.9634 0.2339
vn 0.3217 0.7062 0.6308
vn 0.4471 -0.2430 0.8608
vn -0.3031 -0.7158 -0.6290
vn -0.1266 0.9679 -0.2173
vn 0.1351 0.9644 0.2273
vn 0.3961 0.7165 0.5742
vn -0.1577 -0.9589 -0.2360
vn -0.3935 -0.7059 -0.5889
vn -0.5260 -0.2814 -0.8026
vn -0.1630 0.9673 -0.1942
vn 0.4702 0.7111 0.5228
vn -0.4706 -0.7004 -0.5366
vn -0.6346 -0.2713 -0.7236
vn -0.5132 0.7229 -0.4626
vn -0.2000 0.9640 -0.1754
vn 0.7233 0.2730 0.6343
vn 0.5237 -0.7169 0.4601
vn 0.1935 -0.9663 0.1698
vn -0.1906 -0.9628 -0.1914
vn -0.5364 -0.7003 -0.4710
vn -0.7232 -0.2713 -0.6351
vn -0.5808 0.7156 -0.3881
vn -0.2277 0.9618 -0.1521
vn 0.6076 0.6953 0.3840
vn 0.5800 -0.7169 0.3869
vn 0.2141 -0.9663 0.1430
vn -0.2063 -0.9673 -0.1473
vn -0.6232 0.7158 -0.3150
vn -0.2507 0.9616 -0.1122
vn -0.2376 -0.9653 -0.1081
vn -0.6152 -0.7229 -0.3145
vn -0.6663 0.7105 -0.2262
vn 0.2472 0.9661 0.0743
vn 0.6731 0.7071 0.2169
vn 0.9059 0.2726 0.3242
vn 0.6600 -0.7169 0.2246
vn 0.2500 -0.9659 0.0673
vn -0.9412 0.2814 -0.1872
vn -0.6947 0.7059 -0.1382
vn -0.2564 0.9652 -0.0510
vn 0.2622 0.9641 0.0425
vn 0.6910 0.7117 0.1265
vn 0.9495 -0.2672 0.1643
vn 0.6882 -0.7126 0.1364
vn 0.2668 -0.9623 0.0530
vn -0.6944 -0.7063 -0.1377
vn -0.7079 0.7052 -0.0395
vn 0.2578 0.9661 0.0169
vn 0.9628 -0.2651 0.0523
vn -0.7115 -0.7016 -0.0394
vn -0.9610 -0.2669 -0.0720
vn -0.9672 0.2488 0.0509
vn -0.2515 0.9679 0.0009
vn 0.2577 0.9662 0.0046
vn 0.6870 0.7234 -0.0679
vn -0.2832 -0.9590 0.0085
vn -0.7124 -0.7003 0.0463
vn -0.9621 -0.2654 0.0623
vn -0.9504 0.2516 0.1828
vn -0.2497 0.9673 0.0439
vn 0.6878 0.7111 -0.1458
vn -0.6753 0.7055 0.2150
vn 0.9044 0.2730 -0.3279
vn 0.2326 0.9658 -0.1146
vn -0.2456 -0.9618 0.1211
vn -0.6357 -0.7054 0.3135
vn -0.8632 -0.2713 0.4257
vn 0.1958 -0.9693 -0.1489
vn -0.5322 0.7063 0.4667
vn 0.1996 -0.9659 -0.1650
vn 0.1729 0.9621 -0.2108
vn 0.4779 0.7077 -0.5203
vn 0.6285 0.2587 -0.7335
vn 0.6379 -0.2588 -0.7253
vn 0.4512 -0.7140 -0.5354
vn 0.1772 -0.9662 -0.1871
vn -0.1745 -0.9678 0.1812
vn -0.4674 -0.7054 0.5329
vn -0.6346 -0.2713 0.7236
vn 0.1472 0.9642 -0.2205
vn 0.5474 0.2520 -0.7980
vn 0.5256 -0.2586 -0.8105
vn 0.3923 -0.7074 -0.5880
vn 0.1430 -0.9663 -0.2141
vn -0.1473 -0.9673 0.2063
vn -0.4282 0.2447 0.8699
vn 0.2955 0.7062 -0.6434
vn 0.4177 -0.2582 -0.8711
vn -0.1205 -0.9656 0.2306
vn -0.3105 -0.7122 0.6296
vn -0.4331 -0.2579 0.8637
vn -0.3112 0.2505 0.9167
vn -0.2387 0.6986 0.6745
vn -0.0784 0.9616 0.2632
vn 0.2959 0.2495 -0.9221
vn 0.3232 -0.2527 -0.9120
vn -0.0914 -0.9640 0.2497
vn -0.3167 -0.2513 0.9146
vn -0.1885 0.2578 0.9476
vn -0.1392 0.7004 0.7000
vn 0.0502 0.9663 -0.2525
vn 0.1133 0.6992 -0.7059
vn 0.1875 0.2511 -0.9496
vn 0.1875 -0.2511 -0.9496
vn 0.1268 -0.6886 -0.7140
vn -0.1892 -0.2447 0.9510
vn -0.0703 0.2579 0.9636
vn -0.0394 0.7000 0.7131
vn -0.0333 0.9628 0.2680
vn 0.0369 0.7064 -0.7069
vn -0.0179 -0.9618 0.2733
vn -0.0632 -0.6988 0.7125
vn -0.0546 -0.2503 0.9666
vn 0.0567 0.2579 0.9645
vn -0.0826 0.2730 -0.9585
vn 0.0398 -0.7057 0.7074
vn 0.1257 0.7055 0.6975
vn 0.0428 0.9654 0.2574
vn -0.0477 0.9696 -0.2399
vn -0.1885 -0.2587 -0.9474
vn 0.0403 -0.9619 0.2704
vn 0.2245 0.7156 0.6615
vn 0.0797 0.9635 0.2555
vn -0.3309 0.2430 -0.9118
vn -0.2471 -0.7060 -0.6638
vn -0.0828 -0.9663 -0.2438
vn 0.3112 -0.2583 0.9146
vn 0.4273 0.2577 0.8666
vn 0.3110 0.7109 0.6307
vn 0.1211 0.9618 0.2456
vn -0.3175 0.6963 -0.6438
vn 0.1091 -0.9691 0.2213
vn 0.4279 -0.2526 0.8678
vn 0.3910 0.7104 0.5852
vn 0.1521 0.9618 0.2277
vn -0.5508 0.2730 -0.7887
vn -0.1489 -0.9693 -0.1958
vn 0.3863 -0.6988 0.6021
vn 0.5419 -0.2569 0.8002
vn 0.6287 0.2669 0.7304
vn 0.4637 0.7109 0.5287
vn 0.1805 0.9618 0.2059
vn -0.6547 -0.2430 -0.7158
vn -0.1650 -0.9659 -0.1996
vn 0.4701 -0.7012 0.5360
vn 0.7244 0.2654 0.6363
vn 0.5327 0.7054 0.4677
vn 0.2059 0.9618 0.1806
vn -0.5253 0.7066 -0.4740
vn -0.5360 -0.7134 -0.4514
vn -0.1872 -0.9662 -0.1771
vn 0.1822 -0.9654 0.1867
vn 0.5375 -0.7057 0.4616
vn 0.7156 -0.2580 0.6492
vn -0.2326 0.9633 -0.1340
vn -0.5879 0.7071 -0.3928
vn -0.8009 0.2685 -0.5352
vn -0.8093 -0.2594 -0.5270
vn 0.2181 -0.9635 0.1551
vn 0.5892 -0.7054 0.3941
vn 0.8015 -0.2644 0.5364
vn 0.8645 0.2444 0.4392
vn -0.6295 0.7071 -0.3220
vn -0.8612 -0.2580 -0.4378
vn -0.6525 -0.6992 -0.2921
vn -0.2282 -0.9685 -0.0992
vn 0.2304 -0.9655 0.1211
vn 0.6781 0.6958 0.2368
vn -0.2578 0.9622 -0.0875
vn -0.9185 0.2584 -0.2993
vn -0.6733 -0.7064 -0.2186
vn 0.9451 0.2674 0.1880
vn 0.6947 0.7059 0.1382
vn 0.2655 0.9627 0.0528
vn -0.7033 0.7000 -0.1240
vn -0.9474 0.2587 -0.1884
vn -0.9541 -0.2494 -0.1657
vn 0.9497 -0.2448 0.1952
vn 0.7067 0.7056 0.0518
vn -0.2685 0.9633 0.0003
vn -0.7119 0.7014 -0.0351
vn -0.9609 0.2657 -0.0785
vn 0.2596 -0.9657 0.0109
vn 0.9662 -0.2513 0.0575
vn 0.0099 -0.0027 -0.9999
vn 0.1305 -0.0038 0.9914
vn -0.0539 0.5671 0.8219
vn 0.5483 -0.0152 -0.8362
vn 0.0789 0.9958 -0.0471
vn 0.9989 -0.0327 0.0327
vn -0.3967 -0.0296 -0.9175
vn -0.9625 0.0114 -0.2711
vn 0.0461 -0.9957 -0.0798
vn 0.2809 0.0061 0.9597
vn -0.0232 -0.8631 -0.5044
vn 0.7263 0.2583 0.6370
vn 0.4125 -0.4844 -0.7715
vn 0.4383 0.0164 -0.8987
vn 0.5617 -0.8198 -0.1117
vn -0.9980 -0.0164 0.0610
vn -0.4248 -0.0337 -0.9047
vn 0.9645 -0.0008 0.2640
vn -0.4808 0.8667 -0.1326
vn -0.3520 0.0327 0.9354
vn -0.4383 -0.0164 -0.8987
vn 0.6223 -0.0143 -0.7827
vn 0.9632 0.0130 0.2685
vn -0.2317 0.9661 0.1142
vn -0.3799 0.8629 -0.3332
vn -0.2294 -0.5790 0.7824
vn -0.9989 0.0327 0.0327
vn -0.6240 0.0182 0.7812
vn -0.9627 -0.0119 -0.2703
vn 0.1942 -0.9661 0.1703
vn 0.2502 0.8610 -0.4428
vn -0.3969 0.0074 0.9178
vn 0.9798 -0.0164 0.1994
vn 0.7387 0.5671 0.3643
vn -0.2556 -0.0152 -0.9667
vn 0.0632 -0.2593 -0.9637
vn 0.5302 0.7079 0.4667
vn 0.0504 0.9661 -0.2533
vn 0.3854 -0.0144 -0.9226
vn -0.4960 -0.8627 0.0987
vn 0.9999 -0.0164 0.0044
vn -0.4749 -0.8631 -0.1716
vn 0.3173 -0.0164 0.9482
vn -0.8664 0.2593 0.4267
vn 0.1378 -0.7079 -0.6928
vn -0.3827 -0.0000 0.9239
vn -0.0801 0.9960 -0.0395
vn 0.3827 -0.0000 -0.9239
vn 0.9997 -0.0061 0.0229
vn 0.2902 0.0327 0.9564
vn 0.0666 -0.9937 0.0902
vn -0.1941 0.0984 0.9760
vn 0.9974 0.0164 -0.0698
vn -0.6294 -0.0060 0.7771
vn 0.9920 -0.0321 0.1219
vn -0.0324 0.8684 -0.4949
vn 0.3862 0.0048 -0.9224
vn -0.9760 -0.0984 0.1941
vn -0.9877 0.0243 0.1545
vn -0.5519 0.0164 -0.8338
vn -0.6535 -0.0136 0.7568
vn 0.9925 -0.0177 0.1208
vn 0.1583 0.9616 -0.2243
vn 0.3892 -0.0006 -0.9211
vn 0.8870 0.4268 -0.1764
vn -0.9914 0.0007 0.1307
vn 0.8662 0.2593 0.4272
vn 0.2699 -0.0121 0.9628
vn -0.4864 -0.8684 0.0967
vn -0.9907 -0.0164 0.1349
vn -0.5035 0.0176 -0.8638
vn 0.8104 -0.2577 -0.5261
vn -0.0604 -0.9616 -0.2678
vn 0.4959 -0.0175 0.8682
vn 0.0330 0.8629 0.5042
vn -0.1700 0.4903 0.8548
vn -0.2275 -0.0072 0.9737
vn 0.9974 -0.0164 -0.0698
vn 0.4787 -0.0243 0.8777
vn 0.4701 -0.8681 0.1596
vn -0.5873 0.7079 -0.3924
vn -0.9906 0.0046 0.1366
vn 0.4492 -0.0136 0.8933
vn -0.5278 -0.0327 0.8487
vn -0.9906 -0.0067 -0.1365
vn -0.7890 0.5816 -0.1979
vn -0.3798 0.0046 -0.9251
vn -0.1956 0.6998 -0.6870
vn 0.4971 -0.6998 0.5129
vn 0.1884 0.2593 -0.9472
vn -0.2542 0.0175 0.9670
vn 0.9889 0.0143 -0.1476
vn 0.9145 0.2593 0.3104
vn -0.3876 0.0008 -0.9218
vn 0.0462 -0.7079 0.7048
vn -0.1875 -0.8667 0.4622
vn 0.2515 -0.0175 -0.9677
vn -0.8253 -0.4903 0.2801
vn -0.6341 0.0327 -0.7726
vn -0.9815 -0.0164 -0.1908
vn -0.8253 -0.4903 -0.2801
vn 0.3775 0.0056 0.9260
vn -0.2465 -0.0114 0.9691
vn 0.4785 0.8629 -0.1624
vn -0.9935 0.0091 0.1138
vn -0.5278 0.0327 0.8487
vn 0.4979 0.8602 0.1102
vn -0.3645 0.0182 -0.9310
vn -0.0875 -0.5790 -0.8106
vn -0.2446 -0.9661 0.0830
vn 0.9941 -0.0056 -0.1079
vn 0.6052 -0.0164 0.7959
vn -0.5072 0.0321 0.8612
vn -0.0845 -0.9960 -0.0287
vn 0.0462 0.7079 0.7048
vn 0.8027 -0.2593 -0.5370
vn -0.2514 0.0020 0.9679
vn -0.6693 0.7079 0.2258
vn -1.0000 0.0059 -0.0014
vn -0.5496 0.8143 -0.1866
vn -0.7519 0.4268 -0.5024
vn 0.2421 0.0143 -0.9701
vn 0.4711 -0.0327 -0.8815
vn 0.6969 -0.7045 0.1342
vn 0.1903 -0.8610 0.4717
vn 0.2148 0.9661 -0.1435
vn -0.9150 -0.2583 0.3101
vn 0.5591 0.0164 0.8289
vn -0.3786 -0.0164 -0.9254
vn -0.2148 -0.9661 0.1435
vn -0.9995 0.0078 -0.0315
vn -0.3600 -0.0243 -0.9326
vn 0.8033 0.2593 -0.5361
vn -0.6349 -0.7063 -0.3131
vn 0.9675 -0.0062 -0.2529
vn -0.9977 0.0156 -0.0654
vn -0.1884 -0.2593 -0.9472
vn 0.0162 -0.9661 -0.2578
vn -0.1951 -0.0156 0.9807
vn -0.3807 0.0084 0.9247
vn -0.4422 0.0142 -0.8968
vn 0.8968 0.0119 0.4423
vn -0.0632 0.2583 0.9640
vn 0.1527 0.0062 -0.9883
vn -0.9656 -0.0269 0.2587
vn 0.3745 -0.0321 -0.9267
vn -0.4608 0.0370 -0.8867
vn 0.0652 -0.0796 -0.9947
vn -0.6335 0.7079 0.3124
vn 0.3439 -0.0413 -0.9381
vn 0.9999 -0.0164 -0.0044
vn 0.0986 -0.8629 0.4956
vn 0.1284 0.0084 -0.9917
vn -0.9628 0.0312 0.2685
vn 0.3255 -0.0164 -0.9454
vn -0.9807 0.0119 -0.1951
vn -0.5311 -0.7079 0.4657
vn -0.1324 -0.0087 0.9912
vn 0.7809 0.4917 -0.3851
vn -0.9630 0.0177 0.2688
vn 0.6832 0.0327 0.7295
vn 0.8628 0.4904 0.1229
vn -0.4711 -0.0327 -0.8815
vn -0.2984 -0.2577 -0.9190
vn 0.5311 0.7079 -0.4657
vn -0.6928 -0.6998 0.1741
vn 0.9669 -0.0175 -0.2547
vn 0.3562 0.0210 -0.9342
vn 0.9867 -0.0072 -0.1624
vn 0.1884 0.2593 0.9472
vn -0.7171 -0.0287 -0.6964
vn 0.3730 0.0177 -0.9276
vn 0.5167 -0.0182 0.8560
vn 0.9094 -0.0983 0.4041
vn -0.0177 0.7028 0.7112
vn 0.1541 0.0228 -0.9878
vn -0.5629 0.6926 0.4511
vn -0.9482 -0.0164 0.3173
vn -0.7351 -0.0413 -0.6767
vn -0.3870 -0.0175 0.9219
vn 0.2808 -0.9541 -0.1043
vn -0.5048 -0.0056 -0.8632
vn -0.0270 0.9937 0.1088
vn -0.1475 0.0794 -0.9859
vn 0.8372 -0.4845 -0.2538
vn -0.9148 0.0061 0.4038
vn -0.7517 -0.0175 -0.6592
vn -0.4089 -0.0217 0.9123
vn -0.9919 -0.0164 0.1262
vn 0.4954 -0.0008 0.8687
vn -0.6335 0.7079 -0.3124
vn -0.7471 0.0122 -0.6646
vn -0.9945 -0.0210 0.1023
vn 0.5169 -0.0269 0.8556
vn -0.0532 -0.7044 0.7078
vn -0.1262 -0.0164 0.9919
vn -0.7251 0.0050 -0.6887
vn 0.2274 -0.0075 -0.9738
vn 0.4865 -0.0073 0.8737
vn -0.2405 0.2564 -0.9362
vn 0.6663 0.2559 -0.7004
vn -0.3626 -0.9071 0.2139
vn 0.9815 0.0164 -0.1908
vn -0.4914 -0.0027 -0.8709
vn -0.8015 -0.0794 0.5927
vn 0.7710 0.5806 0.2617
vn -0.9302 -0.0143 0.3667
vn -0.7130 -0.0334 -0.7004
vn 0.2572 0.0063 -0.9663
vn 0.6535 0.0136 0.7568
vn -0.0668 0.9541 0.2921
vn -0.9591 -0.0089 -0.2829
vn 0.5715 -0.8198 0.0375
vn 0.9310 0.0182 -0.3645
vn -0.7386 -0.0337 -0.6733
vn -0.7028 0.7028 -0.1104
vn 0.6277 0.0243 0.7781
vn 0.0709 -0.9534 -0.2933
vn 0.9984 -0.0073 -0.0562
vn -0.7488 -0.0164 -0.6625
vn 0.6089 0.0007 0.7932
vn -0.1626 0.8627 -0.4789
vn -0.1703 0.9661 0.1942
vn -0.0636 0.2583 -0.9640
vn 0.9354 0.0327 -0.3520
vn -0.2751 -0.0127 0.9613
vn -0.0000 -0.9982 0.0597
vn 0.6153 -0.0321 0.7877
vn 0.9267 0.0321 -0.3745
vn 0.2424 0.0127 -0.9701
vn 0.9807 -0.0156 -0.1951
vn 0.6341 -0.0327 0.7726
vn 0.3214 0.0096 0.9469
vn 0.6975 0.7044 0.1318
vn -0.9637 -0.2593 -0.0632
vn -0.9221 -0.0164 0.3867
vn -0.9807 0.0142 0.1951
vn 0.8969 0.4229 0.1297
vn -0.6372 0.2593 0.7258
vn -0.2692 -0.9603 0.0737
vn -0.2151 0.9661 0.1429
vn -0.9772 0.0280 0.2106
vn -0.0830 -0.9661 -0.2446
vn 0.1680 0.5080 0.8448
vn 0.3546 -0.9045 -0.2370
vn 0.7860 -0.0113 0.6181
vn 0.9647 0.0164 -0.2630
vn 0.6181 0.0113 0.7860
vn -0.7247 0.4903 0.4842
vn 0.8770 0.0062 -0.4805
vn 0.2269 -0.0327 -0.9734
vn 0.5352 -0.0417 -0.8437
vn -0.5327 -0.7064 -0.4661
vn 0.0654 0.0119 -0.9978
vn 0.9999 0.0164 0.0044
vn -0.1377 0.0073 -0.9904
vn -0.1947 0.9658 -0.1713
vn 0.0032 -0.0170 0.9999
vn 0.9994 0.0243 0.0243
vn -0.4923 0.0321 0.8699
vn -0.4914 0.0177 0.8707
vn -0.3214 0.0119 0.9469
vn -0.1911 0.9541 0.2308
vn 0.4524 -0.8602 0.2353
vn 0.7070 -0.0007 -0.7072
vn -0.1189 0.0067 -0.9929
vn 0.2907 -0.4268 -0.8563
vn 0.0219 -0.9087 -0.4168
vn 0.0086 0.0321 0.9994
vn 0.9734 0.0327 0.2269
vn 0.7006 0.0321 -0.7128
vn -0.9940 -0.0243 -0.1064
vn 0.5192 -0.0060 -0.8546
vn -0.0989 0.0191 -0.9949
vn 0.6832 0.0327 -0.7295
vn -0.9919 -0.0164 -0.1262
vn 0.0413 0.0413 0.9983
vn 0.8431 0.5069 -0.1798
vn -0.0732 0.0135 -0.9972
vn 0.4983 -0.0088 -0.8670
vn 0.1981 0.8154 -0.5440
vn -0.6689 -0.7079 0.2270
vn -0.0000 -0.0000 1.0000
vn 0.8030 0.2593 0.5366
vn 0.6931 0.0182 -0.7206
vn 0.9861 0.0327 0.1628
vn -0.2649 0.9534 -0.1444
vn 0.5814 -0.6926 0.4269
vn -0.9247 -0.0084 -0.3806
vn -0.6948 -0.0143 0.7191
vn 0.9821 0.0122 0.1881
vn -0.0000 -0.0000 -1.0000
vn -0.5364 0.7045 -0.4646
vn -0.5792 -0.8143 0.0380
vn 0.9806 -0.0175 0.1951
vn -0.4998 0.0269 0.8657
vn 0.6561 0.0984 0.7482
vn 0.0548 0.9958 0.0737
vn -0.5425 -0.4229 -0.7258
vn 0.9917 -0.0087 0.1287
vn 0.9967 0.0794 0.0177
vn -0.9911 0.0084 -0.1327
vn 0.1319 0.0059 0.9912
vn -0.7028 0.7028 0.1104
vn 0.6180 0.0067 -0.7862
vn -0.2776 0.0182 -0.9605
vn 0.6165 0.0312 -0.7867
vn 0.5475 -0.0073 -0.8368
vn 0.6604 -0.6926 -0.2900
vn 0.9177 -0.0097 0.3971
vn -0.7920 -0.0084 0.6105
vn 0.2754 -0.0143 0.9612
vn -0.1127 0.0134 -0.9935
vn -0.5555 0.0175 0.8313
vn -0.2250 0.6997 0.6781
vn -0.6706 0.7045 0.2323
vn -0.9149 0.0056 -0.4036
vn -0.5835 0.0078 0.8121
vn 0.3124 -0.7079 -0.6335
vn 0.9878 0.0982 -0.1208
vn -0.2234 0.4229 0.8782
vn -0.5940 -0.7044 -0.3887
vn 0.2545 0.0164 0.9669
vn -0.8641 -0.4991 0.0649
vn 0.3104 -0.2593 -0.9145
vn 0.6193 0.5671 0.5431
vn -0.8313 -0.0175 -0.5555
vn -0.2469 0.0016 -0.9690
vn -0.6049 -0.0176 0.7961
vn 0.2410 0.9603 -0.1408
vn -0.7960 0.2548 -0.5490
vn 0.2384 -0.0169 0.9710
vn -0.9675 0.0233 -0.2519
vn 0.6124 0.0175 -0.7904
vn -0.2533 -0.9661 0.0504
vn -0.1862 -0.9616 0.2018
vn 0.1071 -0.0192 0.9941
vn 0.6277 0.0243 -0.7781
vn -0.5963 -0.2564 0.7607
vn -0.7944 -0.0063 0.6074
vn 0.0845 -0.0337 0.9959
vn 0.6527 0.0152 -0.7574
vn 0.3609 -0.4845 -0.7969
vn -0.1371 0.9045 0.4039
vn 0.1152 -0.0296 0.9929
vn -0.9715 -0.0236 -0.2358
vn -0.6907 -0.0061 0.7231
vn -0.3225 0.8143 0.4826
vn 0.8967 0.0175 0.4422
vn -0.9684 -0.0177 -0.2488
vn 0.2011 0.2577 -0.9451
vn -0.5368 -0.5806 -0.6122
vn 0.8948 -0.0164 0.4461
vn 0.9646 0.0175 0.2633
vn -0.7059 -0.0063 0.7083
vn -0.1435 0.9661 -0.2148
vn 0.8493 0.0075 -0.5278
vn -0.3124 0.7079 -0.6335
vn -0.6008 0.4120 -0.6851
vn -0.7110 -0.0056 0.7031
vn 0.3296 -0.5790 0.7457
vn 0.7049 -0.7079 -0.0449
vn 0.0501 -0.9541 0.2954
vn 0.8637 -0.0164 -0.5037
vn 0.7206 -0.0182 -0.6931
vn -0.4524 0.5806 0.6770
vn -0.0467 0.9534 -0.2981
vn 0.1289 -0.0063 0.9916
vn 0.9193 -0.0121 0.3933
vn -0.8494 -0.0072 -0.5277
vn -0.9640 -0.2583 0.0632
vn 0.4919 -0.2564 -0.8320
vn -0.2259 -0.9087 0.3511
vn -0.0320 0.9534 0.3000
vn 0.4949 0.8684 -0.0324
vn 0.8009 -0.0125 0.5987
vn 0.6368 0.2593 -0.7261
vn 0.2567 -0.8143 0.5206
vn -0.1886 -0.9045 0.3825
vn -0.7970 0.0049 -0.6040
vn -0.9268 -0.0020 -0.3756
vn -0.5746 0.4903 0.6553
vn -0.4409 0.0796 -0.8940
vn 0.8125 -0.5806 0.0533
vn 0.0803 -0.9958 0.0447
vn 0.7899 -0.0056 0.6132
vn 0.8681 -0.0164 -0.4961
vn -0.0044 -0.0164 -0.9999
vn 0.9302 -0.0143 0.3667
vn 0.7934 -0.0000 -0.6088
vn 0.2812 -0.9045 -0.3207
vn -0.1834 0.7008 0.6893
vn -0.7816 -0.0172 -0.6235
vn -0.8772 0.0056 0.4802
vn -0.3116 -0.6997 -0.6429
vn -0.7517 -0.0156 -0.6593
vn -0.9292 0.0296 -0.3683
vn 0.0501 0.9541 -0.2954
vn -0.4256 -0.9045 -0.0279
vn 0.6523 0.0073 0.7579
vn -0.9271 0.0177 -0.3744
vn -0.6008 -0.4120 0.6851
vn 0.2578 0.9661 0.0162
vn 0.1142 0.9661 -0.2317
vn -0.7906 -0.0164 -0.6122
vn 0.9149 -0.0056 -0.4036
vn -0.7932 0.0007 -0.6089
vn -0.9199 0.0130 0.3920
vn -0.0230 -0.0062 -0.9997
vn -0.8929 -0.0152 -0.4500
vn -0.7931 0.0269 0.6085
vn -0.2759 -0.9534 -0.1223
vn -0.9267 -0.0006 0.3759
vn -0.8789 -0.0060 -0.4771
vn 0.7931 -0.0269 -0.6085
vn 0.3110 0.2593 0.9143
vn 0.2724 0.9541 0.1248
vn 0.0044 -0.0164 -0.9999
vn 0.8151 0.5790 0.0191
vn 0.7488 -0.0164 0.6625
vn 0.9235 0.0269 -0.3825
vn -0.0119 0.0119 0.9999
vn 0.8601 0.0067 0.5101
vn -0.4954 -0.8681 -0.0325
vn -0.9239 -0.0000 0.3827
vn -0.0220 0.0012 -0.9998
vn 0.8537 0.0236 0.5202
vn 0.7114 -0.0067 0.7028
vn 0.1127 -0.0134 -0.9935
vn -0.2648 0.5671 -0.7800
vn -0.6928 0.7079 -0.1378
vn 0.9219 -0.0176 -0.3870
vn 0.8549 -0.0004 0.5188
vn -0.7934 -0.0000 0.6088
vn 0.4158 0.2577 0.8722
vn 0.6944 -0.7064 0.1373
vn -0.3279 0.8602 0.3905
vn 0.0224 0.9958 0.0891
vn -0.6986 0.0113 -0.7154
vn -0.9255 0.0175 0.3783
vn -0.8674 -0.0144 -0.4973
vn 0.4663 -0.4096 -0.7841
vn -0.2363 -0.9087 -0.3440
vn 0.9104 0.0327 -0.4125
vn -0.1349 0.0164 0.9907
vn 0.8736 0.0074 0.4866
vn -0.8599 -0.0119 0.5103
vn -0.0671 0.9960 0.0589
vn -0.5362 0.2593 0.8033
vn 0.4272 0.2593 0.8662
vn 0.7125 -0.0020 0.7017
vn -0.1539 0.0236 0.9878
vn 0.8580 0.0097 -0.5135
vn -0.4259 -0.6998 0.5734
vn -0.7110 0.0056 -0.7031
vn -0.9807 -0.0156 0.1951
vn -0.8637 0.0164 0.5037
vn 0.2279 0.9492 0.2170
vn -0.8968 0.0156 -0.4422
vn 0.5693 -0.8143 0.1132
vn -0.1628 -0.0327 0.9861
vn 0.7546 -0.0164 0.6560
vn 0.7666 -0.0417 0.6408
vn -0.8560 0.0182 0.5167
vn -0.1322 0.0063 0.9912
vn 0.8572 -0.0143 -0.5148
vn 0.1108 -0.9937 -0.0167
vn -0.9798 0.0164 0.1994
vn 0.3624 0.8609 -0.3571
vn -0.5821 -0.0327 -0.8124
vn 0.9526 -0.0340 -0.3024
vn -0.1483 0.0134 0.9889
vn 0.0120 -0.9957 -0.0913
vn -0.6013 -0.0334 -0.7983
vn 0.9564 -0.0327 -0.2902
vn 0.7062 0.7062 -0.0517
vn -0.2655 0.9641 0.0093
vn -0.6957 0.7169 0.0456
vn -0.9601 -0.2724 0.0629
vn 0.6886 0.7106 -0.1442
vn 0.2589 0.9651 -0.0406
vn -0.2480 0.9679 0.0402
vn -0.6917 0.7130 0.1150
vn 0.2611 -0.9639 -0.0519
vn 0.9488 -0.2577 -0.1825
vn 0.9178 0.2577 -0.3021
vn 0.6734 0.7005 -0.2362
vn 0.2523 0.9628 -0.0966
vn -0.2477 0.9660 0.0735
vn -0.6705 -0.7063 0.2270
vn 0.2565 -0.9619 -0.0952
vn 0.6778 -0.6983 -0.2301
vn 0.9145 -0.2507 -0.3177
vn 0.6442 0.6959 -0.3172
vn -0.6256 0.7069 0.3301
vn -0.6438 -0.7062 0.2946
vn 0.8637 -0.2583 -0.4327
vn -0.8024 -0.2652 0.5346
vn -0.2091 -0.9662 0.1508
vn 0.2025 -0.9678 -0.1494
vn 0.5808 -0.7156 -0.3881
vn 0.7205 0.2645 -0.6411
vn -0.1884 0.9681 0.1652
vn -0.5415 0.7130 0.4455
vn -0.7337 -0.2573 0.6289
vn 0.6317 0.2579 -0.7311
vn 0.4707 0.7003 -0.5367
vn 0.1702 0.9628 -0.2098
vn -0.1613 0.9696 0.1839
vn -0.6267 0.2450 0.7398
vn -0.6454 -0.2594 0.7185
vn -0.1802 -0.9682 0.1738
vn 0.1665 -0.9655 -0.2000
vn 0.6331 -0.2513 -0.7321
vn 0.5279 0.2674 -0.8061
vn 0.4019 0.7016 -0.5884
vn -0.3865 -0.7021 0.5981
vn 0.1455 -0.9619 -0.2315
vn 0.3992 -0.7106 -0.5794
vn 0.5221 -0.2674 -0.8098
vn 0.2989 0.7159 -0.6309
vn -0.1220 0.9693 0.2136
vn -0.4299 0.2447 0.8691
vn -0.4284 -0.2588 0.8657
vn -0.3274 -0.6963 0.6387
vn 0.1163 -0.9590 -0.2583
vn 0.3178 -0.7101 -0.6283
vn 0.0930 0.9637 -0.2501
vn -0.3111 -0.2512 0.9166
vn -0.2492 -0.6997 0.6695
vn 0.2156 -0.7055 -0.6751
vn 0.1359 0.7156 -0.6852
vn 0.0457 0.9635 -0.2637
vn -0.2000 0.2518 0.9469
vn -0.0403 -0.9677 0.2488
vn 0.0352 -0.9716 -0.2339
vn 0.1885 -0.2583 -0.9475
vn 0.0460 0.7104 -0.7023
vn -0.0032 0.9654 -0.2609
vn -0.0174 0.9643 0.2643
vn -0.0464 0.7126 0.7000
vn -0.0902 0.2684 0.9591
vn -0.0621 -0.2448 0.9676
vn -0.0523 0.7014 -0.7108
vn 0.0178 0.9623 0.2715
vn 0.0461 0.7169 0.6956
vn 0.0074 -0.9694 0.2452
vn -0.0162 -0.9691 -0.2462
vn -0.1885 0.2578 -0.9476
vn -0.1503 0.7057 -0.6924
vn 0.1693 -0.2430 0.9551
vn -0.0974 0.9654 -0.2418
vn 0.2184 0.7070 0.6726
vn 0.2944 0.2674 0.9175
vn 0.0787 -0.9696 0.2316
vn -0.0974 -0.9654 -0.2419
vn 0.1254 0.9644 0.2330
vn 0.2992 0.7165 0.6301
vn 0.4273 -0.2583 0.8664
vn -0.3192 -0.7057 -0.6325
vn -0.1251 0.9668 -0.2229
vn 0.1257 0.9658 0.2269
vn 0.3906 0.7112 0.5845
vn -0.4025 -0.7005 -0.5893
vn -0.5353 -0.2713 -0.7999
vn -0.1799 0.9640 -0.1958
vn 0.4601 0.6953 0.5522
vn -0.5254 0.7156 -0.4603
vn -0.2105 0.9619 -0.1745
vn 0.5238 -0.7169 0.4601
vn 0.1936 -0.9663 0.1697
vn -0.1907 -0.9673 -0.1673
vn -0.5386 -0.7125 -0.4497
vn -0.7232 -0.2713 -0.6352
vn 0.5800 -0.7169 0.3868
vn 0.2001 -0.9685 0.1480
vn -0.2167 -0.9654 -0.1448
vn -0.6312 0.7104 -0.3113
vn -0.2487 0.9628 -0.1054
vn -0.2376 -0.9654 -0.1079
vn -0.6265 -0.7156 -0.3089
vn -0.6729 0.7057 -0.2220
vn 0.2509 0.9642 0.0852
vn 0.6641 0.7126 0.2260
vn 0.9044 0.2671 0.3327
vn 0.6617 -0.7117 0.2359
vn 0.2576 -0.9623 0.0875
vn -0.9478 0.2670 -0.1746
vn 0.2531 0.9661 0.0503
vn 0.6741 0.7238 0.1474
vn 0.9507 -0.2649 0.1609
vn 0.6955 -0.6992 0.1655
vn -0.7002 -0.7014 -0.1330
vn -0.7078 0.7053 -0.0397
vn 0.9641 -0.2583 0.0619
vn -0.7124 -0.7006 -0.0408
vn -0.9620 -0.2642 -0.0693
vn -0.9664 0.2525 0.0474
vn -0.2556 0.9668 -0.0031
vn 0.2597 0.9657 0.0069
vn 0.7016 0.7112 -0.0453
vn -0.2733 -0.9618 0.0179
vn -0.7067 -0.7055 0.0534
vn -0.9654 -0.2485 0.0790
vn -0.9418 0.2718 0.1978
vn -0.2653 0.9619 0.0661
vn 0.7082 0.6953 -0.1224
vn -0.6748 0.7059 0.2153
vn 0.9148 0.2583 -0.3105
vn -0.2271 -0.9654 0.1282
vn 0.2157 -0.9658 -0.1440
vn 0.1747 0.9643 -0.1991
vn 0.4771 0.7069 -0.5221
vn 0.6392 0.2511 -0.7269
vn 0.6378 -0.2588 -0.7254
vn 0.4666 -0.7073 -0.5310
vn 0.1771 -0.9661 -0.1879
vn -0.1739 -0.9671 0.1855
vn -0.4547 -0.7124 0.5345
vn 0.1593 0.9620 -0.2217
vn 0.5514 0.2495 -0.7960
vn 0.5260 -0.2589 -0.8101
vn 0.4097 -0.6998 -0.5852
vn 0.1480 -0.9685 -0.2001
vn -0.1448 -0.9654 0.2167
vn -0.4221 0.2513 0.8710
vn 0.3175 0.6963 -0.6438
vn 0.4281 -0.2515 -0.8680
vn -0.1177 -0.9640 0.2386
vn -0.3043 -0.7055 0.6400
vn -0.4275 -0.2506 0.8686
vn -0.3039 0.2579 0.9171
vn -0.2364 0.7000 0.6739
vn -0.0719 0.9628 0.2604
vn 0.2999 0.2520 -0.9201
vn 0.3219 -0.2518 -0.9127
vn -0.3117 -0.2447 0.9181
vn 0.0655 0.9634 -0.2598
vn 0.1278 0.7074 -0.6952
vn 0.2146 0.2684 -0.9391
vn 0.1993 -0.2587 -0.9452
vn 0.1399 -0.6967 -0.7036
vn -0.1831 -0.2513 0.9504
vn -0.0702 0.2580 0.9636
vn -0.0376 0.6986 0.7145
vn -0.0283 0.9616 0.2732
vn 0.0574 0.6957 -0.7160
vn -0.0085 -0.9590 0.2832
vn -0.0533 -0.7057 0.7065
vn -0.0468 -0.2580 0.9650
vn 0.0686 0.2719 0.9599
vn -0.0432 0.2430 -0.9691
vn -0.0287 -0.6953 -0.7182
vn 0.0520 -0.7158 0.6963
vn 0.1367 0.7156 0.6850
vn 0.0523 0.9634 0.2628
vn -0.0347 0.9719 -0.2329
vn 0.0606 -0.9692 0.2387
vn 0.2323 0.7106 0.6641
vn 0.0880 0.9618 0.2593
vn -0.2905 0.2730 -0.9171
vn -0.2241 -0.7169 -0.6602
vn 0.3169 -0.2516 0.9145
vn 0.1283 -0.9654 0.2270
vn 0.4320 -0.2589 0.8639
vn -0.5219 0.2430 -0.8176
vn -0.1440 -0.9658 -0.2157
vn 0.3820 -0.7013 0.6019
vn 0.5485 -0.2671 0.7924
vn 0.6312 0.2642 0.7292
vn 0.4728 0.7056 0.5278
vn -0.6193 -0.2730 -0.7362
vn 0.4713 -0.7056 0.5291
vn 0.7385 0.2485 0.6268
vn 0.2053 0.9654 0.1609
vn -0.5259 0.7064 -0.4738
vn -0.5317 -0.7070 -0.4663
vn -0.1735 -0.9683 -0.1798
vn 0.1950 -0.9632 0.1849
vn 0.5376 -0.7056 0.4616
vn 0.7189 -0.2653 0.6425
vn -0.2343 0.9595 -0.1565
vn -0.7934 0.2585 -0.5510
vn -0.8092 -0.2595 -0.5271
vn 0.2166 -0.9655 0.1447
vn 0.5890 -0.7124 0.3815
vn 0.8068 -0.2573 0.5318
vn 0.8680 0.2718 0.4155
vn -0.6295 0.7066 -0.3230
vn -0.8518 -0.2670 -0.4506
vn -0.6384 -0.7074 -0.3034
vn -0.2339 -0.9635 -0.1305
vn 0.2242 -0.9692 0.1021
vn 0.6728 0.7057 0.2221
vn -0.2397 0.9658 -0.0990
vn -0.9183 0.2586 -0.2997
vn -0.6768 -0.6957 -0.2408
vn 0.9495 0.2579 0.1787
vn -0.7002 0.7023 -0.1284
vn -0.9429 0.2662 -0.2001
vn -0.9534 -0.2345 -0.1897
vn 0.9491 -0.2526 0.1880
vn 0.7114 0.7012 0.0466
vn -0.2715 0.9624 -0.0041
vn -0.6996 0.7123 -0.0565
vn -0.9606 0.2675 -0.0753
vn 0.2601 -0.9655 0.0104
vn 0.9648 -0.2578 0.0516
vn -0.0000 -0.0038 -1.0000
vn 0.1403 -0.0027 0.9901
vn 0.0508 0.7045 0.7079
vn 0.4999 -0.0220 -0.8658
vn 0.9997 -0.0143 -0.0172
vn -0.9632 0.0103 -0.2688
vn 0.2317 -0.9661 0.1142
vn 0.2804 0.0062 0.9599
vn 0.0380 -0.8143 -0.5792
vn 0.4020 -0.0169 -0.9155
vn -0.9996 0.0182 0.0195
vn -0.4049 -0.0243 -0.9140
vn 0.9649 -0.0140 0.2624
vn -0.2317 0.9661 -0.1142
vn -0.4003 0.0136 0.9163
vn -0.4353 -0.0136 -0.9002
vn 0.5821 -0.0327 -0.8124
vn 0.9660 -0.0007 0.2586
vn -0.2769 -0.5080 0.8157
vn -0.6560 -0.0164 0.7546
vn -0.9690 -0.0016 -0.2469
vn -0.3786 -0.0164 0.9254
vn 0.9710 0.0169 0.2384
vn 0.7593 0.4904 0.4277
vn -0.2642 0.0056 -0.9645
vn 0.3775 0.0056 -0.9260
vn -0.6604 -0.6926 0.2900
vn 1.0000 -0.0084 -0.0022
vn -0.5206 -0.8143 -0.2567
vn 0.2776 0.0182 0.9605
vn 0.1373 -0.7064 -0.6944
vn -0.3770 -0.0046 0.9262
vn -0.0229 0.9982 0.0552
vn 0.8664 -0.2593 -0.4266
vn 0.3983 0.0127 -0.9172
vn 0.9997 -0.0062 0.0224
vn 0.0169 -0.9661 0.2577
vn -0.1162 0.2564 0.9596
vn 0.9938 -0.0169 -0.1096
vn -0.6408 -0.0417 0.7666
vn 0.9929 -0.0067 0.1189
vn -0.0588 0.9071 -0.4169
vn 0.3825 -0.0007 -0.9240
vn -0.9596 -0.2564 0.1162
vn -0.9933 0.0073 0.1151
vn 0.9940 -0.0236 0.1070
vn 0.0832 0.9045 -0.4183
vn 0.3867 -0.0164 -0.9221
vn -0.9883 0.0269 0.1501
vn 0.8415 0.4229 0.3361
vn 0.2709 -0.0125 0.9625
vn -0.4179 -0.9071 0.0511
vn -0.9905 0.0006 0.1378
vn -0.5037 0.0164 -0.8637
vn 0.8968 -0.0119 -0.4423
vn 0.0832 -0.9045 -0.4183
vn 0.4874 -0.0302 0.8727
vn 0.1735 0.9541 0.2443
vn -0.3172 0.2538 0.9137
vn -0.1951 0.0175 0.9806
vn 0.9911 -0.0269 -0.1305
vn 0.4591 -0.0337 0.8877
vn 0.5504 -0.8207 0.1530
vn -0.1778 -0.9534 -0.2438
vn -0.9914 -0.0000 0.1305
vn 0.4461 -0.0164 0.8948
vn -0.9907 -0.0164 -0.1349
vn -0.6689 0.7079 -0.2270
vn -0.3825 0.0007 -0.9240
vn -0.0331 0.8627 -0.5047
vn 0.4205 -0.8627 0.2810
vn 0.0646 0.4991 -0.8641
vn -0.2609 0.0084 0.9653
vn 0.9947 0.0327 -0.0979
vn 0.9011 -0.0073 0.4335
vn -0.3861 0.0140 -0.9223
vn -0.0504 -0.9661 0.2533
vn 0.2552 0.0140 -0.9668
vn -0.8472 -0.4097 0.3382
vn 0.3854 -0.0144 0.9226
vn 0.5880 0.7079 0.3914
vn -0.2488 -0.0103 0.9685
vn -0.5243 0.0210 0.8513
vn 0.4039 0.9045 0.1371
vn -0.3255 -0.0164 -0.9454
vn -0.0563 -0.5080 -0.8595
vn -0.8027 0.2593 0.5370
vn 0.9947 -0.0327 -0.0979
vn -0.5101 0.0067 0.8601
vn 0.0229 -0.9982 -0.0552
vn 0.1008 0.8153 0.5701
vn -0.2376 0.0004 0.9714
vn -1.0000 0.0063 -0.0017
vn -0.4933 0.8631 -0.1081
vn 0.2902 0.0327 -0.9564
vn 0.6692 -0.7079 -0.2260
vn 0.4796 -0.0074 -0.8775
vn 0.7800 -0.5671 0.2648
vn -0.9145 -0.2593 0.3104
vn -0.3683 -0.0296 -0.9292
vn -0.9977 -0.0175 -0.0654
vn -0.3744 -0.0177 -0.9271
vn 0.9669 -0.0164 -0.2545
vn -0.9980 0.0164 -0.0610
vn -0.7579 0.0073 0.6523
vn -0.1994 -0.0164 0.9798
vn -0.3870 0.0175 0.9219
vn -0.4500 0.0152 -0.8929
vn 0.9110 0.2548 0.3243
vn 0.1532 0.0061 -0.9882
vn 0.3730 -0.0177 -0.9276
vn -0.4711 0.0327 -0.8815
vn -0.7564 0.5816 0.2992
vn 0.9675 0.0046 -0.2529
vn 0.3531 -0.0191 -0.9354
vn 1.0000 -0.0067 -0.0061
vn 0.1352 0.0175 -0.9907
vn -0.9673 -0.0056 0.2534
vn 0.3288 -0.0135 -0.9443
vn -0.1258 -0.0176 0.9919
vn 0.5651 0.7008 -0.4353
vn -0.9632 0.0321 0.2670
vn 0.8078 0.5671 0.1607
vn -0.1951 -0.0119 -0.9807
vn -0.4536 -0.8627 0.2237
vn 0.3520 0.0327 -0.9354
vn 0.9806 0.0175 -0.1951
vn 0.2710 0.4991 0.8231
vn 0.0252 -0.8154 -0.5784
vn -0.7101 -0.0164 -0.7039
vn 0.3745 0.0321 -0.9267
vn 0.5519 0.0164 0.8338
vn 0.8968 -0.0119 0.4423
vn 0.0533 0.5806 0.8125
vn 0.1908 0.0164 -0.9815
vn -0.4536 0.8627 0.2237
vn -0.7291 -0.0191 -0.6842
vn -0.3956 -0.0302 0.9179
vn 0.4956 -0.8629 0.0986
vn -0.4973 0.0144 -0.8674
vn 0.0830 0.9661 0.2446
vn -0.0632 0.2593 -0.9637
vn -0.9151 0.0062 0.4033
vn -0.7471 -0.0122 -0.6646
vn -0.4125 -0.0327 0.9104
vn -0.9928 -0.0287 0.1159
vn 0.4967 -0.0140 0.8678
vn 0.1254 -0.8154 0.5652
vn -0.9947 -0.0327 0.0979
vn 0.5002 -0.0007 0.8659
vn 0.0380 -0.8143 0.5792
vn -0.7351 0.0413 -0.6767
vn 0.1994 0.0164 -0.9798
vn 0.5208 -0.0243 0.8534
vn -0.3199 0.0984 -0.9423
vn 0.6851 0.4120 -0.6008
vn -0.5247 -0.8154 -0.2446
vn -0.4448 -0.8684 0.2193
vn -0.2544 -0.9658 -0.0502
vn -0.4423 0.0040 -0.8969
vn -0.9104 -0.0327 0.4125
vn -0.7155 -0.0071 -0.6986
vn 0.2575 0.0059 -0.9663
vn 0.0844 0.9958 0.0364
vn 0.6560 0.0164 0.7546
vn 0.1624 0.8629 0.4785
vn -0.9439 0.0796 -0.3204
vn 0.9454 -0.0164 -0.3255
vn -0.7239 -0.0243 -0.6895
vn -0.8125 0.5806 -0.0533
vn 0.6444 0.0337 0.7639
vn -0.7467 -0.0136 -0.6651
vn 0.6242 0.0269 0.7808
vn -0.0822 0.6998 -0.7096
vn 0.9342 0.0210 -0.3562
vn -0.2588 -0.0000 0.9659
vn -0.0891 -0.9960 -0.0058
vn 0.6187 0.0006 0.7857
vn 0.2933 -0.9534 -0.0709
vn 0.9276 0.0177 -0.3730
vn 0.2588 -0.0000 -0.9659
vn 0.9815 -0.0164 -0.1908
vn 0.6309 -0.0210 0.7756
vn 0.5496 0.8143 0.1866
vn -0.9951 -0.0982 0.0092
vn -0.9221 -0.0175 0.3865
vn -0.9789 0.0152 0.2035
vn 0.9637 0.2593 0.0632
vn -0.4949 -0.8684 -0.0324
vn -0.9689 0.0119 0.2473
vn -0.0837 -0.9658 -0.2454
vn -0.9789 0.0073 -0.2042
vn 0.2343 0.6997 0.6749
vn 0.3905 -0.8602 -0.3279
vn 0.7857 -0.0123 0.6184
vn 0.9701 -0.0091 -0.2425
vn 0.6184 0.0123 0.7857
vn -0.7841 0.4097 0.4663
vn 0.8773 0.0061 -0.4800
vt 0.506230 0.595439
vt 0.520479 0.593949
vt 0.504847 0.600639
vt 0.538711 0.329581
vt 0.534798 0.316274
vt 0.538126 0.313018
vt 0.409681 0.159083
vt 0.406639 0.173632
vt 0.401969 0.163410
vt 0.371155 0.356198
vt 0.375757 0.371882
vt 0.369677 0.362989
vt 0.433019 0.526485
vt 0.411802 0.542296
vt 0.411433 0.534460
vt 0.425499 0.209339
vt 0.432229 0.211888
vt 0.428464 0.215533
vt 0.360368 0.359052
vt 0.361202 0.366464
vt 0.414344 0.560448
vt 0.419070 0.563815
vt 0.486154 0.216553
vt 0.479492 0.214884
vt 0.481538 0.210337
vt 0.595373 0.208957
vt 0.590308 0.195104
vt 0.595373 0.195104
vt 0.442528 0.556057
vt 0.437095 0.534798
vt 0.443100 0.539843
vt 0.429187 0.503356
vt 0.413813 0.108423
vt 0.406346 0.126318
vt 0.401727 0.115451
vt 0.490233 0.612914
vt 0.498623 0.620646
vt 0.494475 0.620479
vt 0.351090 0.361259
vt 0.347795 0.367690
vt 0.479911 0.614380
vt 0.492263 0.609073
vt 0.596197 0.585604
vt 0.586465 0.585436
vt 0.593636 0.581234
vt 0.433330 0.201604
vt 0.428946 0.203843
vt 0.426365 0.621836
vt 0.428989 0.609361
vt 0.433036 0.619249
vt 0.420640 0.613182
vt 0.425305 0.598205
vt 0.411316 0.590195
vt 0.422361 0.586814
vt 0.450350 0.381940
vt 0.446023 0.365029
vt 0.451910 0.375607
vt 0.396801 0.557925
vt 0.409320 0.548540
vt 0.475237 0.623375
vt 0.482316 0.617852
vt 0.497976 0.202672
vt 0.494598 0.190832
vt 0.500610 0.199711
vt 0.362449 0.752000
vt 0.356065 0.741050
vt 0.359709 0.742060
vt 0.458815 0.375476
vt 0.457416 0.382112
vt 0.478260 0.628814
vt 0.471281 0.623740
vt 0.432988 0.183714
vt 0.437171 0.187157
vt 0.434871 0.189119
vt 0.373192 0.753692
vt 0.359386 0.755344
vt 0.420853 0.625189
vt 0.429779 0.596415
vt 0.415096 0.602383
vt 0.399203 0.594483
vt 0.505409 0.177582
vt 0.507829 0.191574
vt 0.501380 0.178508
vt 0.529402 0.696906
vt 0.534541 0.704071
vt 0.531371 0.705010
vt 0.442465 0.582492
vt 0.438754 0.594633
vt 0.438784 0.578670
vt 0.509685 0.185445
vt 0.516022 0.187564
vt 0.371925 0.749051
vt 0.384209 0.749514
vt 0.437479 0.146803
vt 0.447881 0.157117
vt 0.437628 0.158571
vt 0.440123 0.169728
vt 0.455706 0.417648
vt 0.449751 0.405900
vt 0.452299 0.400219
vt 0.448832 0.186544
vt 0.446500 0.198165
vt 0.444172 0.193020
vt 0.416090 0.628694
vt 0.415390 0.619015
vt 0.522792 0.694873
vt 0.531328 0.694855
vt 0.405223 0.605230
vt 0.390053 0.603314
vt 0.389667 0.585432
vt 0.381060 0.595799
vt 0.380478 0.578073
vt 0.405594 0.242221
vt 0.411278 0.246915
vt 0.400309 0.242124
vt 0.464854 0.108651
vt 0.448654 0.122988
vt 0.450454 0.105356
vt 0.460472 0.142942
vt 0.446971 0.140144
vt 0.458147 0.158698
vt 0.447079 0.172601
vt 0.455753 0.186296
vt 0.449947 0.196904
vt 0.433185 0.607845
vt 0.401255 0.627374
vt 0.399266 0.618260
vt 0.404731 0.623247
vt 0.382657 0.745151
vt 0.392878 0.745686
vt 0.522840 0.697865
vt 0.516284 0.695705
vt 0.443403 0.594530
vt 0.439940 0.606147
vt 0.363581 0.590958
vt 0.348761 0.600827
vt 0.352466 0.586326
vt 0.469584 0.425046
vt 0.465656 0.438089
vt 0.459928 0.435853
vt 0.467322 0.448283
vt 0.463922 0.454507
vt 0.436499 0.616751
vt 0.387114 0.225760
vt 0.380906 0.229441
vt 0.379522 0.223339
vt 0.344722 0.641910
vt 0.347196 0.651227
vt 0.343716 0.650780
vt 0.459187 0.191174
vt 0.454235 0.196893
vt 0.476728 0.457397
vt 0.479404 0.449661
vt 0.505030 0.708114
vt 0.502350 0.701049
vt 0.504360 0.698837
vt 0.443844 0.605623
vt 0.442645 0.615819
vt 0.372724 0.623511
vt 0.368874 0.610747
vt 0.376407 0.616032
vt 0.354330 0.617525
vt 0.359757 0.604422
vt 0.373838 0.232647
vt 0.375643 0.239285
vt 0.493404 0.295356
vt 0.486149 0.293797
vt 0.489410 0.293058
vt 0.495139 0.697798
vt 0.494946 0.701795
vt 0.596706 0.525536
vt 0.601228 0.533830
vt 0.596163 0.533830
vt 0.467698 0.182790
vt 0.469151 0.196593
vt 0.465644 0.189119
vt 0.495508 0.288717
vt 0.496181 0.299988
vt 0.358712 0.654363
vt 0.364753 0.652207
vt 0.366310 0.654679
vt 0.393173 0.642962
vt 0.388753 0.634938
vt 0.395029 0.638003
vt 0.498968 0.304015
vt 0.503954 0.299282
vt 0.505716 0.304085
vt 0.484399 0.700684
vt 0.486674 0.697406
vt 0.359547 0.629728
vt 0.363916 0.621216
vt 0.427728 0.220630
vt 0.421557 0.206700
vt 0.369843 0.646441
vt 0.366700 0.644818
vt 0.507429 0.291650
vt 0.509167 0.296448
vt 0.484779 0.165379
vt 0.487304 0.181840
vt 0.479935 0.173660
vt 0.473885 0.183856
vt 0.474892 0.204478
vt 0.464261 0.207602
vt 0.400818 0.655853
vt 0.396620 0.648179
vt 0.403326 0.650770
vt 0.427180 0.199380
vt 0.377621 0.649391
vt 0.372946 0.639369
vt 0.380041 0.642399
vt 0.398204 0.353663
vt 0.402860 0.353504
vt 0.395453 0.358492
vt 0.353808 0.203828
vt 0.361161 0.200391
vt 0.362340 0.206344
vt 0.379029 0.658695
vt 0.374948 0.657211
vt 0.511159 0.145337
vt 0.509177 0.167932
vt 0.505277 0.154376
vt 0.513972 0.307912
vt 0.518072 0.294011
vt 0.517739 0.308637
vt 0.497169 0.179642
vt 0.492255 0.170842
vt 0.599187 0.719980
vt 0.584132 0.719720
vt 0.586221 0.715106
vt 0.487495 0.200349
vt 0.480423 0.192046
vt 0.531145 0.307935
vt 0.527254 0.295166
vt 0.531472 0.295517
vt 0.527618 0.310608
vt 0.382178 0.362743
vt 0.375763 0.371885
vt 0.376930 0.365174
vt 0.451458 0.790836
vt 0.459937 0.785064
vt 0.463519 0.786383
vt 0.376792 0.385238
vt 0.381521 0.386461
vt 0.337689 0.640645
vt 0.524027 0.173181
vt 0.517048 0.159555
vt 0.516975 0.181598
vt 0.412228 0.167159
vt 0.409197 0.179116
vt 0.493758 0.196374
vt 0.456692 0.778287
vt 0.457743 0.775121
vt 0.369998 0.382661
vt 0.374196 0.379506
vt 0.416651 0.168655
vt 0.372975 0.664625
vt 0.364734 0.663316
vt 0.474871 0.211408
vt 0.342248 0.659471
vt 0.336530 0.649881
vt 0.531167 0.185620
vt 0.596068 0.473618
vt 0.595187 0.488639
vt 0.591126 0.474727
vt 0.449128 0.778217
vt 0.451850 0.780020
vt 0.500462 0.211547
vt 0.491898 0.209099
vt 0.495714 0.217424
vt 0.372841 0.390798
vt 0.364860 0.382209
vt 0.410374 0.152046
vt 0.385182 0.677332
vt 0.377628 0.670020
vt 0.385026 0.671193
vt 0.488378 0.628710
vt 0.486462 0.625008
vt 0.488192 0.195215
vt 0.351877 0.674160
vt 0.345692 0.664015
vt 0.352442 0.665246
vt 0.494594 0.190832
vt 0.537807 0.200282
vt 0.524481 0.193230
vt 0.459804 0.368727
vt 0.453080 0.362022
vt 0.456880 0.360356
vt 0.477174 0.632611
vt 0.493979 0.185049
vt 0.488263 0.187003
vt 0.465410 0.367234
vt 0.458821 0.375478
vt 0.474854 0.634982
vt 0.480111 0.640120
vt 0.477156 0.640256
vt 0.386652 0.685210
vt 0.376658 0.677107
vt 0.365167 0.736864
vt 0.368199 0.738271
vt 0.358606 0.683581
vt 0.359181 0.676524
vt 0.350868 0.684407
vt 0.343303 0.672838
vt 0.334316 0.682523
vt 0.335380 0.672818
vt 0.542902 0.215655
vt 0.530380 0.207064
vt 0.464374 0.386786
vt 0.462391 0.393600
vt 0.520743 0.233666
vt 0.512258 0.226543
vt 0.516761 0.222938
vt 0.397173 0.118326
vt 0.465522 0.635683
vt 0.475589 0.631289
vt 0.495435 0.246932
vt 0.486242 0.245418
vt 0.490734 0.241080
vt 0.395079 0.686544
vt 0.387117 0.694118
vt 0.376568 0.685501
vt 0.501379 0.178500
vt 0.365815 0.726867
vt 0.363715 0.729311
vt 0.340501 0.693990
vt 0.342182 0.683427
vt 0.333064 0.692313
vt 0.472282 0.385790
vt 0.470686 0.392140
vt 0.533570 0.712771
vt 0.536278 0.713906
vt 0.515549 0.251759
vt 0.512135 0.237750
vt 0.503963 0.244578
vt 0.506262 0.256491
vt 0.497719 0.257558
vt 0.488415 0.251515
vt 0.599112 0.682245
vt 0.584057 0.681985
vt 0.586145 0.677371
vt 0.387540 0.703234
vt 0.376650 0.694344
vt 0.505227 0.167674
vt 0.389261 0.143934
vt 0.387756 0.128538
vt 0.393609 0.145553
vt 0.348832 0.704526
vt 0.349065 0.694562
vt 0.399909 0.255295
vt 0.408533 0.257388
vt 0.404911 0.259138
vt 0.547491 0.262716
vt 0.537407 0.246324
vt 0.546358 0.245404
vt 0.538792 0.263295
vt 0.530744 0.251008
vt 0.500859 0.154443
vt 0.509885 0.264754
vt 0.474052 0.400311
vt 0.472481 0.412581
vt 0.467638 0.410609
vt 0.527548 0.714511
vt 0.523130 0.709484
vt 0.524204 0.707180
vt 0.396595 0.710492
vt 0.395656 0.704086
vt 0.388165 0.712717
vt 0.376601 0.703439
vt 0.394690 0.263717
vt 0.398370 0.249836
vt 0.474522 0.428476
vt 0.340811 0.716097
vt 0.340022 0.704552
vt 0.332144 0.705233
vt 0.548028 0.279566
vt 0.517188 0.710513
vt 0.515145 0.708210
vt 0.525171 0.275991
vt 0.520844 0.270699
vt 0.525149 0.268923
vt 0.479673 0.430867
vt 0.484724 0.416340
vt 0.487296 0.422988
vt 0.513819 0.717426
vt 0.517358 0.718080
vt 0.496100 0.280990
vt 0.490759 0.274159
vt 0.495158 0.273891
vt 0.385274 0.258937
vt 0.387277 0.243901
vt 0.388483 0.254871
vt 0.389586 0.722539
vt 0.375607 0.713596
vt 0.377272 0.724593
vt 0.364611 0.716271
vt 0.355966 0.717688
vt 0.337584 0.637083
vt 0.347653 0.640305
vt 0.339051 0.726977
vt 0.331901 0.715564
vt 0.548166 0.296702
vt 0.539344 0.279247
vt 0.539650 0.296190
vt 0.532115 0.283660
vt 0.481426 0.441136
vt 0.474520 0.428485
vt 0.383955 0.247053
vt 0.492431 0.436496
vt 0.479411 0.449666
vt 0.490212 0.286831
vt 0.490583 0.280479
vt 0.400953 0.729657
vt 0.398918 0.722629
vt 0.379498 0.735141
vt 0.375030 0.255945
vt 0.375637 0.239289
vt 0.378167 0.246229
vt 0.486095 0.469005
vt 0.480287 0.472832
vt 0.497375 0.710038
vt 0.502802 0.706538
vt 0.547418 0.314174
vt 0.365871 0.230000
vt 0.364669 0.235333
vt 0.514227 0.296864
vt 0.498706 0.289877
vt 0.403907 0.736759
vt 0.390995 0.732303
vt 0.585245 0.524656
vt 0.589014 0.510396
vt 0.590310 0.524656
vt 0.496791 0.716105
vt 0.494685 0.708420
vt 0.547260 0.330817
vt 0.476843 0.871552
vt 0.457575 0.851398
vt 0.466589 0.848271
vt 0.357744 0.223841
vt 0.355850 0.229212
vt 0.503165 0.315208
vt 0.371015 0.636335
vt 0.407904 0.743309
vt 0.393968 0.741832
vt 0.452925 0.828906
vt 0.460073 0.827143
vt 0.350217 0.216798
vt 0.347112 0.220533
vt 0.381702 0.650462
vt 0.400365 0.377761
vt 0.398907 0.367659
vt 0.403998 0.375619
vt 0.536465 0.346611
vt 0.450793 0.813366
vt 0.454029 0.808658
vt 0.397127 0.374009
vt 0.388756 0.374350
vt 0.508899 0.332772
vt 0.511934 0.320105
vt 0.543057 0.625561
vt 0.529857 0.624248
vt 0.544754 0.620531
vt 0.491324 0.322156
vt 0.486629 0.310748
vt 0.490423 0.311242
vt 0.412495 0.749436
vt 0.399486 0.749097
vt 0.391930 0.653883
vt 0.394319 0.646287
vt 0.528843 0.280157
vt 0.438643 0.813059
vt 0.436028 0.808497
vt 0.366755 0.784290
vt 0.350120 0.778018
vt 0.360767 0.773861
vt 0.358239 0.792533
vt 0.337339 0.783135
vt 0.544079 0.368343
vt 0.546028 0.348836
vt 0.533747 0.626108
vt 0.531018 0.638332
vt 0.394943 0.653156
vt 0.402568 0.658647
vt 0.497084 0.339248
vt 0.500585 0.327450
vt 0.488303 0.332851
vt 0.484551 0.318015
vt 0.411708 0.764042
vt 0.403993 0.757128
vt 0.396268 0.766163
vt 0.403338 0.773176
vt 0.388774 0.773516
vt 0.385830 0.387134
vt 0.391223 0.379316
vt 0.388587 0.400118
vt 0.381521 0.386470
vt 0.369457 0.808860
vt 0.344654 0.799928
vt 0.531855 0.381729
vt 0.533933 0.364685
vt 0.516629 0.639322
vt 0.516872 0.627289
vt 0.520478 0.638809
vt 0.511618 0.368222
vt 0.509456 0.357047
vt 0.514833 0.359539
vt 0.468495 0.212269
vt 0.468099 0.217905
vt 0.453447 0.787423
vt 0.371576 0.396856
vt 0.424232 0.758533
vt 0.418070 0.754644
vt 0.514553 0.630414
vt 0.503309 0.631540
vt 0.590310 0.540676
vt 0.586130 0.554821
vt 0.585245 0.540676
vt 0.393748 0.791063
vt 0.396739 0.813820
vt 0.383329 0.800256
vt 0.383821 0.828286
vt 0.354243 0.818767
vt 0.507008 0.632791
vt 0.505281 0.641543
vt 0.329939 0.730896
vt 0.330357 0.726439
vt 0.343121 0.718408
vt 0.341992 0.729696
vt 0.493452 0.646069
vt 0.492302 0.636634
vt 0.496789 0.644083
vt 0.485983 0.191492
vt 0.477507 0.354930
vt 0.475210 0.341983
vt 0.479360 0.344857
vt 0.490407 0.639721
vt 0.356955 0.726860
vt 0.352526 0.716950
vt 0.472015 0.363486
vt 0.466336 0.372315
vt 0.404396 0.799285
vt 0.414649 0.819359
vt 0.484702 0.649677
vt 0.479830 0.641802
vt 0.483161 0.642630
vt 0.383884 0.863187
vt 0.367178 0.840481
vt 0.529661 0.423873
vt 0.513817 0.427768
vt 0.520133 0.415149
vt 0.353978 0.728953
vt 0.496812 0.398422
vt 0.496835 0.386531
vt 0.502025 0.392192
vt 0.470951 0.646778
vt 0.471553 0.643466
vt 0.477836 0.369410
vt 0.481739 0.364570
vt 0.471932 0.347239
vt 0.484761 0.158494
vt 0.494418 0.166535
vt 0.430115 0.778395
vt 0.438240 0.791929
vt 0.426343 0.789409
vt 0.419538 0.803262
vt 0.588236 0.618774
vt 0.597680 0.618937
vt 0.595179 0.623341
vt 0.478468 0.402348
vt 0.526067 0.717038
vt 0.495644 0.416537
vt 0.500744 0.424029
vt 0.508338 0.138856
vt 0.393710 0.257087
vt 0.391971 0.719897
vt 0.467505 0.352388
vt 0.440673 0.768625
vt 0.438867 0.778136
vt 0.496763 0.408006
vt 0.515963 0.728216
vt 0.512854 0.725694
vt 0.400401 0.718768
vt 0.352650 0.627689
vt 0.351363 0.619336
vt 0.596707 0.534710
vt 0.601228 0.543003
vt 0.596163 0.543003
vt 0.507069 0.425998
vt 0.494881 0.443128
vt 0.462238 0.356673
vt 0.453060 0.765322
vt 0.446935 0.767905
vt 0.368156 0.268537
vt 0.371055 0.253672
vt 0.471347 0.801542
vt 0.480216 0.817960
vt 0.503862 0.853628
vt 0.464244 0.475596
vt 0.361013 0.632678
vt 0.349935 0.629230
vt 0.365320 0.624180
vt 0.458751 0.761193
vt 0.475174 0.778907
vt 0.486495 0.791048
vt 0.509881 0.819244
vt 0.490705 0.835269
vt 0.524233 0.833670
vt 0.448272 0.478500
vt 0.447322 0.458939
vt 0.446177 0.440343
vt 0.498196 0.271089
vt 0.499099 0.280725
vt 0.443313 0.400521
vt 0.439619 0.372939
vt 0.444834 0.370007
vt 0.463438 0.756295
vt 0.465890 0.768800
vt 0.472229 0.760434
vt 0.484273 0.768776
vt 0.492168 0.723918
vt 0.492795 0.715754
vt 0.595636 0.268767
vt 0.600681 0.276639
vt 0.595636 0.277079
vt 0.383307 0.640290
vt 0.430607 0.480501
vt 0.431127 0.460177
vt 0.431924 0.440400
vt 0.444967 0.423277
vt 0.409792 0.369186
vt 0.410402 0.363029
vt 0.434700 0.404032
vt 0.441809 0.385790
vt 0.434294 0.387724
vt 0.387010 0.631996
vt 0.489023 0.757268
vt 0.517920 0.281025
vt 0.517857 0.266866
vt 0.511032 0.767070
vt 0.515560 0.785584
vt 0.505155 0.777987
vt 0.535088 0.776651
vt 0.528387 0.793270
vt 0.543026 0.799230
vt 0.413091 0.478552
vt 0.433988 0.829521
vt 0.412770 0.826768
vt 0.418887 0.439944
vt 0.433655 0.421841
vt 0.420996 0.420614
vt 0.425300 0.403391
vt 0.426662 0.387735
vt 0.433413 0.373909
vt 0.475221 0.738426
vt 0.477879 0.751412
vt 0.470847 0.744015
vt 0.483200 0.743526
vt 0.410077 0.375658
vt 0.404000 0.375626
vt 0.408328 0.373334
vt 0.515391 0.756196
vt 0.522532 0.772046
vt 0.526563 0.758380
vt 0.538987 0.760736
vt 0.548774 0.780591
vt 0.400899 0.452191
vt 0.415380 0.459801
vt 0.405395 0.434834
vt 0.599343 0.710524
vt 0.584288 0.710265
vt 0.586376 0.705650
vt 0.386421 0.640416
vt 0.383563 0.641962
vt 0.521347 0.277133
vt 0.431495 0.823311
vt 0.401543 0.387345
vt 0.397289 0.388811
vt 0.534007 0.636223
vt 0.542085 0.640621
vt 0.398347 0.637655
vt 0.395582 0.644919
vt 0.528847 0.280151
vt 0.405396 0.394619
vt 0.401693 0.397215
vt 0.396961 0.470885
vt 0.384883 0.442057
vt 0.393205 0.425430
vt 0.409310 0.418549
vt 0.405591 0.648039
vt 0.412495 0.392957
vt 0.411340 0.386429
vt 0.413428 0.387897
vt 0.535688 0.276034
vt 0.536107 0.267116
vt 0.519520 0.649028
vt 0.516922 0.647742
vt 0.465099 0.196614
vt 0.382564 0.413369
vt 0.384131 0.399121
vt 0.532099 0.738645
vt 0.539735 0.727617
vt 0.541194 0.738968
vt 0.551262 0.737869
vt 0.462354 0.189916
vt 0.377398 0.425379
vt 0.399909 0.410233
vt 0.428417 0.774315
vt 0.435989 0.774708
vt 0.412160 0.371485
vt 0.510264 0.648262
vt 0.508931 0.640704
vt 0.504173 0.724560
vt 0.495926 0.722481
vt 0.438605 0.765580
vt 0.378643 0.408965
vt 0.466771 0.178023
vt 0.472613 0.178715
vt 0.595524 0.288285
vt 0.600579 0.296276
vt 0.595524 0.296596
vt 0.379148 0.443278
vt 0.371783 0.426669
vt 0.497709 0.653569
vt 0.499164 0.650640
vt 0.476852 0.169703
vt 0.349652 0.714278
vt 0.505167 0.716531
vt 0.352760 0.704630
vt 0.353180 0.715488
vt 0.363573 0.712390
vt 0.471687 0.369301
vt 0.548857 0.725782
vt 0.538760 0.724014
vt 0.548743 0.721626
vt 0.476867 0.654899
vt 0.481459 0.648071
vt 0.479401 0.376575
vt 0.587533 0.646981
vt 0.596977 0.647144
vt 0.594477 0.651549
vt 0.372642 0.710845
vt 0.514555 0.697973
vt 0.531516 0.729313
vt 0.401290 0.277441
vt 0.396322 0.283052
vt 0.393373 0.277342
vt 0.372257 0.703100
vt 0.486841 0.390638
vt 0.496594 0.378751
vt 0.382104 0.350336
vt 0.528199 0.727599
vt 0.400671 0.348693
vt 0.400739 0.352022
vt 0.486685 0.690903
vt 0.495098 0.689989
vt 0.503990 0.689398
vt 0.393687 0.290601
vt 0.390409 0.286005
vt 0.492639 0.392937
vt 0.496770 0.408007
vt 0.344850 0.613571
vt 0.342653 0.616638
vt 0.349216 0.347270
vt 0.357141 0.341823
vt 0.367515 0.338604
vt 0.378973 0.334451
vt 0.389505 0.344726
vt 0.390910 0.714528
vt 0.486111 0.684680
vt 0.507071 0.425985
vt 0.512186 0.680129
vt 0.513313 0.688550
vt 0.519426 0.686634
vt 0.503350 0.728742
vt 0.528792 0.677237
vt 0.536276 0.682834
vt 0.531026 0.684146
vt 0.326379 0.323558
vt 0.338092 0.340609
vt 0.328797 0.345634
vt 0.591190 0.534982
vt 0.591190 0.525536
vt 0.595283 0.531998
vt 0.518507 0.406905
vt 0.370897 0.285271
vt 0.372708 0.270089
vt 0.378634 0.318068
vt 0.390551 0.334595
vt 0.398381 0.322131
vt 0.399429 0.329967
vt 0.488117 0.270112
vt 0.496503 0.675300
vt 0.503735 0.681407
vt 0.496987 0.680428
vt 0.510271 0.672952
vt 0.518753 0.441660
vt 0.521086 0.669317
vt 0.522379 0.676926
vt 0.528622 0.668702
vt 0.534620 0.676455
vt 0.326837 0.301884
vt 0.337451 0.322295
vt 0.596585 0.778375
vt 0.582488 0.773086
vt 0.597116 0.773338
vt 0.370006 0.300348
vt 0.370437 0.313483
vt 0.379909 0.302586
vt 0.390027 0.319480
vt 0.482723 0.667280
vt 0.491519 0.671887
vt 0.484532 0.673437
vt 0.397016 0.847214
vt 0.392888 0.874397
vt 0.375035 0.626601
vt 0.514087 0.668923
vt 0.520244 0.660148
vt 0.527646 0.659928
vt 0.507995 0.269187
vt 0.504482 0.261520
vt 0.389812 0.829299
vt 0.404633 0.844945
vt 0.341508 0.260450
vt 0.342220 0.278916
vt 0.338798 0.272038
vt 0.381652 0.287741
vt 0.410594 0.381220
vt 0.397684 0.295004
vt 0.401753 0.304153
vt 0.396263 0.301438
vt 0.480128 0.660992
vt 0.491387 0.665158
vt 0.488531 0.657296
vt 0.499962 0.661629
vt 0.507436 0.659802
vt 0.336454 0.248396
vt 0.345641 0.258957
vt 0.521157 0.651705
vt 0.517861 0.266860
vt 0.514848 0.263004
vt 0.330497 0.270698
vt 0.398129 0.819221
vt 0.416807 0.384386
vt 0.382585 0.272945
vt 0.599223 0.701043
vt 0.584168 0.700783
vt 0.586257 0.696169
vt 0.528008 0.264805
vt 0.409328 0.390655
vt 0.410589 0.381221
vt 0.526796 0.248036
vt 0.406693 0.793525
vt 0.417335 0.798412
vt 0.405399 0.394626
vt 0.527767 0.651780
vt 0.530621 0.659701
vt 0.531576 0.260731
vt 0.528011 0.264811
vt 0.421850 0.787055
vt 0.542167 0.636879
vt 0.404237 0.406848
vt 0.530283 0.649979
vt 0.600528 0.414315
vt 0.591179 0.414154
vt 0.597643 0.410153
vt 0.410484 0.413047
vt 0.402967 0.268614
vt 0.468073 0.638632
vt 0.518194 0.658360
vt 0.518712 0.649980
vt 0.458222 0.196399
vt 0.458989 0.199388
vt 0.508875 0.651256
vt 0.462353 0.189909
vt 0.370932 0.214985
vt 0.505998 0.652646
vt 0.510512 0.660115
vt 0.338144 0.702648
vt 0.507816 0.650103
vt 0.338505 0.695627
vt 0.595524 0.297477
vt 0.600578 0.305457
vt 0.595524 0.305788
vt 0.381323 0.462818
vt 0.369498 0.196053
vt 0.385204 0.209782
vt 0.483091 0.344447
vt 0.481461 0.354050
vt 0.407134 0.236257
vt 0.409021 0.243646
vt 0.485902 0.366318
vt 0.552288 0.742958
vt 0.541065 0.743232
vt 0.528602 0.740799
vt 0.405751 0.294745
vt 0.402619 0.296544
vt 0.494180 0.584602
vt 0.517921 0.588362
vt 0.506328 0.572116
vt 0.532047 0.580774
vt 0.365461 0.166040
vt 0.366087 0.182846
vt 0.359741 0.178490
vt 0.372085 0.694336
vt 0.384301 0.192394
vt 0.377028 0.200043
vt 0.393683 0.290609
vt 0.402139 0.215974
vt 0.403875 0.223582
vt 0.399966 0.220837
vt 0.507107 0.393265
vt 0.455602 0.618779
vt 0.462659 0.617864
vt 0.458168 0.622283
vt 0.385245 0.292549
vt 0.464662 0.599224
vt 0.482211 0.594709
vt 0.474011 0.603092
vt 0.470414 0.585975
vt 0.478785 0.571236
vt 0.489466 0.554229
vt 0.521226 0.561316
vt 0.590308 0.136174
vt 0.595373 0.150026
vt 0.590308 0.150026
vt 0.389531 0.695899
vt 0.389713 0.700973
vt 0.383857 0.299075
vt 0.400668 0.193606
vt 0.401176 0.202162
vt 0.397200 0.197789
vt 0.397835 0.700856
vt 0.363274 0.602651
vt 0.601299 0.510510
vt 0.596235 0.518484
vt 0.596235 0.510396
vt 0.451487 0.606823
vt 0.458692 0.608390
vt 0.455213 0.580504
vt 0.459229 0.562883
vt 0.365491 0.300338
vt 0.366316 0.284331
vt 0.384460 0.133549
vt 0.382766 0.151530
vt 0.376443 0.145641
vt 0.371385 0.607570
vt 0.400893 0.178911
vt 0.396518 0.173511
vt 0.487479 0.260499
vt 0.489636 0.258484
vt 0.533635 0.416298
vt 0.596912 0.768938
vt 0.582164 0.768683
vt 0.583986 0.763957
vt 0.448270 0.613752
vt 0.453806 0.595115
vt 0.380461 0.616058
vt 0.465671 0.544552
vt 0.497707 0.262627
vt 0.405677 0.134534
vt 0.399835 0.158920
vt 0.422329 0.185367
vt 0.414952 0.192009
vt 0.424097 0.581560
vt 0.438342 0.560489
vt 0.418620 0.126336
vt 0.425299 0.163036
vt 0.429688 0.180160
vt 0.410064 0.584623
vt 0.408899 0.541869
vt 0.375883 0.543597
vt 0.392629 0.523216
vt 0.417544 0.105795
vt 0.431616 0.123253
vt 0.433960 0.142101
vt 0.421915 0.145438
vt 0.433643 0.159515
vt 0.433736 0.195225
vt 0.444869 0.202713
vt 0.439420 0.205625
vt 0.412403 0.616756
vt 0.413600 0.606006
vt 0.417129 0.612780
vt 0.400358 0.590063
vt 0.403479 0.571518
vt 0.392718 0.581232
vt 0.391451 0.557063
vt 0.378687 0.572713
vt 0.445145 0.102268
vt 0.430758 0.103759
vt 0.443103 0.135826
vt 0.437827 0.175062
vt 0.444722 0.184526
vt 0.440767 0.190609
vt 0.399344 0.614817
vt 0.407015 0.609576
vt 0.353214 0.579511
vt 0.362835 0.562039
vt 0.415931 0.632074
vt 0.402588 0.630542
vt 0.407705 0.624527
vt 0.391981 0.623241
vt 0.386829 0.607214
vt 0.397643 0.615347
vt 0.377909 0.599075
vt 0.368332 0.590717
vt 0.469941 0.109831
vt 0.479507 0.133341
vt 0.467848 0.127803
vt 0.474799 0.149442
vt 0.464905 0.144726
vt 0.469874 0.163945
vt 0.462239 0.160299
vt 0.460054 0.174671
vt 0.458896 0.184488
vt 0.411316 0.637051
vt 0.484573 0.115800
vt 0.490706 0.142641
vt 0.408198 0.642422
vt 0.340354 0.626816
vt 0.497442 0.126373
vt 0.473216 0.224769
vt 0.389587 0.661586
vt 0.357732 0.642518
vt 0.483907 0.220685
vt 0.400417 0.664849
vt 0.388052 0.669317
vt 0.354591 0.662750
vt 0.356189 0.652449
vt 0.513452 0.204440
vt 0.481012 0.236080
vt 0.477467 0.230409
vt 0.398901 0.670974
vt 0.388747 0.676495
vt 0.372501 0.676513
vt 0.363820 0.666942
vt 0.374742 0.668172
vt 0.354238 0.672484
vt 0.355142 0.663972
vt 0.341656 0.670435
vt 0.335823 0.661835
vt 0.343597 0.662146
vt 0.521230 0.197073
vt 0.518775 0.217762
vt 0.504479 0.211684
vt 0.508883 0.223533
vt 0.497579 0.221861
vt 0.491741 0.236285
vt 0.488654 0.227427
vt 0.483745 0.242100
vt 0.397971 0.677100
vt 0.388942 0.682533
vt 0.372014 0.685437
vt 0.362187 0.675346
vt 0.526831 0.210621
vt 0.524166 0.231529
vt 0.508875 0.234623
vt 0.500150 0.229173
vt 0.496192 0.241726
vt 0.361419 0.685335
vt 0.361642 0.694580
vt 0.352888 0.686398
vt 0.545041 0.221887
vt 0.536484 0.240723
vt 0.533387 0.225063
vt 0.396643 0.694669
vt 0.352642 0.694845
vt 0.332047 0.694960
vt 0.519119 0.255304
vt 0.362233 0.703690
vt 0.508299 0.280981
vt 0.398904 0.712253
vt 0.342881 0.743462
vt 0.345273 0.758204
vt 0.330411 0.744892
vt 0.525144 0.325803
vt 0.515710 0.321837
vt 0.493878 0.309189
vt 0.496177 0.299993
vt 0.396217 0.751320
vt 0.387899 0.756916
vt 0.363485 0.769674
vt 0.348584 0.772768
vt 0.335398 0.776753
vt 0.332074 0.760638
vt 0.532295 0.345274
vt 0.534381 0.328946
vt 0.522499 0.341138
vt 0.499808 0.316490
vt 0.494625 0.318276
vt 0.493879 0.309196
vt 0.393137 0.763326
vt 0.377106 0.763906
vt 0.384250 0.774359
vt 0.518905 0.357953
vt 0.512753 0.335629
vt 0.379923 0.795441
vt 0.371430 0.783808
vt 0.362422 0.792908
vt 0.529141 0.363109
vt 0.514250 0.375502
vt 0.502061 0.365798
vt 0.495472 0.345745
vt 0.507542 0.349664
vt 0.486233 0.337297
vt 0.478258 0.328316
vt 0.413232 0.768182
vt 0.413662 0.782416
vt 0.406536 0.776614
vt 0.395534 0.785896
vt 0.537946 0.395270
vt 0.526860 0.384415
vt 0.491877 0.355537
vt 0.432090 0.764281
vt 0.420326 0.770839
vt 0.426771 0.761451
vt 0.431306 0.854223
vt 0.515061 0.448117
vt 0.429039 0.887271
vt 0.501035 0.459897
vt 0.450191 0.413533
vt 0.443737 0.405650
vt 0.492406 0.790552
vt 0.512012 0.790129
vt 0.502180 0.801336
vt 0.525373 0.799144
vt 0.515022 0.813740
vt 0.529737 0.825498
vt 0.438539 0.415747
vt 0.444542 0.417529
vt 0.468244 0.747157
vt 0.471074 0.756748
vt 0.463488 0.751923
vt 0.489324 0.767804
vt 0.505815 0.764579
vt 0.499767 0.777164
vt 0.426889 0.454122
vt 0.421983 0.445234
vt 0.427967 0.446631
vt 0.497447 0.747402
vt 0.494301 0.758797
vt 0.418238 0.413316
vt 0.413257 0.398248
vt 0.420489 0.401478
vt 0.422528 0.386829
vt 0.423146 0.374949
vt 0.477446 0.727126
vt 0.485631 0.739239
vt 0.473914 0.733887
vt 0.501157 0.737439
vt 0.512329 0.752188
vt 0.515024 0.739842
vt 0.527261 0.753392
vt 0.539888 0.755666
vt 0.552221 0.757052
vt 0.419237 0.372774
vt 0.480416 0.720481
vt 0.489337 0.731853
vt 0.359801 0.443813
vt 0.374123 0.461628
vt 0.348284 0.423030
vt 0.360908 0.408993
vt 0.406749 0.356840
vt 0.483582 0.707288
vt 0.482366 0.713952
vt 0.545570 0.711333
vt 0.353194 0.390065
vt 0.539502 0.692933
vt 0.542473 0.701746
vt 0.334641 0.374821
vt 0.339754 0.399549
vt 0.385907 0.353905
vt 0.385562 0.364808
vt 0.515372 0.689887
vt 0.529508 0.686216
vt 0.537788 0.684848
vt 0.331048 0.353553
vt 0.394092 0.338755
vt 0.402234 0.343620
vt 0.393239 0.347422
vt 0.496607 0.687433
vt 0.502002 0.682981
vt 0.502111 0.687602
vt 0.521816 0.687401
vt 0.527455 0.679018
vt 0.342899 0.321405
vt 0.355608 0.334764
vt 0.343251 0.344430
vt 0.366169 0.316696
vt 0.366704 0.331521
vt 0.374842 0.322022
vt 0.374469 0.330139
vt 0.482550 0.676391
vt 0.494488 0.681400
vt 0.483683 0.682843
vt 0.513775 0.677788
vt 0.519381 0.671315
vt 0.520321 0.678356
vt 0.353498 0.299989
vt 0.354034 0.318718
vt 0.393855 0.314460
vt 0.401026 0.309777
vt 0.401472 0.319009
vt 0.493981 0.667392
vt 0.502729 0.671087
vt 0.494163 0.673215
vt 0.501193 0.664920
vt 0.511681 0.670206
vt 0.535500 0.667736
vt 0.530330 0.667045
vt 0.328712 0.276289
vt 0.340186 0.300021
vt 0.326379 0.295233
vt 0.354724 0.281639
vt 0.392329 0.303717
vt 0.539366 0.651384
vt 0.537570 0.660467
vt 0.357329 0.264373
vt 0.351136 0.242595
vt 0.360877 0.248945
vt 0.473814 0.652935
vt 0.342486 0.234689
vt 0.511882 0.614234
vt 0.540859 0.604906
vt 0.389862 0.231756
vt 0.461721 0.630471
vt 0.526239 0.609121
vt 0.358274 0.184221
vt 0.353579 0.197743
vt 0.394799 0.219978
vt 0.457598 0.625652
vt 0.465764 0.617152
vt 0.485410 0.599161
vt 0.494487 0.590232
vt 0.375251 0.173741
vt 0.376450 0.193667
vt 0.368013 0.189515
vt 0.389574 0.208908
vt 0.401444 0.209224
vt 0.394800 0.219969
vt 0.405115 0.230159
vt 0.418398 0.231431
vt 0.414053 0.238446
vt 0.466111 0.603476
vt 0.473883 0.607517
vt 0.367668 0.160727
vt 0.383642 0.159430
vt 0.383836 0.185976
vt 0.400404 0.185877
vt 0.392882 0.197149
vt 0.401450 0.209222
vt 0.416243 0.213097
vt 0.410926 0.220693
vt 0.422918 0.225418
vt 0.453106 0.619105
vt 0.453083 0.609897
vt 0.458656 0.611926
vt 0.488438 0.546867
vt 0.478754 0.512683
vt 0.502124 0.530294
vt 0.391788 0.172400
vt 0.408795 0.199834
vt 0.400410 0.185877
vt 0.454139 0.565155
vt 0.451568 0.576904
vt 0.468315 0.535401
vt 0.444091 0.496793
vt 0.439460 0.531789
vt 0.401575 0.517044
vt 0.596046 0.834856
vt 0.581540 0.830822
vt 0.596134 0.829792
vt 0.497255 0.805553
vt 0.375862 0.666989
vt 0.583921 0.733600
vt 0.598668 0.733854
vt 0.585202 0.738500
vt 0.414754 0.122570
vt 0.396953 0.349317
vt 0.393237 0.347429
vt 0.368008 0.189519
vt 0.497905 0.308529
vt 0.357525 0.662110
vt 0.595274 0.759430
vt 0.580527 0.759176
vt 0.593617 0.754644
vt 0.484085 0.306902
vt 0.597292 0.448759
vt 0.587561 0.448591
vt 0.590270 0.444312
vt 0.344514 0.661359
vt 0.390363 0.219492
vt 0.335683 0.658799
vt 0.433730 0.195224
vt 0.598422 0.748166
vt 0.583675 0.747912
vt 0.585496 0.743186
vt 0.405109 0.230162
vt 0.436885 0.209137
vt 0.410715 0.239541
vt 0.600712 0.564012
vt 0.595666 0.556141
vt 0.600712 0.555701
vt 0.579300 0.554936
vt 0.583069 0.540676
vt 0.584365 0.554936
vt 0.343248 0.344441
vt 0.490098 0.221932
vt 0.403482 0.566608
vt 0.494603 0.778471
vt 0.499774 0.779378
vt 0.370985 0.173688
vt 0.597210 0.642137
vt 0.587765 0.641974
vt 0.590266 0.637569
vt 0.493271 0.684198
vt 0.540471 0.806968
vt 0.498184 0.321461
vt 0.495375 0.682533
vt 0.388358 0.198226
vt 0.437822 0.175058
vt 0.392882 0.197157
vt 0.436567 0.181937
vt 0.405852 0.219214
vt 0.440765 0.190616
vt 0.518691 0.680133
vt 0.400043 0.756642
vt 0.520944 0.679220
vt 0.595886 0.401940
vt 0.604108 0.407147
vt 0.595798 0.407004
vt 0.437880 0.408298
vt 0.600343 0.425045
vt 0.590994 0.424883
vt 0.593424 0.420439
vt 0.459254 0.614589
vt 0.460105 0.612084
vt 0.598365 0.380877
vt 0.598565 0.390608
vt 0.594187 0.388062
vt 0.474376 0.751935
vt 0.397408 0.683352
vt 0.506189 0.540362
vt 0.507548 0.349659
vt 0.443671 0.122261
vt 0.504948 0.342935
vt 0.373607 0.148931
vt 0.591190 0.550122
vt 0.591190 0.540676
vt 0.595283 0.547138
vt 0.493629 0.674568
vt 0.503200 0.674353
vt 0.481790 0.326185
vt 0.403957 0.197688
vt 0.421557 0.452886
vt 0.444503 0.176945
vt 0.512492 0.671239
vt 0.535329 0.219410
vt 0.395505 0.781097
vt 0.411171 0.623726
vt 0.393290 0.785350
vt 0.448535 0.616520
vt 0.408012 0.622768
vt 0.534707 0.669615
vt 0.584365 0.510396
vt 0.580597 0.524656
vt 0.579300 0.510396
vt 0.397974 0.610681
vt 0.336343 0.305065
vt 0.426907 0.373262
vt 0.370321 0.803682
vt 0.502596 0.238490
vt 0.492703 0.748297
vt 0.372588 0.589367
vt 0.368193 0.588686
vt 0.394901 0.692895
vt 0.388276 0.307275
vt 0.507430 0.364090
vt 0.597474 0.672737
vt 0.582419 0.672477
vt 0.584507 0.667863
vt 0.462800 0.126168
vt 0.392332 0.303725
vt 0.590308 0.288539
vt 0.590308 0.279093
vt 0.594644 0.285921
vt 0.551928 0.763121
vt 0.590308 0.209837
vt 0.595373 0.223689
vt 0.590308 0.223689
vt 0.473491 0.337540
vt 0.601257 0.443525
vt 0.591908 0.443364
vt 0.598332 0.439390
vt 0.456112 0.173364
vt 0.597665 0.604551
vt 0.588220 0.604388
vt 0.590721 0.599984
vt 0.419402 0.766732
vt 0.513040 0.662156
vt 0.510038 0.661636
vt 0.547021 0.238929
vt 0.597151 0.581295
vt 0.605054 0.586486
vt 0.597064 0.586359
vt 0.526799 0.248028
vt 0.522464 0.245835
vt 0.395470 0.623251
vt 0.601841 0.363106
vt 0.601754 0.368170
vt 0.587627 0.367041
vt 0.587471 0.453795
vt 0.594642 0.449593
vt 0.597202 0.453963
vt 0.444016 0.613145
vt 0.601226 0.551858
vt 0.596163 0.551972
vt 0.596163 0.543884
vt 0.595908 0.820370
vt 0.596264 0.825422
vt 0.581636 0.825170
vt 0.583995 0.729020
vt 0.597121 0.724592
vt 0.599039 0.729280
vt 0.582092 0.815718
vt 0.582180 0.810654
vt 0.596645 0.811853
vt 0.595373 0.254035
vt 0.595373 0.267887
vt 0.590308 0.267887
vt 0.465928 0.881769
vt 0.540452 0.387984
vt 0.590308 0.164759
vt 0.590308 0.150906
vt 0.595373 0.150906
vt 0.590450 0.555701
vt 0.594786 0.558319
vt 0.590450 0.565147
vt 0.594644 0.309192
vt 0.590308 0.306574
vt 0.594644 0.299746
vt 0.592080 0.433437
vt 0.595241 0.429480
vt 0.601428 0.433598
vt 0.596899 0.801606
vt 0.596812 0.806670
vt 0.582262 0.805137
vt 0.461656 0.203358
vt 0.588103 0.594944
vt 0.590884 0.590710
vt 0.597557 0.595107
vt 0.590308 0.289419
vt 0.594644 0.292037
vt 0.590308 0.298865
vt 0.405426 0.280098
vt 0.597617 0.609456
vt 0.590520 0.613781
vt 0.588172 0.609293
vt 0.566484 0.672202
vt 0.579611 0.667779
vt 0.581539 0.672462
vt 0.415209 0.369008
vt 0.334968 0.254469
vt 0.597055 0.792150
vt 0.596967 0.797214
vt 0.582418 0.795681
vt 0.600570 0.306668
vt 0.600570 0.314980
vt 0.595524 0.314540
vt 0.331551 0.702456
vt 0.591190 0.510396
vt 0.595355 0.513278
vt 0.591190 0.519842
vt 0.584365 0.539796
vt 0.579300 0.539796
vt 0.580597 0.525536
vt 0.590308 0.268767
vt 0.594755 0.275789
vt 0.590308 0.278213
vt 0.585245 0.525536
vt 0.590310 0.525536
vt 0.589222 0.539739
vt 0.335372 0.670018
vt 0.400314 0.335953
vt 0.536106 0.586974
vt 0.599428 0.687043
vt 0.586301 0.691466
vt 0.584373 0.686783
vt 0.595373 0.239302
vt 0.595373 0.253154
vt 0.590308 0.253154
vt 0.590308 0.194224
vt 0.590308 0.180372
vt 0.595373 0.180372
vt 0.585245 0.555701
vt 0.589570 0.558336
vt 0.585245 0.565434
vt 0.595373 0.179491
vt 0.590308 0.179491
vt 0.590308 0.165639
vt 0.591994 0.438400
vt 0.595059 0.434369
vt 0.601342 0.438562
vt 0.590308 0.238422
vt 0.590308 0.224569
vt 0.595373 0.224569
vt 0.601318 0.173725
vt 0.596253 0.173725
vt 0.596436 0.165639
vt 0.595524 0.287405
vt 0.595524 0.279093
vt 0.600589 0.279093
vt 0.598347 0.379997
vt 0.594202 0.377086
vt 0.598155 0.370649
vt 0.604006 0.396134
vt 0.603919 0.401198
vt 0.595609 0.401054
vt 0.588003 0.632676
vt 0.595101 0.628351
vt 0.597448 0.632839
vt 0.587801 0.356918
vt 0.601652 0.357157
vt 0.601564 0.362221
vt 0.582720 0.787489
vt 0.582363 0.782437
vt 0.596991 0.782689
vt 0.587238 0.660862
vt 0.594335 0.656537
vt 0.596682 0.661025
vt 0.596008 0.472732
vt 0.591361 0.470718
vt 0.596871 0.458008
vt 0.591087 0.419519
vt 0.598161 0.415155
vt 0.600435 0.419680
vt 0.601318 0.144260
vt 0.596253 0.144260
vt 0.596436 0.136174
vt 0.579300 0.555816
vt 0.583743 0.562840
vt 0.579300 0.565272
s 0
usemtl マテリアル
f 491/1/1 1032/2/1 1031/3/1
f 207/4/2 734/5/2 196/6/2
f 14/7/3 4/8/3 3/9/3
f 396/10/4 919/11/4 931/12/4
f 11/13/5 551/14/5 22/15/5
f 5/16/6 17/17/6 6/18/6
f 395/19/7 931/12/7 930/20/7
f 21/21/8 551/14/8 549/22/8
f 112/23/9 639/24/9 102/25/9
f 195/26/10 745/27/10 206/28/10
f 10/29/11 550/30/11 11/31/11
f 22/15/12 1/32/12 11/13/12
f 23/33/13 13/34/13 12/35/13
f 490/36/14 1019/37/14 480/38/14
f 394/39/15 930/20/15 929/40/15
f 490/36/16 1029/41/16 1030/42/16
f 301/43/17 830/44/17 838/45/17
f 26/46/18 17/17/18 16/47/18
f 27/48/19 18/49/19 17/50/19
f 28/51/20 19/52/20 18/49/20
f 19/52/21 30/53/21 20/54/21
f 300/55/22 838/56/22 837/57/22
f 21/21/23 32/58/23 22/59/23
f 488/60/24 1029/41/24 489/61/24
f 110/62/25 637/63/25 648/64/25
f 205/65/26 731/66/26 194/67/26
f 300/55/27 829/68/27 288/69/27
f 478/70/28 1028/71/28 488/60/28
f 25/72/29 36/73/29 26/74/29
f 205/65/30 742/75/30 743/76/30
f 37/77/31 28/51/31 27/48/31
f 20/54/32 545/78/32 19/52/32
f 29/79/33 40/80/33 30/53/33
f 99/81/34 647/82/34 636/83/34
f 392/84/35 915/85/35 382/86/35
f 9/87/36 544/88/36 546/89/36
f 109/90/37 646/91/37 647/82/37
f 204/92/38 741/93/38 742/75/38
f 33/94/39 46/95/39 34/96/39
f 46/95/40 35/97/40 34/96/40
f 298/98/41 836/99/41 299/100/41
f 48/101/42 37/102/42 36/103/42
f 49/104/43 38/105/43 37/77/43
f 392/84/44 926/106/44 927/107/44
f 39/108/45 52/109/45 40/80/45
f 52/109/46 41/110/46 40/80/46
f 53/111/47 42/112/47 41/110/47
f 486/113/48 1027/114/48 1026/115/48
f 55/116/49 44/117/49 43/118/49
f 44/117/50 57/119/50 45/120/50
f 57/119/51 46/95/51 45/120/51
f 58/121/52 47/122/52 46/95/52
f 47/122/53 60/123/53 48/101/53
f 60/123/54 49/124/54 48/101/54
f 19/52/55 543/125/55 18/49/55
f 62/126/56 51/127/56 50/128/56
f 203/129/57 740/130/57 741/93/57
f 391/131/58 925/132/58 926/106/58
f 8/133/59 542/134/59 544/88/59
f 54/135/60 55/136/60 43/137/60
f 285/138/61 834/139/61 297/140/61
f 297/140/62 833/141/62 296/142/62
f 18/49/63 541/143/63 17/50/63
f 485/144/64 1024/145/64 484/146/64
f 96/147/65 645/148/65 106/149/65
f 69/150/66 61/151/66 60/123/66
f 284/152/67 833/141/67 825/153/67
f 379/154/68 924/155/68 389/156/68
f 7/157/69 540/158/69 542/134/69
f 73/159/70 65/160/70 64/161/70
f 65/160/71 75/162/71 66/163/71
f 75/162/72 55/136/72 66/163/72
f 474/164/73 1024/145/73 1013/165/73
f 200/166/74 739/167/74 201/168/74
f 388/169/75 924/155/75 923/170/75
f 17/171/76 540/172/76 6/173/76
f 68/174/77 79/175/77 69/176/77
f 189/177/78 738/178/78 200/166/78
f 105/179/79 643/180/79 104/181/79
f 81/182/80 72/183/80 71/184/80
f 200/185/81 737/186/81 199/187/81
f 388/169/82 922/188/82 387/189/82
f 84/190/83 75/162/83 74/191/83
f 5/16/84 540/192/84 538/193/84
f 95/194/85 643/180/85 632/195/85
f 199/187/86 728/196/86 188/197/86
f 76/198/87 89/199/87 77/200/87
f 89/199/88 78/201/88 77/200/88
f 78/201/89 91/202/89 79/175/89
f 91/202/90 80/203/90 79/175/90
f 92/204/91 81/205/91 80/206/91
f 16/47/92 538/193/92 539/207/92
f 94/208/93 83/209/93 82/210/93
f 386/211/94 922/212/94 921/213/94
f 481/214/95 1023/215/95 482/216/95
f 94/208/96 642/217/96 103/218/96
f 86/219/97 98/220/97 87/221/97
f 198/222/98 727/223/98 736/224/98
f 99/225/99 89/199/99 88/226/99
f 471/227/76 1022/228/76 481/229/76
f 101/230/100 91/202/100 90/231/100
f 197/232/101 726/233/101 186/234/101
f 197/232/102 734/5/102 735/235/102
f 385/236/103 919/237/103 384/238/103
f 94/208/104 104/181/104 95/194/104
f 279/239/105 832/240/105 291/241/105
f 375/242/106 919/237/106 907/243/106
f 106/149/107 86/244/107 96/147/107
f 107/245/108 98/220/108 97/246/108
f 108/247/109 99/81/109 98/220/109
f 15/248/110 535/249/110 4/8/110
f 110/62/111 101/230/111 100/250/111
f 101/230/112 112/23/112 102/25/112
f 291/241/113 831/251/113 290/252/113
f 383/253/114 919/11/114 384/254/114
f 14/7/115 534/255/115 15/248/115
f 114/256/116 104/181/116 103/218/116
f 115/257/117 105/179/117 104/181/117
f 91/202/118 639/24/118 628/258/118
f 117/259/119 97/260/119 106/149/119
f 118/261/120 108/247/120 107/245/120
f 195/262/121 725/263/121 733/264/121
f 278/265/122 831/251/122 819/266/122
f 120/267/123 111/268/123 110/62/123
f 121/269/124 112/23/124 111/268/124
f 374/270/125 918/271/125 383/253/125
f 3/9/126 533/272/126 14/7/126
f 123/273/127 114/274/127 113/275/127
f 480/38/128 1018/276/128 479/277/128
f 90/231/129 638/278/129 101/230/129
f 126/279/130 117/280/130 116/281/130
f 100/250/131 638/278/131 637/282/131
f 128/283/132 119/284/132 118/261/132
f 288/285/133 830/286/133 289/287/133
f 479/277/134 1017/288/134 478/70/134
f 100/289/135 626/290/135 89/199/135
f 276/291/136 829/292/136 288/285/136
f 478/293/137 1005/294/137 466/295/137
f 99/225/138 637/63/138 100/289/138
f 134/296/139 124/297/139 123/273/139
f 194/67/140 730/298/140 193/299/140
f 136/300/141 126/279/141 125/301/141
f 137/302/142 127/303/142 126/279/142
f 127/303/143 128/304/143 118/305/143
f 139/306/144 129/307/144 128/283/144
f 288/69/145 828/308/145 287/309/145
f 141/310/146 131/311/146 130/312/146
f 13/34/147 530/313/147 12/35/147
f 478/293/148 1016/314/148 1017/315/148
f 144/316/149 133/317/149 132/318/149
f 133/319/150 146/320/150 134/296/150
f 146/320/151 135/321/151 134/296/151
f 88/226/152 636/322/152 99/225/152
f 181/323/153 730/298/153 721/324/153
f 137/302/154 149/325/154 138/326/154
f 138/326/155 139/327/155 128/304/155
f 287/309/156 817/328/156 275/329/156
f 373/330/157 915/85/157 903/331/157
f 141/310/158 153/332/158 142/333/158
f 153/332/159 143/334/159 142/333/159
f 154/335/160 144/316/160 143/334/160
f 155/336/161 145/337/161 144/316/161
f 12/338/162 528/339/162 1/340/162
f 157/341/163 147/342/163 146/320/163
f 99/81/164 635/343/164 98/220/164
f 2/344/165 528/345/165 529/346/165
f 159/347/166 149/325/166 148/348/166
f 476/349/167 1016/350/167 477/351/167
f 161/352/168 151/353/168 150/354/168
f 162/355/169 152/356/169 151/353/169
f 87/221/170 635/343/170 624/357/170
f 153/332/171 165/358/171 154/335/171
f 274/359/172 827/360/172 286/361/172
f 372/362/173 914/363/173 381/364/173
f 167/365/174 157/341/174 156/366/174
f 168/367/175 158/368/175 157/341/175
f 464/369/176 1015/370/176 476/349/176
f 285/138/177 827/360/177 826/371/177
f 159/347/178 172/372/178 160/373/178
f 172/372/179 150/374/179 160/373/179
f 173/375/180 162/355/180 161/352/180
f 381/364/181 913/376/181 380/377/181
f 175/378/182 164/379/182 163/380/182
f 285/381/19 815/382/19 273/383/19
f 371/384/183 913/376/183 901/385/183
f 177/386/184 167/387/184 166/388/184
f 463/389/185 1014/390/185 1002/391/185
f 179/392/186 169/393/186 168/367/186
f 180/394/187 170/395/187 169/393/187
f 181/323/188 171/396/188 170/395/188
f 96/147/189 623/397/189 634/398/189
f 183/399/190 161/400/190 172/372/190
f 184/401/191 174/402/191 173/375/191
f 185/403/192 175/404/192 174/402/192
f 284/405/193 826/406/193 285/381/193
f 475/407/194 1013/165/194 1014/390/194
f 272/408/195 825/409/195 284/405/195
f 177/386/196 190/410/196 178/411/196
f 190/412/197 179/392/197 178/413/197
f 179/392/198 192/414/198 180/394/198
f 180/394/199 193/299/199 181/323/199
f 462/415/200 1013/416/200 474/417/200
f 284/152/201 824/418/201 283/419/201
f 378/420/202 912/421/202 379/154/202
f 195/422/203 185/403/203 184/401/203
f 196/6/204 186/234/204 185/403/204
f 473/423/205 1013/416/205 1012/424/205
f 198/222/206 188/197/206 187/425/206
f 177/386/198 729/426/198 189/177/198
f 200/166/207 190/410/207 189/177/207
f 201/427/208 191/428/208 190/412/208
f 191/428/209 203/129/209 192/414/209
f 203/129/210 193/299/210 192/414/210
f 204/92/211 194/67/211 193/299/211
f 271/429/212 824/430/212 813/431/212
f 369/432/213 911/433/213 378/420/213
f 206/434/214 196/6/214 195/422/214
f 271/435/215 823/436/215 282/437/215
f 472/438/216 1012/424/216 1011/439/216
f 198/222/217 209/440/217 199/187/217
f 209/440/218 200/185/218 199/187/218
f 95/194/219 620/441/219 83/209/219
f 211/442/220 202/443/220 201/427/220
f 187/425/221 728/196/221 727/223/221
f 282/437/222 822/444/222 281/445/222
f 471/446/223 1011/439/223 1010/447/223
f 82/210/224 631/448/224 94/208/224
f 367/449/225 909/450/225 898/451/225
f 206/434/226 216/452/226 207/4/226
f 281/445/227 821/453/227 280/454/227
f 377/455/228 908/456/228 909/450/228
f 217/457/229 209/440/229 208/458/229
f 461/459/230 1009/460/230 998/461/230
f 219/462/231 211/463/231 210/464/231
f 220/465/232 212/466/232 211/442/232
f 81/205/233 630/467/233 618/468/233
f 175/404/234 726/233/234 715/469/234
f 280/454/235 810/470/235 269/471/235
f 224/472/236 214/473/236 213/474/236
f 225/475/237 206/476/237 214/473/237
f 226/477/238 216/452/238 215/478/238
f 470/479/239 997/480/239 1009/460/239
f 93/481/240 629/482/240 630/467/240
f 217/457/241 230/483/241 218/484/241
f 230/483/242 219/462/242 218/484/242
f 231/485/243 220/486/243 219/462/243
f 220/465/244 233/487/244 221/488/244
f 233/487/245 222/489/245 221/488/245
f 234/490/246 223/491/246 222/489/246
f 375/492/247 908/456/247 376/493/247
f 365/494/248 907/495/248 375/492/248
f 237/496/249 215/497/249 225/475/249
f 226/477/250 239/498/250 227/499/250
f 459/500/251 1008/501/251 996/502/251
f 240/503/252 229/504/252 228/505/252
f 92/506/253 628/258/253 629/507/253
f 278/265/254 820/508/254 279/239/254
f 374/270/255 907/495/255 906/509/255
f 243/510/256 233/487/256 232/511/256
f 469/512/257 1007/513/257 1008/501/257
f 184/514/258 724/515/258 725/516/258
f 235/517/259 246/518/259 236/519/259
f 246/518/260 237/496/260 236/519/260
f 247/520/261 226/521/261 237/496/261
f 468/522/262 995/523/262 1007/513/262
f 183/399/263 724/524/263 173/525/263
f 183/399/264 713/526/264 723/527/264
f 457/528/265 1006/529/265 994/530/265
f 90/231/266 626/290/266 627/531/266
f 253/532/267 243/533/267 242/534/267
f 467/535/268 1005/294/268 1006/529/268
f 182/536/269 712/537/269 171/396/269
f 265/538/270 818/539/270 276/291/270
f 245/540/271 258/541/271 246/518/271
f 456/542/272 1005/543/272 466/544/272
f 247/520/273 248/545/273 238/546/273
f 248/547/274 261/548/274 249/549/274
f 182/536/275 721/324/275 722/550/275
f 262/551/276 251/552/276 250/553/276
f 466/295/277 1004/554/277 465/555/277
f 264/556/278 253/532/278 252/557/278
f 265/538/279 254/558/279 253/532/279
f 88/226/280 613/559/280 625/560/280
f 255/561/281 268/562/281 256/563/281
f 268/562/282 257/564/282 256/563/282
f 269/471/283 258/541/283 257/564/283
f 465/565/76 992/566/76 455/567/76
f 274/359/284 817/328/284 816/568/284
f 373/330/285 902/569/285 372/362/285
f 272/408/286 262/570/286 261/571/286
f 87/221/287 623/572/287 86/219/287
f 464/369/288 1002/391/288 1003/573/288
f 168/367/289 720/574/289 179/392/289
f 276/291/110 266/575/110 265/538/110
f 266/576/12 278/265/12 267/577/12
f 278/265/270 268/562/270 267/577/270
f 268/562/290 280/454/290 269/471/290
f 262/570/291 815/382/291 804/578/291
f 371/384/292 890/579/292 360/580/292
f 179/392/293 719/581/293 178/413/293
f 85/582/294 610/583/294 75/162/294
f 272/408/295 285/381/295 273/383/295
f 178/584/76 708/585/76 167/586/76
f 274/359/296 287/309/296 275/329/296
f 272/408/297 803/587/297 814/588/297
f 288/285/13 277/589/13 276/291/13
f 289/590/298 278/265/298 277/591/298
f 462/415/203 990/592/203 1001/593/203
f 291/241/299 280/454/299 279/239/299
f 292/594/21 281/445/21 280/454/21
f 293/595/20 282/437/20 281/445/20
f 282/437/19 283/596/19 271/435/19
f 295/597/300 284/152/300 283/419/300
f 85/582/301 621/598/301 622/599/301
f 285/138/302 298/98/302 286/361/302
f 298/98/303 287/309/303 286/361/303
f 299/100/304 288/69/304 287/309/304
f 84/190/305 609/600/305 621/598/305
f 301/601/306 290/252/306 289/590/306
f 290/252/307 303/602/307 291/241/307
f 303/602/308 292/594/308 291/241/308
f 304/603/33 293/595/33 292/594/33
f 293/595/309 306/604/309 294/605/309
f 294/605/31 295/606/31 283/596/31
f 307/607/42 296/142/42 295/597/42
f 308/608/310 297/140/310 296/142/310
f 309/609/40 298/98/40 297/140/40
f 177/386/311 707/610/311 718/611/311
f 311/612/312 300/55/312 299/100/312
f 300/55/313 313/613/313 301/614/313
f 313/615/314 302/616/314 301/601/314
f 314/617/47 303/602/47 302/616/47
f 315/618/46 304/603/46 303/602/46
f 369/432/315 888/619/315 900/620/315
f 368/621/316 887/622/316 357/623/316
f 83/209/317 619/624/317 82/210/317
f 319/625/54 308/608/54 307/607/54
f 320/626/53 309/609/53 308/608/53
f 321/627/52 310/628/52 309/609/52
f 368/629/318 898/451/318 899/630/318
f 323/631/50 312/632/50 311/612/50
f 324/633/49 313/613/49 312/632/49
f 72/183/319 619/624/319 607/634/319
f 314/617/320 327/635/320 315/618/320
f 164/379/321 716/636/321 705/637/321
f 328/638/322 317/639/322 316/640/322
f 317/639/56 330/641/56 318/642/56
f 330/641/323 307/643/323 318/642/323
f 331/644/66 320/626/66 319/625/66
f 258/541/324 811/645/324 800/646/324
f 333/647/325 322/648/325 321/627/325
f 334/649/326 323/631/326 322/648/326
f 335/650/327 324/633/327 323/631/327
f 336/651/328 325/652/328 324/633/328
f 337/653/72 326/654/72 325/655/72
f 338/656/71 327/635/71 326/654/71
f 356/657/329 898/658/329 367/659/329
f 340/660/330 329/661/330 328/638/330
f 341/662/331 330/641/331 329/661/331
f 342/663/332 319/664/332 330/641/332
f 331/644/333 344/665/333 332/666/333
f 332/666/77 345/667/77 333/647/77
f 345/667/334 334/649/334 333/647/334
f 461/668/162 987/669/162 450/670/162
f 82/671/335 618/468/335 619/672/335
f 176/673/336 715/469/336 716/636/336
f 270/674/337 810/470/337 811/645/337
f 367/449/338 897/675/338 366/676/338
f 460/677/339 987/678/339 997/480/339
f 81/182/340 606/679/340 618/680/340
f 163/380/341 715/681/341 175/378/341
f 366/676/342 885/682/342 355/683/342
f 343/684/90 352/685/90 344/665/90
f 352/685/89 345/667/89 344/665/89
f 353/686/88 346/687/88 345/667/88
f 81/205/343 617/688/343 80/206/343
f 347/689/344 356/690/344 348/691/344
f 175/404/345 714/692/345 174/402/345
f 174/402/346 703/693/346 162/355/346
f 459/500/347 985/694/347 448/695/347
f 80/203/348 616/696/348 79/175/348
f 364/697/349 896/698/349 365/494/349
f 349/699/350 362/700/350 350/701/350
f 362/700/91 343/702/91 350/701/91
f 79/175/351 604/703/351 69/176/351
f 363/704/100 353/686/100 352/685/100
f 364/697/352 354/705/352 353/686/352
f 365/494/99 355/683/99 354/705/99
f 267/577/353 797/706/353 809/707/353
f 367/659/97 357/708/97 356/657/97
f 447/709/197 995/523/197 458/710/197
f 369/432/96 359/711/96 358/712/96
f 359/711/354 371/384/354 360/580/354
f 267/577/355 808/713/355 266/576/355
f 363/704/356 895/714/356 364/697/356
f 78/201/357 603/715/357 615/716/357
f 266/717/358 796/718/358 254/719/358
f 363/704/359 883/720/359 894/721/359
f 446/722/360 994/530/360 983/723/360
f 375/492/9 366/676/9 365/494/9
f 366/676/109 377/455/109 367/449/109
f 77/200/361 615/716/361 614/724/361
f 171/725/362 713/526/362 172/372/362
f 378/420/363 370/726/363 369/432/363
f 379/154/117 371/384/117 370/726/117
f 171/725/364 701/727/364 712/728/364
f 372/362/365 382/86/365 373/330/365
f 76/198/366 614/724/366 613/559/366
f 171/396/367 711/729/367 170/395/367
f 264/556/368 807/730/368 265/538/368
f 383/253/123 375/242/123 374/270/123
f 351/731/369 892/732/369 882/733/369
f 455/734/370 993/735/370 456/542/370
f 252/557/371 806/736/371 264/556/371
f 444/737/162 992/738/162 455/739/162
f 170/395/372 710/740/372 169/393/372
f 379/154/35 390/741/35 380/377/35
f 390/741/373 381/364/373 380/377/373
f 391/131/127 382/86/127 381/364/127
f 361/742/374 892/732/374 362/700/374
f 455/743/375 991/744/375 454/745/375
f 169/393/376 699/746/376 158/368/376
f 251/552/377 805/747/377 793/748/377
f 384/238/378 397/749/378 385/236/378
f 349/699/379 891/750/379 361/742/379
f 386/211/132 399/751/132 387/752/132
f 399/753/143 388/169/143 387/189/143
f 400/754/142 389/156/142 388/169/142
f 401/755/141 390/741/141 389/156/141
f 454/745/380 981/756/380 443/757/380
f 263/758/381 804/578/381 805/747/381
f 250/553/382 804/759/382 262/551/382
f 67/760/383 610/583/383 599/761/383
f 406/762/384 395/19/384 394/39/384
f 407/763/385 396/10/385 395/19/385
f 408/764/146 397/749/146 396/10/146
f 409/765/386 398/766/386 397/749/386
f 167/365/387 709/767/387 168/367/387
f 411/768/155 400/754/155 399/753/155
f 261/571/388 804/759/388 803/769/388
f 401/755/389 414/770/389 402/771/389
f 414/770/390 403/772/390 402/771/390
f 360/580/391 889/773/391 359/711/391
f 416/774/150 393/775/150 404/776/150
f 417/777/161 406/778/161 405/779/161
f 167/780/162 697/781/162 708/782/162
f 249/549/392 803/769/392 791/783/392
f 441/784/191 990/592/191 452/785/191
f 420/786/393 410/787/393 409/765/393
f 410/787/394 422/788/394 411/789/394
f 166/388/395 708/790/395 707/610/395
f 423/791/166 413/792/166 412/793/166
f 413/792/396 425/794/396 414/770/396
f 260/795/397 803/587/397 261/548/397
f 426/796/163 416/774/163 415/797/163
f 427/798/398 405/799/398 416/774/398
f 428/800/376 418/801/376 417/777/376
f 358/712/399 889/773/399 888/619/399
f 260/802/400 790/803/400 802/804/400
f 430/805/401 420/786/401 419/806/401
f 431/807/169 421/808/169 420/786/169
f 73/159/402 609/600/402 74/191/402
f 433/809/179 423/810/179 422/811/179
f 259/812/403 790/813/403 248/545/403
f 64/161/404 608/814/404 73/159/404
f 425/815/405 437/816/405 426/796/405
f 426/796/175 438/817/175 427/798/175
f 154/335/406 706/818/406 695/819/406
f 259/812/407 789/820/407 801/821/407
f 451/822/408 977/823/408 440/824/408
f 165/358/409 705/637/409 706/818/409
f 430/805/182 442/825/182 431/807/182
f 357/708/410 886/826/410 356/657/410
f 443/827/180 433/828/180 432/829/180
f 444/830/190 434/831/190 433/809/190
f 445/832/411 435/833/411 434/831/411
f 446/722/188 436/834/188 435/833/188
f 451/822/412 987/835/412 988/836/412
f 448/837/186 438/817/186 437/816/186
f 153/332/413 705/838/413 164/839/413
f 439/840/196 451/822/196 440/824/196
f 258/541/414 788/841/414 246/518/414
f 356/690/415 875/842/415 348/691/415
f 452/785/416 442/825/416 441/784/416
f 453/843/192 443/757/192 442/825/192
f 439/844/76 987/845/76 450/846/76
f 455/734/417 445/832/417 444/830/417
f 456/542/418 446/722/418 445/832/418
f 72/183/419 606/679/419 71/184/419
f 458/710/199 448/695/199 447/709/199
f 163/380/420 705/838/420 704/847/420
f 355/848/421 886/849/421 356/690/421
f 152/356/422 704/847/422 693/850/422
f 257/564/423 787/851/423 799/852/423
f 347/689/424 885/853/424 355/848/424
f 452/785/121 463/389/121 453/843/121
f 453/843/204 464/369/204 454/745/204
f 464/369/203 455/743/203 454/745/203
f 449/854/188 975/855/188 438/817/188
f 466/544/425 457/528/425 456/542/425
f 163/856/426 703/693/426 704/857/426
f 468/522/210 459/500/210 458/710/210
f 256/563/427 799/852/427 798/858/427
f 470/479/208 450/859/208 460/677/208
f 355/683/428 884/860/428 354/705/428
f 449/854/429 985/694/429 986/861/429
f 61/862/430 605/863/430 593/864/430
f 474/417/431 463/389/431 462/415/431
f 354/705/90 873/865/90 346/687/90
f 476/349/214 465/866/214 464/369/214
f 477/867/432 466/295/432 465/555/432
f 448/837/433 974/868/433 985/869/433
f 70/870/434 604/703/434 605/871/434
f 255/561/435 798/858/435 797/706/435
f 448/695/436 984/872/436 447/709/436
f 60/123/437 604/873/437 69/150/437
f 481/214/231 472/438/231 471/446/231
f 482/216/438 473/423/438 472/438/438
f 483/874/229 474/164/229 473/423/229
f 447/875/439 973/876/439 436/834/439
f 68/174/440 604/873/440 603/715/440
f 150/374/441 702/877/441 160/373/441
f 447/875/442 983/723/442 984/878/442
f 478/70/236 489/61/236 479/277/236
f 489/61/443 480/38/443 479/277/443
f 160/373/444 690/879/444 149/325/444
f 254/880/76 784/881/76 243/882/76
f 351/883/445 883/720/445 352/685/445
f 148/348/394 701/727/394 159/347/394
f 494/884/242 483/874/242 482/216/242
f 483/874/241 496/885/241 484/146/241
f 496/885/446 485/144/446 484/146/446
f 253/532/447 783/886/447 795/887/447
f 498/888/238 487/889/238 486/113/238
f 252/557/448 795/887/448 794/890/448
f 350/701/449 872/891/449 881/892/449
f 349/699/450 881/892/450 880/893/450
f 443/827/451 982/894/451 444/895/451
f 503/896/245 492/897/245 491/1/245
f 504/898/244 481/899/244 492/897/244
f 505/900/452 494/901/452 493/902/452
f 147/342/161 699/746/161 687/903/161
f 507/904/453 496/885/453 495/905/453
f 432/829/454 981/906/454 443/827/454
f 509/907/455 498/908/455 497/909/455
f 250/553/456 793/748/456 792/910/456
f 511/911/261 500/912/261 499/913/261
f 443/757/457 980/914/457 442/825/457
f 513/915/259 502/916/259 501/917/259
f 514/918/458 503/896/458 502/916/458
f 515/919/459 504/898/459 503/896/459
f 516/920/256 493/921/256 504/898/256
f 67/922/460 587/923/460 55/924/460
f 157/341/461 686/925/461 698/926/461
f 442/825/462 968/927/462 431/807/462
f 520/928/463 509/929/463 508/930/463
f 156/366/464 698/926/464 697/931/464
f 54/135/465 598/932/465 66/163/465
f 145/933/466 697/934/466 685/935/466
f 523/936/467 513/915/467 512/937/467
f 513/915/271 525/938/271 514/918/271
f 525/938/468 515/919/468 514/918/468
f 526/939/469 516/920/469 515/919/469
f 441/784/180 967/940/180 979/941/180
f 1/942/279 518/943/279 517/944/279
f 65/160/470 598/932/470 597/945/470
f 3/9/358 520/946/358 519/947/358
f 155/336/471 697/948/471 156/949/471
f 249/549/472 790/950/472 248/547/472
f 248/951/473 778/952/473 238/953/473
f 522/954/474 7/157/474 523/936/474
f 7/157/475 524/955/475 523/936/475
f 8/133/283 525/938/283 524/955/283
f 64/161/476 597/945/476 596/956/476
f 526/939/281 11/31/281 527/957/281
f 155/336/477 695/819/477 696/958/477
f 528/345/478 531/959/478 529/346/478
f 531/959/479 532/960/479 529/346/479
f 535/249/480 537/961/480 536/962/480
f 536/962/481 539/207/481 538/193/481
f 541/143/482 542/134/482 540/158/482
f 542/134/483 545/78/483 544/88/483
f 544/88/484 547/963/484 546/89/484
f 547/963/485 548/964/485 546/89/485
f 549/22/486 550/30/486 548/964/486
f 553/965/487 533/272/487 531/959/487
f 533/272/488 555/966/488 534/255/488
f 534/255/489 556/967/489 537/961/489
f 556/967/490 539/207/490 537/961/490
f 561/968/491 549/22/491 547/963/491
f 551/969/492 552/970/492 530/971/492
f 552/972/493 565/973/493 553/965/493
f 553/965/494 566/974/494 554/975/494
f 554/975/495 567/976/495 555/966/495
f 567/976/496 556/967/496 555/966/496
f 557/977/497 570/978/497 558/979/497
f 571/980/498 560/981/498 559/982/498
f 573/983/499 562/984/499 561/968/499
f 574/985/500 563/986/500 562/984/500
f 575/987/501 552/970/501 563/986/501
f 576/988/502 565/973/502 564/989/502
f 565/973/503 578/990/503 566/974/503
f 568/991/504 580/992/504 569/993/504
f 571/980/505 583/994/505 572/995/505
f 575/987/506 576/996/506 564/997/506
f 581/998/507 594/999/507 582/1000/507
f 595/1001/508 584/1002/508 583/1003/508
f 584/1002/509 597/945/509 585/1004/509
f 585/1004/510 598/932/510 586/1005/510
f 587/1006/511 600/1007/511 588/1008/511
f 588/1008/512 601/1009/512 589/1010/512
f 589/1010/513 602/1011/513 590/1012/513
f 590/1012/514 603/715/514 591/1013/514
f 603/715/515 592/1014/515 591/1013/515
f 593/1015/516 606/679/516 594/999/516
f 606/679/517 595/1001/517 594/999/517
f 595/1001/518 608/814/518 596/956/518
f 599/1016/519 612/1017/519 600/1007/519
f 600/1007/520 613/559/520 601/1009/520
f 601/1009/521 614/724/521 602/1011/521
f 602/1011/522 615/716/522 603/715/522
f 616/696/523 605/871/523 604/703/523
f 605/1018/524 618/680/524 606/679/524
f 619/624/525 608/814/525 607/634/525
f 620/441/526 609/600/526 608/814/526
f 610/583/527 611/1019/527 599/761/527
f 623/572/528 612/1017/528 611/1020/528
f 612/1017/529 625/560/529 613/559/529
f 618/468/530 631/448/530 619/672/530
f 632/195/531 621/598/531 620/441/531
f 621/598/532 634/398/532 622/599/532
f 622/599/533 623/397/533 611/1019/533
f 635/343/534 625/560/534 624/357/534
f 626/290/352 638/278/352 627/531/352
f 628/258/535 640/1021/535 629/507/535
f 629/482/536 641/1022/536 630/467/536
f 630/467/537 642/217/537 631/448/537
f 643/180/538 633/1023/538 632/195/538
f 633/1023/539 645/148/539 634/398/539
f 636/83/540 648/64/540 637/63/540
f 649/1024/541 640/1021/541 639/24/541
f 640/1025/542 651/1026/542 641/1022/542
f 651/1026/543 642/217/543 641/1022/543
f 654/1027/544 645/148/544 644/1028/544
f 646/91/545 659/1029/545 647/82/545
f 659/1029/546 648/64/546 647/82/546
f 649/1024/547 663/1030/547 650/1031/547
f 650/1032/548 664/1033/548 651/1026/548
f 665/1034/549 653/1035/549 652/1036/549
f 653/1035/550 667/1037/550 654/1038/550
f 668/1039/551 656/1040/551 655/1041/551
f 658/1042/552 670/1043/552 659/1029/552
f 670/1043/553 660/1044/553 659/1029/553
f 671/1045/554 661/1046/554 660/1044/554
f 661/1046/555 673/1047/555 662/1048/555
f 662/1048/556 674/1049/556 663/1030/556
f 663/1050/557 675/1051/557 664/1033/557
f 676/1052/558 666/1053/558 665/1034/558
f 669/1054/559 681/1055/559 670/1043/559
f 682/1056/560 672/1057/560 671/1045/560
f 672/1057/561 684/1058/561 673/1047/561
f 687/903/562 677/1059/562 676/1052/562
f 688/1060/563 678/1061/563 677/1059/563
f 679/1062/564 692/1063/564 680/1064/564
f 692/1063/565 681/1055/565 680/1064/565
f 685/1065/398 698/926/398 686/925/398
f 699/746/566 688/1060/566 687/903/566
f 688/1060/567 701/727/567 689/1066/567
f 702/877/568 679/1067/568 690/879/568
f 704/847/569 694/1068/569 693/850/569
f 695/819/570 707/610/570 696/958/570
f 696/958/571 708/790/571 697/948/571
f 699/746/572 711/729/572 700/1069/572
f 711/729/573 701/727/573 700/1069/573
f 714/692/574 704/857/574 703/693/574
f 705/637/575 717/1070/575 706/818/575
f 706/818/576 718/611/576 707/610/576
f 719/581/577 709/767/577 708/1071/577
f 722/550/578 713/526/578 712/537/578
f 726/233/579 716/636/579 715/469/579
f 716/636/580 728/196/580 717/1070/580
f 728/196/581 718/611/581 717/1070/581
f 721/324/582 731/66/582 722/550/582
f 731/66/583 723/527/583 722/550/583
f 732/1072/584 724/524/584 723/527/584
f 726/233/585 736/224/585 727/223/585
f 737/186/586 729/426/586 728/196/586
f 743/76/587 732/1072/587 731/66/587
f 744/1073/588 725/1074/588 732/1072/588
f 734/5/589 747/1075/589 735/235/589
f 735/235/590 748/1076/590 736/224/590
f 750/1077/591 739/167/591 738/1078/591
f 752/1079/592 741/93/592 740/130/592
f 753/1080/593 742/75/593 741/93/593
f 742/75/594 755/1081/594 743/76/594
f 743/76/595 756/1082/595 744/1073/595
f 744/1073/596 745/1083/596 733/1084/596
f 757/1085/597 747/1075/597 746/1086/597
f 758/1087/598 748/1076/598 747/1075/598
f 749/1088/599 761/1089/599 750/1090/599
f 752/1079/600 763/1091/600 753/1080/600
f 763/1091/601 754/1092/601 753/1080/601
f 764/1093/602 755/1081/602 754/1092/602
f 757/1085/603 768/1094/603 758/1087/603
f 768/1094/604 759/1095/604 758/1087/604
f 764/1093/605 776/1096/605 765/1097/605
f 776/1096/606 766/1098/606 765/1097/606
f 767/1099/607 780/1100/607 768/1094/607
f 781/1101/608 770/1102/608 769/1103/608
f 770/1102/609 783/886/609 771/1104/609
f 783/886/610 772/1105/610 771/1104/610
f 773/1106/611 786/1107/611 774/1108/611
f 774/1108/612 787/851/612 775/1109/612
f 778/1110/613 791/783/613 779/1111/613
f 791/783/614 780/1100/614 779/1111/614
f 792/910/615 781/1101/615 780/1100/615
f 781/1101/616 794/890/616 782/1112/616
f 782/1112/617 795/887/617 783/886/617
f 796/1113/618 785/1114/618 784/1115/618
f 785/1114/619 798/858/619 786/1107/619
f 786/1107/620 799/852/620 787/851/620
f 800/646/621 789/820/621 788/841/621
f 791/783/622 804/759/622 792/910/622
f 793/748/623 806/736/623 794/890/623
f 796/1113/624 809/707/624 797/706/624
f 800/646/625 812/1116/625 801/821/625
f 812/1116/626 790/813/626 801/821/626
f 802/1117/627 814/588/627 803/587/627
f 815/382/628 805/747/628 804/578/628
f 816/568/629 806/736/629 805/747/629
f 817/328/630 807/730/630 806/736/630
f 810/470/631 822/444/631 811/645/631
f 811/645/632 823/436/632 812/1116/632
f 823/436/633 802/1118/633 812/1116/633
f 824/418/634 814/588/634 813/1119/634
f 815/382/635 827/360/635 816/568/635
f 828/308/636 818/539/636 817/328/636
f 819/266/23 832/240/23 820/508/23
f 833/141/637 826/406/637 825/153/637
f 837/57/638 830/286/638 829/68/638
f 835/1120/639 845/1121/639 836/99/639
f 839/1122/640 850/1123/640 840/1124/640
f 840/1124/641 851/1125/641 841/1126/641
f 851/1125/642 842/1127/642 841/1126/642
f 854/1128/51 845/1121/51 844/1129/51
f 856/1130/60 847/1131/60 846/1132/60
f 848/1133/643 859/1134/643 849/1135/643
f 852/1136/644 861/1137/644 853/1138/644
f 867/1139/645 859/1134/645 858/1140/645
f 862/1141/646 874/1142/646 863/1143/646
f 863/1143/647 875/842/647 864/1144/647
f 875/842/648 865/1145/648 864/1144/648
f 876/1146/649 866/1147/649 865/1148/649
f 866/1147/650 878/1149/650 867/1139/650
f 878/1149/651 868/1150/651 867/1139/651
f 879/1151/652 869/1152/652 868/1150/652
f 869/1152/653 881/892/653 870/1153/653
f 870/1153/654 872/891/654 871/1154/654
f 884/860/655 874/1142/655 873/865/655
f 886/826/656 876/1155/656 875/842/656
f 887/1156/657 877/1157/657 876/1146/657
f 877/1157/658 889/773/658 878/1149/658
f 889/773/659 879/1151/659 878/1149/659
f 890/579/660 880/893/660 879/1151/660
f 893/1158/661 883/720/661 882/1159/661
f 897/675/662 886/849/662 885/682/662
f 887/1156/663 900/620/663 888/619/663
f 901/385/664 891/750/664 890/579/664
f 902/569/665 892/732/665 891/750/665
f 903/331/666 882/733/666 892/732/666
f 904/1160/667 894/721/667 893/1158/667
f 905/1161/668 895/714/668 894/721/668
f 906/509/669 896/698/669 895/714/669
f 898/451/670 910/1162/670 899/630/670
f 910/1163/671 900/620/671 899/1164/671
f 901/385/672 914/363/672 902/569/672
f 915/85/673 893/1165/673 903/331/673
f 904/1160/674 917/1166/674 905/1161/674
f 917/1166/675 906/509/675 905/1161/675
f 919/237/676 908/456/676 907/243/676
f 908/456/677 921/213/677 909/450/677
f 909/450/678 922/212/678 910/1162/678
f 922/188/679 911/433/679 910/1163/679
f 923/170/680 912/421/680 911/433/680
f 915/85/681 916/1167/681 904/1168/681
f 928/1169/682 917/1166/682 916/1170/682
f 917/1166/683 930/20/683 918/271/683
f 918/271/684 931/12/684 919/11/684
f 932/1171/685 921/213/685 920/1172/685
f 937/1173/686 926/106/686 925/132/686
f 926/106/687 939/1174/687 927/107/687
f 927/107/688 928/1175/688 916/1167/688
f 940/1176/689 929/40/689 928/1169/689
f 945/1177/690 934/1178/690 933/1179/690
f 935/1180/154 948/1181/154 936/1182/154
f 938/1183/691 951/1184/691 939/1174/691
f 952/1185/692 942/1186/692 941/1187/692
f 942/1186/693 954/1188/693 943/1189/693
f 943/1189/694 955/1190/694 944/1191/694
f 957/1192/695 947/1193/695 946/1194/695
f 949/1195/696 961/1196/696 950/1197/696
f 952/1185/697 966/1198/697 953/1199/697
f 953/1199/698 967/940/698 954/1188/698
f 956/1200/699 970/1201/699 957/1202/699
f 971/1203/700 959/1204/700 958/1205/700
f 972/1206/701 960/1207/701 959/1204/701
f 975/855/702 962/1208/702 963/1209/702
f 976/1210/703 965/1211/703 964/1212/703
f 965/1211/704 978/1213/704 966/1198/704
f 978/1213/705 967/940/705 966/1198/705
f 980/914/706 969/1214/706 968/927/706
f 984/872/707 974/868/707 973/876/707
f 975/855/708 976/1215/708 964/1216/708
f 977/823/709 989/1217/709 978/1213/709
f 989/1217/710 979/941/710 978/1213/710
f 991/744/711 982/894/711 981/756/711
f 983/723/712 995/523/712 984/878/712
f 996/502/713 986/861/713 985/694/713
f 986/861/714 987/678/714 976/1215/714
f 987/835/715 999/1218/715 988/836/715
f 988/836/716 1000/1219/716 989/1217/716
f 989/1217/717 1001/593/717 990/592/717
f 1004/554/718 993/735/718 992/1220/718
f 1006/529/719 995/523/719 994/530/719
f 996/502/720 1009/460/720 997/480/720
f 998/1221/721 1011/439/721 999/1218/721
f 1011/439/722 1000/1219/722 999/1218/722
f 1012/424/723 1001/593/723 1000/1219/723
f 1002/391/724 1015/370/724 1003/573/724
f 1005/294/725 1018/276/725 1006/529/725
f 1018/276/726 1007/513/726 1006/529/726
f 1019/37/727 1008/501/727 1007/513/727
f 1020/1222/728 1009/460/728 1008/501/728
f 1009/460/729 1010/1223/729 998/461/729
f 1024/145/730 1014/390/730 1013/165/730
f 1025/1224/731 1015/370/731 1014/390/731
f 1026/115/732 1016/350/732 1015/370/732
f 1027/1225/733 1017/315/733 1016/314/733
f 1019/37/734 1031/3/734 1020/1222/734
f 1020/1222/735 1032/2/735 1021/1226/735
f 1032/2/736 1010/1223/736 1021/1226/736
f 1033/1227/737 1023/215/737 1022/1228/737
f 1037/1229/738 1026/115/738 1025/1224/738
f 1039/1230/739 1028/71/739 1027/1225/739
f 1040/1231/740 1029/41/740 1028/71/740
f 1029/41/741 1042/1232/741 1030/42/741
f 1030/42/742 1043/1233/742 1031/3/742
f 1045/1234/743 1035/1235/743 1034/1236/743
f 1036/1237/744 1048/1238/744 1037/1239/744
f 1038/1240/745 1050/1241/745 1039/1242/745
f 1040/1231/746 1052/1243/746 1041/1244/746
f 1044/1245/747 1055/1246/747 1045/1234/747
f 1055/1246/748 1046/1247/748 1045/1234/748
f 1046/1247/749 1057/1248/749 1047/1249/749
f 1048/1250/750 1059/1251/750 1049/1252/750
f 1049/1252/751 1060/1253/751 1050/1241/751
f 1050/1254/752 1061/1255/752 1051/1256/752
f 1053/1257/753 1054/1258/753 1044/1259/753
f 1055/1246/754 532/960/754 1056/1260/754
f 535/249/755 1058/1261/755 1057/1262/755
f 1058/1261/756 538/193/756 1059/1251/756
f 538/193/757 1060/1253/757 1059/1251/757
f 546/89/758 1063/1263/758 1062/1264/758
f 1064/1265/759 528/1266/759 1054/1258/759
f 1/32/760 550/1267/760 11/13/760
f 12/1268/761 551/969/761 530/971/761
f 397/749/762 920/1172/762 385/236/762
f 481/899/763 1032/2/763 492/897/763
f 23/1269/764 530/1270/764 552/1271/764
f 398/766/765 932/1171/765 397/749/765
f 305/1272/766 839/1122/766 840/1124/766
f 113/275/767 652/1273/767 651/1026/767
f 481/1274/768 1033/1275/768 1022/1276/768
f 23/33/769 553/965/769 24/1277/769
f 398/1278/770 921/213/770 933/1279/770
f 208/458/771 736/224/771 748/1076/771
f 114/256/772 642/217/772 652/1273/772
f 494/901/773 1033/1227/773 493/902/773
f 24/1277/774 531/959/774 13/34/774
f 398/1278/775 934/1178/775 399/751/775
f 306/604/776 840/1124/776 841/1126/776
f 115/257/777 652/1036/777 653/1035/777
f 494/884/778 1023/215/778 1034/1280/778
f 494/884/779 1035/1235/779 495/905/779
f 306/604/780 842/1127/780 295/606/780
f 210/1281/781 749/1088/781 750/1090/781
f 116/1282/782 653/1035/782 654/1038/782
f 307/1283/783 842/1284/783 843/1285/783
f 200/185/784 750/1077/784 738/1078/784
f 105/179/785 654/1027/785 644/1028/785
f 400/754/786 936/1182/786 401/755/786
f 210/464/787 751/1286/787 750/1077/787
f 117/280/788 654/1027/788 116/281/788
f 201/1287/789 751/1288/789 211/1289/789
f 117/259/790 645/148/790 655/1290/790
f 497/1291/791 1036/1237/791 1037/1239/791
f 117/259/792 656/1040/792 107/1292/792
f 497/1291/793 1025/1224/793 485/144/793
f 25/72/794 557/1293/794 556/967/794
f 402/771/795 925/132/795 390/741/795
f 202/443/796 752/1079/796 740/130/796
f 107/1294/797 657/1295/797 118/1296/797
f 497/909/798 1038/1297/798 1037/1229/798
f 16/47/799 557/1293/799 26/46/799
f 403/772/800 937/1173/800 402/771/800
f 498/888/801 1026/115/801 1038/1297/801
f 26/46/802 558/979/802 27/1298/802
f 298/98/803 844/1129/803 835/1120/803
f 119/284/804 646/91/804 108/247/804
f 498/888/805 1039/1242/805 499/1299/805
f 499/1300/806 1027/1301/806 487/1302/806
f 299/100/314 845/1121/314 311/612/314
f 500/912/807 1039/1230/807 499/913/807
f 393/775/808 939/1174/808 404/776/808
f 28/51/809 560/981/809 29/79/809
f 393/1303/810 940/1304/810 928/1305/810
f 110/62/811 660/1044/811 120/267/811
f 406/778/812 940/1176/812 405/779/812
f 213/474/813 756/1082/813 755/1081/813
f 120/267/814 661/1046/814 121/269/814
f 394/39/815 941/1306/815 406/762/815
f 501/917/816 1042/1232/816 1041/1244/816
f 30/53/817 547/963/817 20/54/817
f 406/762/818 942/1186/818 407/763/818
f 314/617/819 846/1132/819 847/1131/819
f 214/473/820 745/1083/820 756/1082/820
f 122/1307/821 661/1046/821 662/1048/821
f 112/23/822 662/1048/822 649/1024/822
f 502/916/823 1043/1233/823 1042/1232/823
f 21/21/824 562/984/824 31/1308/824
f 407/763/825 943/1189/825 408/764/825
f 491/1/826 1043/1233/826 503/896/826
f 32/58/827 562/984/827 563/986/827
f 207/4/236 757/1085/236 746/1086/236
f 32/58/828 551/969/828 22/59/828
f 408/764/829 944/1191/829 409/765/829
f 316/1309/830 848/1133/830 849/1135/830
f 304/603/831 849/1310/831 839/1122/831
f 123/273/832 651/1026/832 664/1033/832
f 317/639/833 849/1310/833 316/640/833
f 410/787/834 933/1179/834 398/766/834
f 208/458/231 759/1095/231 217/457/231
f 124/297/835 652/1036/835 114/274/835
f 506/1311/836 1044/1245/836 1045/1234/836
f 411/789/837 945/1177/837 410/787/837
f 318/642/838 850/1123/838 317/639/838
f 506/1311/839 1034/1236/839 494/901/839
f 399/1312/162 946/1313/162 411/1314/162
f 218/484/840 749/1088/840 209/440/840
f 412/1315/841 946/1194/841 947/1193/841
f 318/642/842 843/1316/842 851/1125/842
f 219/462/843 760/1317/843 218/484/843
f 125/301/844 667/1037/844 666/1053/844
f 507/904/845 1035/1235/845 1046/1247/845
f 33/94/846 567/976/846 566/974/846
f 400/754/847 947/1318/847 935/1180/847
f 219/462/848 750/1090/848 761/1089/848
f 116/281/849 667/1037/849 126/279/849
f 507/904/850 1047/1249/850 508/1319/850
f 412/793/851 948/1181/851 947/1318/851
f 508/1319/852 1036/1237/852 496/885/852
f 34/96/853 568/1320/853 567/976/853
f 401/755/854 948/1181/854 413/792/854
f 117/280/855 668/1039/855 655/1041/855
f 508/930/856 1048/1238/856 1047/1321/856
f 25/72/857 568/1320/857 35/1322/857
f 320/626/858 853/1138/858 321/627/858
f 118/305/859 668/1039/859 127/303/859
f 509/907/860 1037/1239/860 1048/1238/860
f 35/1322/861 569/993/861 36/73/861
f 221/488/438 752/1079/438 212/466/438
f 510/1323/862 1048/1250/862 1049/1252/862
f 26/74/863 569/1324/863 557/977/863
f 415/1325/864 949/1195/864 950/1197/864
f 222/489/865 762/1326/865 221/488/865
f 498/908/866 1049/1252/866 1038/1240/866
f 36/103/867 570/978/867 569/1324/867
f 403/772/868 950/1327/868 938/1183/868
f 322/648/54 844/1129/54 310/628/54
f 129/307/142 658/1042/142 119/284/142
f 37/1328/869 558/1329/869 570/1330/869
f 415/797/870 951/1184/870 950/1327/870
f 322/648/871 855/1331/871 854/1128/871
f 223/491/872 763/1091/872 222/489/872
f 499/1332/873 1050/1333/873 511/1334/873
f 404/776/874 951/1184/874 416/774/874
f 323/631/875 845/1121/875 855/1331/875
f 511/911/876 1051/1256/876 512/1335/876
f 28/51/877 571/980/877 559/982/877
f 130/312/878 671/1045/878 670/1043/878
f 512/1335/879 1040/1231/879 500/912/879
f 213/474/880 765/1097/880 224/472/880
f 512/937/881 1052/1243/881 1051/1336/881
f 29/79/307 572/995/307 39/108/307
f 224/472/882 766/1098/882 225/475/882
f 513/915/883 1041/1244/883 1052/1243/883
f 406/778/884 952/1185/884 941/1187/884
f 325/1337/885 846/1338/885 313/1339/885
f 30/53/886 573/983/886 561/968/886
f 325/655/887 857/1340/887 856/1130/887
f 41/110/888 573/983/888 40/80/888
f 314/617/889 857/1340/889 326/654/889
f 132/318/890 674/1049/890 673/1047/890
f 42/112/891 574/985/891 41/110/891
f 315/618/892 858/1140/892 848/1133/892
f 227/499/893 757/1085/893 216/452/893
f 419/806/894 955/1190/894 954/1188/894
f 133/319/895 675/1051/895 674/1341/895
f 409/765/896 955/1190/896 420/786/896
f 316/640/323 859/1134/323 328/638/323
f 134/296/897 664/1033/897 675/1051/897
f 505/1342/898 1053/1257/898 1044/1259/898
f 228/505/899 769/1343/899 768/1094/899
f 43/118/900 577/1344/900 576/988/900
f 217/457/901 769/1343/901 229/1345/901
f 135/321/902 665/1034/902 124/297/902
f 517/944/903 1055/1246/903 1054/1346/903
f 422/788/904 956/1200/904 957/1202/904
f 229/1345/905 770/1102/905 230/483/905
f 44/117/906 578/990/906 577/1344/906
f 411/1347/76 957/1348/76 946/1349/76
f 125/301/907 677/1059/907 136/300/907
f 33/94/908 578/990/908 45/120/908
f 423/810/471 957/1192/471 422/811/471
f 230/483/909 771/1104/909 231/485/909
f 136/300/910 678/1061/910 137/302/910
f 412/793/911 958/1350/911 423/791/911
f 519/947/912 1057/1248/912 1056/1260/912
f 424/1351/913 958/1205/913 959/1204/913
f 231/485/914 772/1105/914 232/1352/914
f 508/930/915 1057/1248/915 520/928/915
f 332/666/916 852/1136/916 320/626/916
f 521/1353/917 1057/1262/917 1058/1261/917
f 47/122/918 568/991/918 35/97/918
f 425/794/919 959/1204/919 960/1207/919
f 332/666/920 861/1137/920 860/1354/920
f 509/929/921 1058/1261/921 1048/1250/921
f 48/101/922 579/1355/922 47/122/922
f 414/770/923 960/1356/923 949/1195/923
f 321/627/924 861/1137/924 333/647/924
f 48/101/925 569/993/925 580/992/925
f 425/815/926 961/1196/926 960/1356/926
f 234/490/927 773/1106/927 774/1108/927
f 140/1357/928 679/1062/928 680/1064/928
f 415/797/929 961/1196/929 426/796/929
f 140/1357/154 669/1054/154 129/307/154
f 335/650/930 862/1141/930 863/1143/930
f 235/1358/931 774/1108/931 775/1109/931
f 50/1359/932 581/998/932 582/1000/932
f 223/491/933 775/1360/933 764/1093/933
f 141/310/934 670/1043/934 681/1055/934
f 522/954/935 1061/1255/935 1060/1361/935
f 38/105/936 582/1362/936 571/980/936
f 417/1363/937 963/1209/937 962/1208/937
f 335/650/938 864/1144/938 336/651/938
f 236/519/939 775/1360/939 235/517/939
f 523/936/940 1051/1256/940 1061/1255/940
f 51/127/941 582/1362/941 50/128/941
f 428/1364/942 962/1365/942 964/1366/942
f 131/311/943 682/1056/943 671/1045/943
f 51/1367/944 572/995/944 583/994/944
f 428/800/945 965/1211/945 429/1368/945
f 336/651/946 865/1145/946 337/1369/946
f 236/519/947 777/1370/947 776/1096/947
f 143/334/948 682/1056/948 142/333/948
f 52/109/949 583/1003/949 584/1002/949
f 429/1368/175 952/1185/175 418/801/175
f 225/475/950 777/1370/950 237/496/950
f 338/656/951 865/1148/951 866/1147/951
f 143/334/952 684/1058/952 683/1371/952
f 53/111/953 584/1002/953 585/1004/953
f 144/316/954 673/1047/954 684/1058/954
f 525/938/955 1063/1263/955 526/939/955
f 339/1372/956 866/1147/956 867/1139/956
f 239/498/957 778/1110/957 779/1111/957
f 54/1373/958 585/1004/958 586/1005/958
f 430/805/959 954/1188/959 967/940/959
f 327/635/960 867/1139/960 858/1140/960
f 239/498/260 767/1099/260 227/499/260
f 42/112/961 586/1374/961 575/987/961
f 145/1375/962 686/925/962 146/320/962
f 527/957/473 1053/1257/473 516/920/473
f 43/137/963 586/1374/963 54/135/963
f 340/660/964 859/1134/964 868/1150/964
f 228/505/965 780/1100/965 240/503/965
f 432/1376/966 968/927/966 969/1214/966
f 340/660/967 869/1152/967 341/662/967
f 240/503/968 781/1101/968 241/1377/968
f 517/1378/76 528/1379/76 1/1380/76
f 56/1381/969 587/1006/969 588/1008/969
f 421/808/970 969/1382/970 956/1200/970
f 229/504/971 781/1101/971 769/1103/971
f 147/342/149 676/1052/149 135/321/149
f 2/344/972 1055/1246/972 518/943/972
f 432/829/973 970/1201/973 969/1382/973
f 342/663/974 869/1152/974 870/1153/974
f 3/9/975 1056/1260/975 532/960/975
f 56/1381/976 589/1010/976 57/119/976
f 433/1383/977 957/1384/977 970/1385/977
f 520/946/978 535/249/978 1057/1262/978
f 342/663/979 871/1154/979 331/1386/979
f 57/119/980 590/1012/980 58/121/980
f 434/831/981 958/1205/981 423/810/981
f 331/1387/982 872/1388/982 343/1389/982
f 148/348/983 678/1061/983 689/1066/983
f 435/833/984 971/1203/984 434/831/984
f 242/534/985 784/1390/985 783/886/985
f 6/1391/986 1060/1392/986 540/1393/986
f 58/121/987 591/1013/987 59/1394/987
f 232/1395/162 784/1396/162 243/1397/162
f 436/834/988 972/1206/988 435/833/988
f 244/1398/989 784/1115/989 785/1114/989
f 139/327/990 690/879/990 679/1067/990
f 59/1394/991 592/1014/991 60/123/991
f 436/1399/992 960/1207/992 973/1400/992
f 233/487/993 785/1114/993 773/1106/993
f 9/87/994 1062/1264/994 525/938/994
f 436/1399/995 974/868/995 437/816/995
f 150/354/996 692/1063/996 691/1401/996
f 10/29/997 1063/1263/997 548/964/997
f 334/649/998 873/865/998 862/1141/998
f 527/957/999 550/1267/999 1064/1265/999
f 49/1402/1000 593/1403/1000 581/1404/1000
f 151/353/1001 693/1405/1001 692/1063/1001
f 438/817/1002 963/1209/1002 427/798/1002
f 235/517/261 787/851/261 245/540/261
f 141/310/1003 693/1405/1003 152/1406/1003
f 50/128/1004 594/999/1004 62/126/1004
f 347/689/1005 875/842/1005 874/1142/1005
f 152/1406/1006 694/1068/1006 153/332/1006
f 63/1407/1007 594/999/1007 595/1001/1007
f 63/1407/1008 583/1003/1008 51/127/1008
f 439/840/1009 977/823/1009 976/1210/1009
f 246/518/1010 789/820/1010 247/520/1010
f 491/1/1011 492/897/1011 1032/2/1011
f 207/4/1012 746/1086/1012 734/5/1012
f 14/7/3 15/248/3 4/8/3
f 396/10/1013 384/238/1013 919/11/1013
f 11/13/5 550/30/5 551/14/5
f 5/16/6 16/47/6 17/17/6
f 395/19/1014 396/10/1014 931/12/1014
f 21/21/1015 22/59/1015 551/14/1015
f 112/23/9 649/1024/9 639/24/9
f 195/1408/1016 733/1409/1016 745/1410/1016
f 10/29/1017 548/964/1017 550/30/1017
f 22/15/12 12/1268/12 1/32/12
f 23/33/13 24/1277/13 13/34/13
f 490/36/14 1030/42/14 1019/37/14
f 394/39/1018 395/19/1018 930/20/1018
f 490/36/1019 489/61/1019 1029/41/1019
f 301/1411/17 289/1412/17 830/1413/17
f 26/46/18 27/1298/18 17/17/18
f 27/48/19 28/51/19 18/49/19
f 28/51/20 29/79/20 19/52/20
f 19/52/21 29/79/21 30/53/21
f 300/55/22 301/614/22 838/56/22
f 21/21/23 31/1308/23 32/58/23
f 488/60/1020 1028/71/1020 1029/41/1020
f 110/62/1021 100/250/1021 637/63/1021
f 205/65/26 743/76/26 731/66/26
f 300/55/1022 837/57/1022 829/68/1022
f 478/70/1023 1017/315/1023 1028/71/1023
f 25/72/29 35/1322/29 36/73/29
f 205/65/1024 204/92/1024 742/75/1024
f 37/77/31 38/105/31 28/51/31
f 20/54/1025 547/963/1025 545/78/1025
f 29/79/33 39/108/33 40/80/33
f 99/81/1026 109/90/1026 647/82/1026
f 392/84/1027 927/107/1027 915/85/1027
f 9/87/1028 8/133/1028 544/88/1028
f 109/90/1029 108/247/1029 646/91/1029
f 204/92/1030 203/129/1030 741/93/1030
f 33/94/39 45/120/39 46/95/39
f 46/95/40 47/122/40 35/97/40
f 298/98/41 835/1120/41 836/99/41
f 48/101/42 49/124/42 37/102/42
f 49/104/43 50/1359/43 38/105/43
f 392/84/1031 391/131/1031 926/106/1031
f 39/108/45 51/1367/45 52/109/45
f 52/109/46 53/111/46 41/110/46
f 53/111/47 54/1373/47 42/112/47
f 486/113/1032 487/889/1032 1027/114/1032
f 55/116/49 56/1381/49 44/117/49
f 44/117/50 56/1381/50 57/119/50
f 57/119/51 58/121/51 46/95/51
f 58/121/52 59/1394/52 47/122/52
f 47/122/53 59/1394/53 60/123/53
f 60/123/54 61/151/54 49/124/54
f 19/52/1033 545/78/1033 543/125/1033
f 62/126/56 63/1407/56 51/127/56
f 203/129/1034 202/443/1034 740/130/1034
f 391/131/1035 390/741/1035 925/132/1035
f 8/133/1036 7/157/1036 542/134/1036
f 54/135/60 66/163/60 55/136/60
f 285/138/1037 826/406/1037 834/139/1037
f 297/140/62 834/139/62 833/141/62
f 18/49/1038 543/125/1038 541/143/1038
f 485/144/1039 1025/1224/1039 1024/145/1039
f 96/147/1040 634/398/1040 645/148/1040
f 69/150/66 70/870/66 61/151/66
f 284/152/1041 296/142/1041 833/141/1041
f 379/154/68 912/421/68 924/155/68
f 7/157/1042 6/1414/1042 540/158/1042
f 73/159/70 74/191/70 65/160/70
f 65/160/71 74/191/71 75/162/71
f 75/162/72 67/760/72 55/136/72
f 474/164/1043 484/146/1043 1024/145/1043
f 200/166/1044 738/1078/1044 739/167/1044
f 388/169/1045 389/156/1045 924/155/1045
f 17/1415/1046 541/1416/1046 540/1417/1046
f 68/174/77 78/201/77 79/175/77
f 189/177/1047 729/426/1047 738/178/1047
f 105/179/1048 644/1028/1048 643/180/1048
f 81/182/80 82/671/80 72/183/80
f 200/185/1049 738/178/1049 737/186/1049
f 388/169/1050 923/170/1050 922/188/1050
f 84/190/83 85/582/83 75/162/83
f 5/16/1051 6/18/1051 540/192/1051
f 95/194/129 104/181/129 643/180/129
f 199/187/1052 737/186/1052 728/196/1052
f 76/198/87 88/226/87 89/199/87
f 89/199/88 90/231/88 78/201/88
f 78/201/89 90/231/89 91/202/89
f 91/202/90 92/506/90 80/203/90
f 92/204/91 93/481/91 81/205/91
f 16/47/1053 5/16/1053 538/193/1053
f 94/208/93 95/194/93 83/209/93
f 386/211/1054 387/752/1054 922/212/1054
f 481/214/1055 1022/1228/1055 1023/215/1055
f 94/208/96 631/448/96 642/217/96
f 86/219/97 97/246/97 98/220/97
f 198/222/1056 187/425/1056 727/223/1056
f 99/225/99 100/289/99 89/199/99
f 471/1418/1057 1010/1419/1057 1022/1420/1057
f 101/230/100 102/25/100 91/202/100
f 197/232/1058 735/235/1058 726/233/1058
f 197/232/1034 196/6/1034 734/5/1034
f 385/236/1059 920/1172/1059 919/237/1059
f 94/208/104 103/218/104 104/181/104
f 279/239/105 820/508/105 832/240/105
f 375/242/106 384/254/106 919/237/106
f 106/149/107 97/260/107 86/244/107
f 107/245/108 108/247/108 98/220/108
f 108/247/109 109/90/109 99/81/109
f 15/248/1060 534/255/1060 535/249/1060
f 110/62/111 111/268/111 101/230/111
f 101/230/112 111/268/112 112/23/112
f 291/241/113 832/240/113 831/251/113
f 383/253/1061 918/271/1061 919/11/1061
f 14/7/1062 533/272/1062 534/255/1062
f 114/256/116 115/257/116 104/181/116
f 115/257/117 116/1282/117 105/179/117
f 91/202/99 102/25/99 639/24/99
f 117/259/119 107/1292/119 97/260/119
f 118/261/120 119/284/120 108/247/120
f 195/1421/121 184/1422/121 725/1423/121
f 278/265/122 290/252/122 831/251/122
f 120/267/123 121/269/123 111/268/123
f 121/269/124 122/1307/124 112/23/124
f 374/270/125 906/509/125 918/271/125
f 3/9/1063 532/960/1063 533/272/1063
f 123/273/127 124/297/127 114/274/127
f 480/38/1064 1019/37/1064 1018/276/1064
f 90/231/129 627/531/129 638/278/129
f 126/279/130 127/303/130 117/280/130
f 100/250/79 101/230/79 638/278/79
f 128/283/132 129/307/132 119/284/132
f 288/285/1065 829/68/1065 830/286/1065
f 479/277/1066 1018/276/1066 1017/288/1066
f 100/289/1067 637/282/1067 626/290/1067
f 276/291/1068 818/539/1068 829/292/1068
f 478/293/137 1017/288/137 1005/294/137
f 99/225/1069 636/83/1069 637/63/1069
f 134/296/139 135/321/139 124/297/139
f 194/67/1070 731/66/1070 730/298/1070
f 136/300/141 137/302/141 126/279/141
f 137/302/142 138/326/142 127/303/142
f 127/303/143 138/326/143 128/304/143
f 139/306/144 140/1357/144 129/307/144
f 288/69/1071 829/292/1071 828/308/1071
f 141/310/146 142/333/146 131/311/146
f 13/34/1072 531/959/1072 530/313/1072
f 478/293/1073 477/867/1073 1016/314/1073
f 144/316/149 145/337/149 133/317/149
f 133/319/150 145/1375/150 146/320/150
f 146/320/151 147/342/151 135/321/151
f 88/226/1074 625/560/1074 636/322/1074
f 181/323/153 193/299/153 730/298/153
f 137/302/154 148/348/154 149/325/154
f 138/326/155 149/325/155 139/327/155
f 287/309/1075 828/308/1075 817/328/1075
f 373/330/117 382/86/117 915/85/117
f 141/310/158 152/1406/158 153/332/158
f 153/332/159 154/335/159 143/334/159
f 154/335/160 155/336/160 144/316/160
f 155/336/161 156/949/161 145/337/161
f 12/1424/162 530/1425/162 528/1426/162
f 157/341/163 158/368/163 147/342/163
f 99/81/1076 636/322/1076 635/343/1076
f 2/344/1042 1/942/1042 528/345/1042
f 159/347/166 160/373/166 149/325/166
f 476/349/1077 1015/370/1077 1016/350/1077
f 161/352/168 162/355/168 151/353/168
f 162/355/169 163/856/169 152/356/169
f 87/221/1078 98/220/1078 635/343/1078
f 153/332/171 164/839/171 165/358/171
f 274/359/1079 816/568/1079 827/360/1079
f 372/362/1080 902/569/1080 914/363/1080
f 167/365/174 168/367/174 157/341/174
f 168/367/175 169/393/175 158/368/175
f 464/369/1081 1003/573/1081 1015/370/1081
f 285/138/1082 286/361/1082 827/360/1082
f 159/347/178 171/725/178 172/372/178
f 172/372/179 161/400/179 150/374/179
f 173/375/180 174/402/180 162/355/180
f 381/364/181 914/363/181 913/376/181
f 175/378/182 176/673/182 164/379/182
f 285/381/1083 826/371/1083 815/382/1083
f 371/384/1084 380/377/1084 913/376/1084
f 177/386/184 178/411/184 167/387/184
f 463/389/1085 475/407/1085 1014/390/1085
f 179/392/186 180/394/186 169/393/186
f 180/394/187 181/323/187 170/395/187
f 181/323/188 182/536/188 171/396/188
f 96/147/1086 86/244/1086 623/397/1086
f 183/399/190 173/525/190 161/400/190
f 184/401/191 185/403/191 174/402/191
f 185/403/192 186/234/192 175/404/192
f 284/405/1087 825/153/1087 826/406/1087
f 475/407/1088 474/417/1088 1013/165/1088
f 272/408/1089 814/588/1089 825/409/1089
f 177/386/196 189/177/196 190/410/196
f 190/412/197 191/428/197 179/392/197
f 179/392/198 191/428/198 192/414/198
f 180/394/199 192/414/199 193/299/199
f 462/415/1090 1001/593/1090 1013/416/1090
f 284/152/1091 825/409/1091 824/418/1091
f 378/420/1092 911/433/1092 912/421/1092
f 195/422/203 196/6/203 185/403/203
f 196/6/204 197/232/204 186/234/204
f 473/423/1093 474/164/1093 1013/416/1093
f 198/222/206 199/187/206 188/197/206
f 177/386/198 718/611/198 729/426/198
f 200/166/207 201/168/207 190/410/207
f 201/427/208 202/443/208 191/428/208
f 191/428/209 202/443/209 203/129/209
f 203/129/210 204/92/210 193/299/210
f 204/92/211 205/65/211 194/67/211
f 271/1427/1094 283/1428/1094 824/1429/1094
f 369/432/1095 900/620/1095 911/433/1095
f 206/434/214 207/4/214 196/6/214
f 271/435/1096 813/1430/1096 823/436/1096
f 472/438/1097 473/423/1097 1012/424/1097
f 198/222/217 208/458/217 209/440/217
f 209/440/218 210/1281/218 200/185/218
f 95/194/1098 632/195/1098 620/441/1098
f 211/442/220 212/466/220 202/443/220
f 187/425/1099 188/197/1099 728/196/1099
f 282/437/1100 823/436/1100 822/444/1100
f 471/446/1101 472/438/1101 1011/439/1101
f 82/210/1102 619/672/1102 631/448/1102
f 367/449/1103 377/455/1103 909/450/1103
f 206/434/226 215/478/226 216/452/226
f 281/445/1104 822/444/1104 821/453/1104
f 377/455/1105 376/493/1105 908/456/1105
f 217/457/229 218/484/229 209/440/229
f 461/459/1106 470/479/1106 1009/460/1106
f 219/462/231 220/486/231 211/463/231
f 220/465/232 221/488/232 212/466/232
f 81/205/1107 93/481/1107 630/467/1107
f 175/404/417 186/234/417 726/233/417
f 280/454/235 821/453/235 810/470/235
f 224/472/236 225/475/236 214/473/236
f 225/475/237 215/497/237 206/476/237
f 226/477/238 227/499/238 216/452/238
f 470/479/239 460/677/239 997/480/239
f 93/481/1108 92/204/1108 629/482/1108
f 217/457/241 229/1345/241 230/483/241
f 230/483/242 231/485/242 219/462/242
f 231/485/243 232/1352/243 220/486/243
f 220/465/244 232/511/244 233/487/244
f 233/487/245 234/490/245 222/489/245
f 234/490/246 235/1358/246 223/491/246
f 375/492/1109 907/243/1109 908/456/1109
f 365/494/1110 896/698/1110 907/495/1110
f 237/496/249 226/521/249 215/497/249
f 226/477/250 238/1431/250 239/498/250
f 459/500/1111 469/512/1111 1008/501/1111
f 240/503/252 241/1377/252 229/504/252
f 92/506/1112 91/202/1112 628/258/1112
f 278/265/254 819/266/254 820/508/254
f 374/270/1113 375/242/1113 907/495/1113
f 243/510/256 244/1398/256 233/487/256
f 469/512/1114 468/522/1114 1007/513/1114
f 184/1432/1115 173/1433/1115 724/1434/1115
f 235/517/259 245/540/259 246/518/259
f 246/518/260 247/520/260 237/496/260
f 247/520/261 238/546/261 226/521/261
f 468/522/208 458/710/208 995/523/208
f 183/399/1116 723/527/1116 724/524/1116
f 183/399/1117 172/372/1117 713/526/1117
f 457/528/1118 467/535/1118 1006/529/1118
f 90/231/266 89/199/266 626/290/266
f 253/532/267 254/558/267 243/533/267
f 467/535/1119 466/544/1119 1005/294/1119
f 182/536/1120 722/550/1120 712/537/1120
f 265/538/1121 807/730/1121 818/539/1121
f 245/540/271 257/564/271 258/541/271
f 456/542/1122 993/735/1122 1005/543/1122
f 247/520/273 259/812/273 248/545/273
f 248/547/274 260/795/274 261/548/274
f 182/536/1123 181/323/1123 721/324/1123
f 262/551/276 263/758/276 251/552/276
f 466/295/1124 1005/543/1124 1004/554/1124
f 264/556/278 265/538/278 253/532/278
f 265/538/279 266/575/279 254/558/279
f 88/226/1125 76/198/1125 613/559/1125
f 255/561/281 267/577/281 268/562/281
f 268/562/282 269/471/282 257/564/282
f 269/471/283 270/674/283 258/541/283
f 465/1435/1126 1004/1436/1126 992/1437/1126
f 274/359/1127 275/329/1127 817/328/1127
f 373/330/1128 903/331/1128 902/569/1128
f 272/408/286 273/383/286 262/570/286
f 87/221/1129 624/357/1129 623/572/1129
f 464/369/288 463/389/288 1002/391/288
f 168/367/289 709/767/289 720/574/289
f 276/291/110 277/589/110 266/575/110
f 266/576/12 277/591/12 278/265/12
f 278/265/270 279/239/270 268/562/270
f 268/562/290 279/239/290 280/454/290
f 262/570/1130 273/383/1130 815/382/1130
f 371/384/1131 901/385/1131 890/579/1131
f 179/392/293 720/574/293 719/581/293
f 85/582/1132 622/599/1132 610/583/1132
f 272/408/295 284/405/295 285/381/295
f 178/1438/1133 719/1439/1133 708/1440/1133
f 274/359/296 286/361/296 287/309/296
f 272/408/1134 261/571/1134 803/587/1134
f 288/285/13 289/287/13 277/589/13
f 289/590/298 290/252/298 278/265/298
f 462/415/203 452/785/203 990/592/203
f 291/241/299 292/594/299 280/454/299
f 292/594/21 293/595/21 281/445/21
f 293/595/20 294/605/20 282/437/20
f 282/437/19 294/605/19 283/596/19
f 295/597/300 296/142/300 284/152/300
f 85/582/1135 84/190/1135 621/598/1135
f 285/138/302 297/140/302 298/98/302
f 298/98/303 299/100/303 287/309/303
f 299/100/304 300/55/304 288/69/304
f 84/190/1136 74/191/1136 609/600/1136
f 301/601/306 302/616/306 290/252/306
f 290/252/307 302/616/307 303/602/307
f 303/602/308 304/603/308 292/594/308
f 304/603/33 305/1272/33 293/595/33
f 293/595/309 305/1272/309 306/604/309
f 294/605/31 306/604/31 295/606/31
f 307/607/42 308/608/42 296/142/42
f 308/608/310 309/609/310 297/140/310
f 309/609/40 310/628/40 298/98/40
f 177/386/1137 166/388/1137 707/610/1137
f 311/612/312 312/632/312 300/55/312
f 300/55/313 312/632/313 313/613/313
f 313/615/314 314/617/314 302/616/314
f 314/617/47 315/618/47 303/602/47
f 315/618/46 316/1309/46 304/603/46
f 369/432/1138 358/712/1138 888/619/1138
f 368/1441/316 899/1442/316 887/1443/316
f 83/209/1139 620/441/1139 619/624/1139
f 319/625/54 320/626/54 308/608/54
f 320/626/53 321/627/53 309/609/53
f 321/627/52 322/648/52 310/628/52
f 368/629/1140 367/659/1140 898/451/1140
f 323/631/50 324/633/50 312/632/50
f 324/633/49 325/652/49 313/613/49
f 72/183/1141 82/671/1141 619/624/1141
f 314/617/320 326/654/320 327/635/320
f 164/379/1142 176/673/1142 716/636/1142
f 328/638/322 329/661/322 317/639/322
f 317/639/56 329/661/56 330/641/56
f 330/641/323 319/664/323 307/643/323
f 331/644/66 332/666/66 320/626/66
f 258/541/1143 270/674/1143 811/645/1143
f 333/647/325 334/649/325 322/648/325
f 334/649/326 335/650/326 323/631/326
f 335/650/327 336/651/327 324/633/327
f 336/651/328 337/1369/328 325/652/328
f 337/653/72 338/656/72 326/654/72
f 338/656/71 339/1372/71 327/635/71
f 356/657/329 886/849/329 898/658/329
f 340/660/330 341/662/330 329/661/330
f 341/662/331 342/663/331 330/641/331
f 342/663/332 331/1386/332 319/664/332
f 331/644/333 343/684/333 344/665/333
f 332/666/77 344/665/77 345/667/77
f 345/667/334 346/687/334 334/649/334
f 461/1444/1144 998/1445/1144 987/1446/1144
f 82/671/1145 81/182/1145 618/468/1145
f 176/673/1146 175/378/1146 715/469/1146
f 270/674/1147 269/471/1147 810/470/1147
f 367/449/1148 898/658/1148 897/675/1148
f 460/677/1149 450/859/1149 987/678/1149
f 81/182/1150 71/184/1150 606/679/1150
f 163/380/341 704/857/341 715/681/341
f 366/676/1151 897/675/1151 885/682/1151
f 343/684/90 351/883/90 352/685/90
f 352/685/89 353/686/89 345/667/89
f 353/686/88 354/705/88 346/687/88
f 81/205/1152 618/680/1152 617/688/1152
f 347/689/344 355/848/344 356/690/344
f 175/404/1153 715/681/1153 714/692/1153
f 174/402/346 714/692/346 703/693/346
f 459/500/1154 996/502/1154 985/694/1154
f 80/203/1155 617/1447/1155 616/696/1155
f 364/697/1156 895/714/1156 896/698/1156
f 349/699/350 361/742/350 362/700/350
f 362/700/91 351/731/91 343/702/91
f 79/175/1157 616/696/1157 604/703/1157
f 363/704/100 364/697/100 353/686/100
f 364/697/352 365/494/352 354/705/352
f 365/494/99 366/676/99 355/683/99
f 267/577/1158 255/561/1158 797/706/1158
f 367/659/97 368/629/97 357/708/97
f 447/709/1159 984/878/1159 995/523/1159
f 369/432/96 370/726/96 359/711/96
f 359/711/354 370/726/354 371/384/354
f 267/577/355 809/707/355 808/713/355
f 363/704/1160 894/721/1160 895/714/1160
f 78/201/1161 68/174/1161 603/715/1161
f 266/1448/1162 808/1449/1162 796/1450/1162
f 363/704/1163 352/685/1163 883/720/1163
f 446/722/191 457/528/191 994/530/191
f 375/492/9 376/493/9 366/676/9
f 366/676/109 376/493/109 377/455/109
f 77/200/1164 78/201/1164 615/716/1164
f 171/725/1165 712/537/1165 713/526/1165
f 378/420/363 379/154/363 370/726/363
f 379/154/117 380/377/117 371/384/117
f 171/725/168 159/347/168 701/727/168
f 372/362/365 381/364/365 382/86/365
f 76/198/1166 77/200/1166 614/724/1166
f 171/396/1167 712/728/1167 711/729/1167
f 264/556/1168 806/736/1168 807/730/1168
f 383/253/123 384/254/123 375/242/123
f 351/731/1169 362/700/1169 892/732/1169
f 455/734/1170 992/1220/1170 993/735/1170
f 252/557/371 794/890/371 806/736/371
f 444/1451/1171 982/1452/1171 992/1453/1171
f 170/395/1172 711/729/1172 710/740/1172
f 379/154/35 389/156/35 390/741/35
f 390/741/373 391/131/373 381/364/373
f 391/131/127 392/84/127 382/86/127
f 361/742/1173 891/750/1173 892/732/1173
f 455/743/1174 992/1454/1174 991/744/1174
f 169/393/1175 710/740/1175 699/746/1175
f 251/552/377 263/758/377 805/747/377
f 384/238/378 396/10/378 397/749/378
f 349/699/379 880/893/379 891/750/379
f 386/211/132 398/1278/132 399/751/132
f 399/753/143 400/754/143 388/169/143
f 400/754/142 401/755/142 389/156/142
f 401/755/141 402/771/141 390/741/141
f 454/745/1176 991/744/1176 981/756/1176
f 263/758/1177 262/551/1177 804/578/1177
f 250/553/1178 792/910/1178 804/759/1178
f 67/760/1179 75/162/1179 610/583/1179
f 406/762/384 407/763/384 395/19/384
f 407/763/385 408/764/385 396/10/385
f 408/764/146 409/765/146 397/749/146
f 409/765/386 410/787/386 398/766/386
f 167/365/1180 708/1071/1180 709/767/1180
f 411/768/155 412/1315/155 400/754/155
f 261/571/1181 262/570/1181 804/759/1181
f 401/755/389 413/792/389 414/770/389
f 414/770/390 415/1325/390 403/772/390
f 360/580/1182 890/579/1182 889/773/1182
f 416/774/150 405/799/150 393/775/150
f 417/777/161 418/801/161 406/778/161
f 167/1455/162 156/1456/162 697/1457/162
f 249/549/1183 261/548/1183 803/769/1183
f 441/784/191 979/941/191 990/592/191
f 420/786/393 421/808/393 410/787/393
f 410/787/394 421/808/394 422/788/394
f 166/388/1184 167/387/1184 708/790/1184
f 423/791/166 424/1351/166 413/792/166
f 413/792/396 424/1351/396 425/794/396
f 260/795/1185 802/1117/1185 803/587/1185
f 426/796/163 427/798/163 416/774/163
f 427/798/398 417/1363/398 405/799/398
f 428/800/376 429/1368/376 418/801/376
f 358/712/1186 359/711/1186 889/773/1186
f 260/1458/76 248/1459/76 790/1460/76
f 430/805/401 431/807/401 420/786/401
f 431/807/169 432/1376/169 421/808/169
f 73/159/1187 608/814/1187 609/600/1187
f 433/809/179 434/831/179 423/810/179
f 259/812/1188 801/821/1188 790/813/1188
f 64/161/404 596/956/404 608/814/404
f 425/815/405 436/1399/405 437/816/405
f 426/796/175 437/816/175 438/817/175
f 154/335/1189 165/358/1189 706/818/1189
f 259/812/1190 247/520/1190 789/820/1190
f 451/822/408 988/836/408 977/823/408
f 165/358/1191 164/839/1191 705/637/1191
f 430/805/182 441/784/182 442/825/182
f 357/708/1192 887/1461/1192 886/826/1192
f 443/827/180 444/895/180 433/828/180
f 444/830/190 445/832/190 434/831/190
f 445/832/411 446/722/411 435/833/411
f 446/722/188 447/875/188 436/834/188
f 451/822/1193 450/1462/1193 987/835/1193
f 448/837/186 449/854/186 438/817/186
f 153/332/1194 694/1068/1194 705/838/1194
f 439/840/196 450/1462/196 451/822/196
f 258/541/1195 800/646/1195 788/841/1195
f 356/690/1196 886/826/1196 875/842/1196
f 452/785/416 453/843/416 442/825/416
f 453/843/192 454/745/192 443/757/192
f 439/1463/1197 976/1464/1197 987/1465/1197
f 455/734/417 456/542/417 445/832/417
f 456/542/418 457/528/418 446/722/418
f 72/183/1198 607/634/1198 606/679/1198
f 458/710/199 459/500/199 448/695/199
f 163/380/1199 164/379/1199 705/838/1199
f 355/848/1200 885/682/1200 886/849/1200
f 152/356/422 163/856/422 704/847/422
f 257/564/273 245/540/273 787/851/273
f 347/689/1201 874/1142/1201 885/853/1201
f 452/785/121 462/415/121 463/389/121
f 453/843/204 463/389/204 464/369/204
f 464/369/203 465/866/203 455/743/203
f 449/854/1202 986/861/1202 975/855/1202
f 466/544/425 467/535/425 457/528/425
f 163/856/1203 162/355/1203 703/693/1203
f 468/522/210 469/512/210 459/500/210
f 256/563/1204 257/564/1204 799/852/1204
f 470/479/208 461/459/208 450/859/208
f 355/683/1205 885/853/1205 884/860/1205
f 449/854/1206 448/837/1206 985/694/1206
f 61/1466/1207 70/1467/1207 605/1468/1207
f 474/417/431 475/407/431 463/389/431
f 354/705/1208 884/860/1208 873/865/1208
f 476/349/214 477/351/214 465/866/214
f 477/867/432 478/293/432 466/295/432
f 448/837/1209 437/816/1209 974/868/1209
f 70/870/1210 69/150/1210 604/703/1210
f 255/561/1211 256/563/1211 798/858/1211
f 448/695/1212 985/869/1212 984/872/1212
f 60/123/1213 592/1014/1213 604/873/1213
f 481/214/231 482/216/231 472/438/231
f 482/216/438 483/874/438 473/423/438
f 483/874/229 484/146/229 474/164/229
f 447/875/439 984/872/439 973/876/439
f 68/174/1214 69/176/1214 604/873/1214
f 150/374/1215 691/1469/1215 702/877/1215
f 447/875/1216 446/722/1216 983/723/1216
f 478/70/236 488/60/236 489/61/236
f 489/61/443 490/36/443 480/38/443
f 160/373/444 702/877/444 690/879/444
f 254/1470/1217 796/1471/1217 784/1472/1217
f 351/883/1218 882/1159/1218 883/720/1218
f 148/348/394 689/1066/394 701/727/394
f 494/884/242 495/905/242 483/874/242
f 483/874/241 495/905/241 496/885/241
f 496/885/446 497/1291/446 485/144/446
f 253/532/1219 242/534/1219 783/886/1219
f 498/888/238 499/1299/238 487/889/238
f 252/557/1220 253/532/1220 795/887/1220
f 350/701/1221 343/702/1221 872/891/1221
f 349/699/1222 350/701/1222 881/892/1222
f 443/827/1223 981/756/1223 982/894/1223
f 503/896/245 504/898/245 492/897/245
f 504/898/244 493/921/244 481/899/244
f 505/900/452 506/1311/452 494/901/452
f 147/342/161 158/368/161 699/746/161
f 507/904/453 508/1319/453 496/885/453
f 432/829/454 969/1214/454 981/906/454
f 509/907/455 510/1323/455 498/908/455
f 250/553/1224 251/552/1224 793/748/1224
f 511/911/261 512/1335/261 500/912/261
f 443/757/1225 981/906/1225 980/914/1225
f 513/915/259 514/918/259 502/916/259
f 514/918/458 515/919/458 503/896/458
f 515/919/459 516/920/459 504/898/459
f 516/920/256 505/1342/256 493/921/256
f 67/1473/1226 599/1474/1226 587/1475/1226
f 157/341/461 146/320/461 686/925/461
f 442/825/462 980/914/462 968/927/462
f 520/928/463 521/1353/463 509/929/463
f 156/366/1227 157/341/1227 698/926/1227
f 54/135/1228 586/1005/1228 598/932/1228
f 145/1476/76 156/1477/76 697/1478/76
f 523/936/467 524/955/467 513/915/467
f 513/915/271 524/955/271 525/938/271
f 525/938/468 526/939/468 515/919/468
f 526/939/469 527/957/469 516/920/469
f 441/784/180 430/805/180 967/940/180
f 1/942/279 2/344/279 518/943/279
f 65/160/1229 66/163/1229 598/932/1229
f 3/9/358 4/8/358 520/946/358
f 155/336/1230 696/958/1230 697/948/1230
f 249/549/1231 791/783/1231 790/950/1231
f 248/1479/1232 790/1480/1232 778/1481/1232
f 522/954/474 6/1414/474 7/157/474
f 7/157/475 8/133/475 524/955/475
f 8/133/283 9/87/283 525/938/283
f 64/161/1233 65/160/1233 597/945/1233
f 526/939/281 10/29/281 11/31/281
f 155/336/1234 154/335/1234 695/819/1234
f 528/345/478 530/313/478 531/959/478
f 531/959/1235 533/272/1235 532/960/1235
f 535/249/1236 534/255/1236 537/961/1236
f 536/962/1237 537/961/1237 539/207/1237
f 541/143/1238 543/125/1238 542/134/1238
f 542/134/483 543/125/483 545/78/483
f 544/88/484 545/78/484 547/963/484
f 547/963/485 549/22/485 548/964/485
f 549/22/486 551/14/486 550/30/486
f 553/965/1239 554/975/1239 533/272/1239
f 533/272/1240 554/975/1240 555/966/1240
f 534/255/1241 555/966/1241 556/967/1241
f 556/967/1242 557/1293/1242 539/207/1242
f 561/968/1243 562/984/1243 549/22/1243
f 551/969/1244 563/986/1244 552/970/1244
f 552/972/1245 564/989/1245 565/973/1245
f 553/965/1246 565/973/1246 566/974/1246
f 554/975/1247 566/974/1247 567/976/1247
f 567/976/1248 568/1320/1248 556/967/1248
f 557/977/497 569/1324/497 570/978/497
f 571/980/1249 572/995/1249 560/981/1249
f 573/983/1250 574/985/1250 562/984/1250
f 574/985/1251 575/987/1251 563/986/1251
f 575/987/1252 564/997/1252 552/970/1252
f 576/988/502 577/1344/502 565/973/502
f 565/973/1253 577/1344/1253 578/990/1253
f 568/991/1254 579/1355/1254 580/992/1254
f 571/980/1255 582/1362/1255 583/994/1255
f 575/987/1256 586/1374/1256 576/996/1256
f 581/998/1257 593/1015/1257 594/999/1257
f 595/1001/1258 596/956/1258 584/1002/1258
f 584/1002/1259 596/956/1259 597/945/1259
f 585/1004/1260 597/945/1260 598/932/1260
f 587/1006/1261 599/1016/1261 600/1007/1261
f 588/1008/512 600/1007/512 601/1009/512
f 589/1010/513 601/1009/513 602/1011/513
f 590/1012/1262 602/1011/1262 603/715/1262
f 603/715/1263 604/873/1263 592/1014/1263
f 593/1015/1264 605/1018/1264 606/679/1264
f 606/679/517 607/634/517 595/1001/517
f 595/1001/518 607/634/518 608/814/518
f 599/1016/1265 611/1020/1265 612/1017/1265
f 600/1007/1266 612/1017/1266 613/559/1266
f 601/1009/1267 613/559/1267 614/724/1267
f 602/1011/1268 614/724/1268 615/716/1268
f 616/696/1269 617/1447/1269 605/871/1269
f 605/1018/1270 617/688/1270 618/680/1270
f 619/624/1271 620/441/1271 608/814/1271
f 620/441/1272 621/598/1272 609/600/1272
f 610/583/1273 622/599/1273 611/1019/1273
f 623/572/1274 624/357/1274 612/1017/1274
f 612/1017/1275 624/357/1275 625/560/1275
f 618/468/1276 630/467/1276 631/448/1276
f 632/195/1277 633/1023/1277 621/598/1277
f 621/598/1278 633/1023/1278 634/398/1278
f 622/599/1279 634/398/1279 623/397/1279
f 635/343/1280 636/322/1280 625/560/1280
f 626/290/1281 637/282/1281 638/278/1281
f 628/258/1282 639/24/1282 640/1021/1282
f 629/482/1283 640/1025/1283 641/1022/1283
f 630/467/1284 641/1022/1284 642/217/1284
f 643/180/1285 644/1028/1285 633/1023/1285
f 633/1023/1286 644/1028/1286 645/148/1286
f 636/83/1287 647/82/1287 648/64/1287
f 649/1024/541 650/1031/541 640/1021/541
f 640/1025/1288 650/1032/1288 651/1026/1288
f 651/1026/1289 652/1273/1289 642/217/1289
f 654/1027/1290 655/1290/1290 645/148/1290
f 646/91/1291 658/1042/1291 659/1029/1291
f 659/1029/1292 660/1044/1292 648/64/1292
f 649/1024/1293 662/1048/1293 663/1030/1293
f 650/1032/681 663/1050/681 664/1033/681
f 665/1034/1294 666/1053/1294 653/1035/1294
f 653/1035/1295 666/1053/1295 667/1037/1295
f 668/1039/1296 657/1482/1296 656/1040/1296
f 658/1042/1297 669/1054/1297 670/1043/1297
f 670/1043/1298 671/1045/1298 660/1044/1298
f 671/1045/1299 672/1057/1299 661/1046/1299
f 661/1046/1300 672/1057/1300 673/1047/1300
f 662/1048/1301 673/1047/1301 674/1049/1301
f 663/1050/1302 674/1341/1302 675/1051/1302
f 676/1052/558 677/1059/558 666/1053/558
f 669/1054/1303 680/1064/1303 681/1055/1303
f 682/1056/1304 683/1371/1304 672/1057/1304
f 672/1057/1305 683/1371/1305 684/1058/1305
f 687/903/1306 688/1060/1306 677/1059/1306
f 688/1060/1307 689/1066/1307 678/1061/1307
f 679/1062/1308 691/1401/1308 692/1063/1308
f 692/1063/1309 693/1405/1309 681/1055/1309
f 685/1065/1310 697/931/1310 698/926/1310
f 699/746/566 700/1069/566 688/1060/566
f 688/1060/567 700/1069/567 701/727/567
f 702/877/568 691/1469/568 679/1067/568
f 704/847/1311 705/838/1311 694/1068/1311
f 695/819/1312 706/818/1312 707/610/1312
f 696/958/1313 707/610/1313 708/790/1313
f 699/746/1314 710/740/1314 711/729/1314
f 711/729/1315 712/728/1315 701/727/1315
f 714/692/574 715/681/574 704/857/574
f 705/637/1316 716/636/1316 717/1070/1316
f 706/818/1317 717/1070/1317 718/611/1317
f 719/581/1318 720/574/1318 709/767/1318
f 722/550/1319 723/527/1319 713/526/1319
f 726/233/1320 727/223/1320 716/636/1320
f 716/636/1321 727/223/1321 728/196/1321
f 728/196/1322 729/426/1322 718/611/1322
f 721/324/582 730/298/582 731/66/582
f 731/66/1323 732/1072/1323 723/527/1323
f 732/1072/1324 725/1074/1324 724/524/1324
f 726/233/1325 735/235/1325 736/224/1325
f 737/186/1326 738/178/1326 729/426/1326
f 743/76/587 744/1073/587 732/1072/587
f 744/1073/588 733/1084/588 725/1074/588
f 734/5/1327 746/1086/1327 747/1075/1327
f 735/235/1328 747/1075/1328 748/1076/1328
f 750/1077/591 751/1286/591 739/167/591
f 752/1079/1329 753/1080/1329 741/93/1329
f 753/1080/1330 754/1092/1330 742/75/1330
f 742/75/1331 754/1092/1331 755/1081/1331
f 743/76/1332 755/1081/1332 756/1082/1332
f 744/1073/1333 756/1082/1333 745/1083/1333
f 757/1085/597 758/1087/597 747/1075/597
f 758/1087/598 759/1095/598 748/1076/598
f 749/1088/438 760/1317/438 761/1089/438
f 752/1079/1334 762/1326/1334 763/1091/1334
f 763/1091/1335 764/1093/1335 754/1092/1335
f 764/1093/1336 765/1097/1336 755/1081/1336
f 757/1085/1337 767/1099/1337 768/1094/1337
f 768/1094/1338 769/1343/1338 759/1095/1338
f 764/1093/1339 775/1360/1339 776/1096/1339
f 776/1096/1340 777/1370/1340 766/1098/1340
f 767/1099/1341 779/1111/1341 780/1100/1341
f 781/1101/1342 782/1112/1342 770/1102/1342
f 770/1102/1343 782/1112/1343 783/886/1343
f 783/886/1344 784/1390/1344 772/1105/1344
f 773/1106/1345 785/1114/1345 786/1107/1345
f 774/1108/1346 786/1107/1346 787/851/1346
f 778/1110/1347 790/950/1347 791/783/1347
f 791/783/614 792/910/614 780/1100/614
f 792/910/615 793/748/615 781/1101/615
f 781/1101/1348 793/748/1348 794/890/1348
f 782/1112/1349 794/890/1349 795/887/1349
f 796/1113/1350 797/706/1350 785/1114/1350
f 785/1114/1351 797/706/1351 798/858/1351
f 786/1107/620 798/858/620 799/852/620
f 800/646/1352 801/821/1352 789/820/1352
f 791/783/1353 803/769/1353 804/759/1353
f 793/748/623 805/747/623 806/736/623
f 796/1113/1354 808/713/1354 809/707/1354
f 800/646/1355 811/645/1355 812/1116/1355
f 812/1116/1356 802/1118/1356 790/813/1356
f 802/1117/1357 813/1119/1357 814/588/1357
f 815/382/1358 816/568/1358 805/747/1358
f 816/568/1359 817/328/1359 806/736/1359
f 817/328/1360 818/539/1360 807/730/1360
f 810/470/1361 821/453/1361 822/444/1361
f 811/645/1362 822/444/1362 823/436/1362
f 823/436/1363 813/1430/1363 802/1118/1363
f 824/418/1364 825/409/1364 814/588/1364
f 815/382/1365 826/371/1365 827/360/1365
f 828/308/1366 829/292/1366 818/539/1366
f 819/266/23 831/251/23 832/240/23
f 833/141/1367 834/139/1367 826/406/1367
f 837/57/1368 838/56/1368 830/286/1368
f 835/1120/639 844/1129/639 845/1121/639
f 839/1122/1369 849/1310/1369 850/1123/1369
f 840/1124/641 850/1123/641 851/1125/641
f 851/1125/642 843/1316/642 842/1127/642
f 854/1128/51 855/1331/51 845/1121/51
f 856/1130/60 857/1340/60 847/1131/60
f 848/1133/1370 858/1140/1370 859/1134/1370
f 852/1136/644 860/1354/644 861/1137/644
f 867/1139/645 868/1150/645 859/1134/645
f 862/1141/1371 873/865/1371 874/1142/1371
f 863/1143/1372 874/1142/1372 875/842/1372
f 875/842/1373 876/1155/1373 865/1145/1373
f 876/1146/1374 877/1157/1374 866/1147/1374
f 866/1147/1375 877/1157/1375 878/1149/1375
f 878/1149/1376 879/1151/1376 868/1150/1376
f 879/1151/1377 880/893/1377 869/1152/1377
f 869/1152/1378 880/893/1378 881/892/1378
f 870/1153/654 881/892/654 872/891/654
f 884/860/1379 885/853/1379 874/1142/1379
f 886/826/1380 887/1461/1380 876/1155/1380
f 887/1156/1381 888/619/1381 877/1157/1381
f 877/1157/1382 888/619/1382 889/773/1382
f 889/773/1383 890/579/1383 879/1151/1383
f 890/579/1384 891/750/1384 880/893/1384
f 893/1158/1385 894/721/1385 883/720/1385
f 897/675/1386 898/658/1386 886/849/1386
f 887/1156/1387 899/1164/1387 900/620/1387
f 901/385/1388 902/569/1388 891/750/1388
f 902/569/1389 903/331/1389 892/732/1389
f 903/331/1390 893/1165/1390 882/733/1390
f 904/1160/1391 905/1161/1391 894/721/1391
f 905/1161/1392 906/509/1392 895/714/1392
f 906/509/1393 907/495/1393 896/698/1393
f 898/451/1394 909/450/1394 910/1162/1394
f 910/1163/1395 911/433/1395 900/620/1395
f 901/385/116 913/376/116 914/363/116
f 915/85/1396 904/1168/1396 893/1165/1396
f 904/1160/674 916/1170/674 917/1166/674
f 917/1166/675 918/271/675 906/509/675
f 919/237/1397 920/1172/1397 908/456/1397
f 908/456/1398 920/1172/1398 921/213/1398
f 909/450/1399 921/213/1399 922/212/1399
f 922/188/1400 923/170/1400 911/433/1400
f 923/170/1401 924/155/1401 912/421/1401
f 915/85/1402 927/107/1402 916/1167/1402
f 928/1169/1403 929/40/1403 917/1166/1403
f 917/1166/1404 929/40/1404 930/20/1404
f 918/271/1405 930/20/1405 931/12/1405
f 932/1171/1406 933/1279/1406 921/213/1406
f 937/1173/1407 938/1183/1407 926/106/1407
f 926/106/1408 938/1183/1408 939/1174/1408
f 927/107/1409 939/1174/1409 928/1175/1409
f 940/1176/1410 941/1306/1410 929/40/1410
f 945/1177/1411 946/1483/1411 934/1178/1411
f 935/1180/1412 947/1318/1412 948/1181/1412
f 938/1183/1413 950/1327/1413 951/1184/1413
f 952/1185/1414 953/1199/1414 942/1186/1414
f 942/1186/1415 953/1199/1415 954/1188/1415
f 943/1189/1416 954/1188/1416 955/1190/1416
f 957/1192/695 958/1350/695 947/1193/695
f 949/1195/1417 960/1356/1417 961/1196/1417
f 952/1185/1418 965/1211/1418 966/1198/1418
f 953/1199/1419 966/1198/1419 967/940/1419
f 956/1200/1420 969/1382/1420 970/1201/1420
f 971/1203/1421 972/1206/1421 959/1204/1421
f 972/1206/701 973/1400/701 960/1207/701
f 975/855/1422 964/1216/1422 962/1208/1422
f 976/1210/703 977/823/703 965/1211/703
f 965/1211/704 977/823/704 978/1213/704
f 978/1213/705 979/941/705 967/940/705
f 980/914/706 981/906/706 969/1214/706
f 984/872/1423 985/869/1423 974/868/1423
f 975/855/1424 986/861/1424 976/1215/1424
f 977/823/709 988/836/709 989/1217/709
f 989/1217/710 990/592/710 979/941/710
f 991/744/1425 992/1454/1425 982/894/1425
f 983/723/1426 994/530/1426 995/523/1426
f 996/502/1427 997/480/1427 986/861/1427
f 986/861/1428 997/480/1428 987/678/1428
f 987/835/1429 998/1221/1429 999/1218/1429
f 988/836/1430 999/1218/1430 1000/1219/1430
f 989/1217/717 1000/1219/717 1001/593/717
f 1004/554/1431 1005/543/1431 993/735/1431
f 1006/529/719 1007/513/719 995/523/719
f 996/502/1432 1008/501/1432 1009/460/1432
f 998/1221/1433 1010/447/1433 1011/439/1433
f 1011/439/722 1012/424/722 1000/1219/722
f 1012/424/1434 1013/416/1434 1001/593/1434
f 1002/391/1435 1014/390/1435 1015/370/1435
f 1005/294/1436 1017/288/1436 1018/276/1436
f 1018/276/1437 1019/37/1437 1007/513/1437
f 1019/37/1438 1020/1222/1438 1008/501/1438
f 1020/1222/1439 1021/1226/1439 1009/460/1439
f 1009/460/1440 1021/1226/1440 1010/1223/1440
f 1024/145/1441 1025/1224/1441 1014/390/1441
f 1025/1224/731 1026/115/731 1015/370/731
f 1026/115/1442 1027/114/1442 1016/350/1442
f 1027/1225/1443 1028/71/1443 1017/315/1443
f 1019/37/1444 1030/42/1444 1031/3/1444
f 1020/1222/1445 1031/3/1445 1032/2/1445
f 1032/2/1446 1022/1484/1446 1010/1223/1446
f 1033/1227/1447 1034/1280/1447 1023/215/1447
f 1037/1229/1448 1038/1297/1448 1026/115/1448
f 1039/1230/1449 1040/1231/1449 1028/71/1449
f 1040/1231/1450 1041/1244/1450 1029/41/1450
f 1029/41/1451 1041/1244/1451 1042/1232/1451
f 1030/42/1452 1042/1232/1452 1043/1233/1452
f 1045/1234/1453 1046/1247/1453 1035/1235/1453
f 1036/1237/1454 1047/1321/1454 1048/1238/1454
f 1038/1240/1455 1049/1252/1455 1050/1241/1455
f 1040/1231/1456 1051/1336/1456 1052/1243/1456
f 1044/1245/1457 1054/1346/1457 1055/1246/1457
f 1055/1246/748 1056/1260/748 1046/1247/748
f 1046/1247/749 1056/1260/749 1057/1248/749
f 1048/1250/1458 1058/1261/1458 1059/1251/1458
f 1049/1252/1459 1059/1251/1459 1060/1253/1459
f 1050/1254/1460 1060/1361/1460 1061/1255/1460
f 1053/1257/1461 1064/1265/1461 1054/1258/1461
f 1055/1246/1462 529/346/1462 532/960/1462
f 535/249/1463 536/962/1463 1058/1261/1463
f 1058/1261/1464 536/962/1464 538/193/1464
f 538/193/1465 540/192/1465 1060/1253/1465
f 546/89/1466 548/964/1466 1063/1263/1466
f 1064/1265/1467 550/1267/1467 528/1266/1467
f 1/32/1468 528/1266/1468 550/1267/1468
f 12/1268/1469 22/15/1469 551/969/1469
f 397/749/1470 932/1171/1470 920/1172/1470
f 481/899/1471 1022/1484/1471 1032/2/1471
f 23/1485/76 12/1486/76 530/1487/76
f 398/766/1472 933/1279/1472 932/1171/1472
f 305/1272/41 304/603/41 839/1122/41
f 113/275/1473 114/274/1473 652/1273/1473
f 481/1488/1474 493/1489/1474 1033/1490/1474
f 23/33/1475 552/972/1475 553/965/1475
f 398/1278/1476 386/211/1476 921/213/1476
f 208/458/771 198/222/771 736/224/771
f 114/256/363 103/218/363 642/217/363
f 494/901/1477 1034/1280/1477 1033/1227/1477
f 24/1277/774 553/965/774 531/959/774
f 398/1278/1478 933/1179/1478 934/1178/1478
f 306/604/1479 305/1272/1479 840/1124/1479
f 115/257/1480 114/256/1480 652/1036/1480
f 494/884/1481 482/216/1481 1023/215/1481
f 494/884/1482 1034/1236/1482 1035/1235/1482
f 306/604/1483 841/1126/1483 842/1127/1483
f 210/1281/1484 209/440/1484 749/1088/1484
f 116/1282/1485 115/257/1485 653/1035/1485
f 307/1491/783 295/1492/783 842/1493/783
f 200/185/784 210/1281/784 750/1077/784
f 105/179/1486 116/1282/1486 654/1027/1486
f 400/754/786 935/1180/786 936/1182/786
f 210/464/1487 211/463/1487 751/1286/1487
f 117/280/1488 655/1290/1488 654/1027/1488
f 201/1494/789 739/1495/789 751/1496/789
f 117/259/109 106/149/109 645/148/109
f 497/1291/1489 496/885/1489 1036/1237/1489
f 117/259/1490 655/1041/1490 656/1040/1490
f 497/1291/1491 1037/1229/1491 1025/1224/1491
f 25/72/1492 26/74/1492 557/1293/1492
f 402/771/795 937/1173/795 925/132/795
f 202/443/218 212/466/218 752/1079/218
f 107/1497/797 656/1498/797 657/1499/797
f 497/909/1493 498/908/1493 1038/1297/1493
f 16/47/1494 539/207/1494 557/1293/1494
f 403/772/1495 938/1183/1495 937/1173/1495
f 498/888/1496 486/113/1496 1026/115/1496
f 26/46/1497 557/977/1497 558/979/1497
f 298/98/42 310/628/42 844/1129/42
f 119/284/1498 658/1042/1498 646/91/1498
f 498/888/1499 1038/1240/1499 1039/1242/1499
f 499/1500/1500 1039/1501/1500 1027/1502/1500
f 299/100/1501 836/99/1501 845/1121/1501
f 500/912/1502 1040/1231/1502 1039/1230/1502
f 393/775/1503 928/1175/1503 939/1174/1503
f 28/51/809 559/982/809 560/981/809
f 393/1503/1504 405/1504/1504 940/1505/1504
f 110/62/1505 648/64/1505 660/1044/1505
f 406/778/1506 941/1306/1506 940/1176/1506
f 213/474/1507 214/473/1507 756/1082/1507
f 120/267/1508 660/1044/1508 661/1046/1508
f 394/39/1509 929/40/1509 941/1306/1509
f 501/917/1510 502/916/1510 1042/1232/1510
f 30/53/1511 561/968/1511 547/963/1511
f 406/762/1512 941/1187/1512 942/1186/1512
f 314/617/819 313/615/819 846/1132/819
f 214/473/1487 206/476/1487 745/1083/1487
f 122/1307/1513 121/269/1513 661/1046/1513
f 112/23/1514 122/1307/1514 662/1048/1514
f 502/916/1515 503/896/1515 1043/1233/1515
f 21/21/824 549/22/824 562/984/824
f 407/763/1516 942/1186/1516 943/1189/1516
f 491/1/1517 1031/3/1517 1043/1233/1517
f 32/58/1518 31/1308/1518 562/984/1518
f 207/4/236 216/452/236 757/1085/236
f 32/58/1519 563/986/1519 551/969/1519
f 408/764/1520 943/1189/1520 944/1191/1520
f 316/1309/1521 315/618/1521 848/1133/1521
f 304/603/1522 316/1309/1522 849/1310/1522
f 123/273/1523 113/275/1523 651/1026/1523
f 317/639/1524 850/1123/1524 849/1310/1524
f 410/787/1525 945/1177/1525 933/1179/1525
f 208/458/231 748/1076/231 759/1095/231
f 124/297/1526 665/1034/1526 652/1036/1526
f 506/1311/1527 505/900/1527 1044/1245/1527
f 411/789/1528 946/1483/1528 945/1177/1528
f 318/642/1529 851/1125/1529 850/1123/1529
f 506/1311/1530 1045/1234/1530 1034/1236/1530
f 399/1506/1531 934/1507/1531 946/1508/1531
f 218/484/840 760/1317/840 749/1088/840
f 412/1315/1532 411/768/1532 946/1194/1532
f 318/642/1533 307/643/1533 843/1316/1533
f 219/462/843 761/1089/843 760/1317/843
f 125/301/1534 126/279/1534 667/1037/1534
f 507/904/1535 495/905/1535 1035/1235/1535
f 33/94/1536 34/96/1536 567/976/1536
f 400/754/1537 412/1315/1537 947/1318/1537
f 219/462/1538 210/464/1538 750/1090/1538
f 116/281/1539 654/1038/1539 667/1037/1539
f 507/904/1540 1046/1247/1540 1047/1249/1540
f 412/793/1541 413/792/1541 948/1181/1541
f 508/1319/1542 1047/1321/1542 1036/1237/1542
f 34/96/1543 35/97/1543 568/1320/1543
f 401/755/854 936/1182/854 948/1181/854
f 117/280/1544 127/303/1544 668/1039/1544
f 508/930/1545 509/929/1545 1048/1238/1545
f 25/72/1546 556/967/1546 568/1320/1546
f 320/626/858 852/1136/858 853/1138/858
f 118/305/859 657/1482/859 668/1039/859
f 509/907/860 497/909/860 1037/1239/860
f 35/1322/1547 568/991/1547 569/993/1547
f 221/488/1548 762/1326/1548 752/1079/1548
f 510/1323/1549 509/907/1549 1048/1250/1549
f 26/74/863 36/73/863 569/1324/863
f 415/1325/829 414/770/829 949/1195/829
f 222/489/1550 763/1091/1550 762/1326/1550
f 498/908/1551 510/1323/1551 1049/1252/1551
f 36/103/1552 37/102/1552 570/978/1552
f 403/772/1553 415/1325/1553 950/1327/1553
f 322/648/1554 854/1128/1554 844/1129/1554
f 129/307/142 669/1054/142 658/1042/142
f 37/1509/869 27/1510/869 558/1511/869
f 415/797/1555 416/774/1555 951/1184/1555
f 322/648/871 323/631/871 855/1331/871
f 223/491/1556 764/1093/1556 763/1091/1556
f 499/1512/1557 1039/1513/1557 1050/1514/1557
f 404/776/1558 939/1174/1558 951/1184/1558
f 323/631/60 311/612/60 845/1121/60
f 511/911/1559 1050/1254/1559 1051/1256/1559
f 28/51/29 38/105/29 571/980/29
f 130/312/1560 131/311/1560 671/1045/1560
f 512/1335/1561 1051/1336/1561 1040/1231/1561
f 213/474/880 755/1081/880 765/1097/880
f 512/937/1562 513/915/1562 1052/1243/1562
f 29/79/1563 560/981/1563 572/995/1563
f 224/472/1564 765/1097/1564 766/1098/1564
f 513/915/1565 501/917/1565 1041/1244/1565
f 406/778/163 418/801/163 952/1185/163
f 325/1515/885 856/1516/885 846/1517/885
f 30/53/1566 40/80/1566 573/983/1566
f 325/655/887 326/654/887 857/1340/887
f 41/110/1567 574/985/1567 573/983/1567
f 314/617/889 847/1131/889 857/1340/889
f 132/318/1568 133/317/1568 674/1049/1568
f 42/112/1569 575/987/1569 574/985/1569
f 315/618/49 327/635/49 858/1140/49
f 227/499/893 767/1099/893 757/1085/893
f 419/806/1570 420/786/1570 955/1190/1570
f 133/319/1571 134/296/1571 675/1051/1571
f 409/765/896 944/1191/896 955/1190/896
f 316/640/1572 849/1135/1572 859/1134/1572
f 134/296/141 123/273/141 664/1033/141
f 505/1342/1573 516/920/1573 1053/1257/1573
f 228/505/1574 229/504/1574 769/1343/1574
f 43/118/1575 44/117/1575 577/1344/1575
f 217/457/1576 759/1095/1576 769/1343/1576
f 135/321/902 676/1052/902 665/1034/902
f 517/944/1577 518/943/1577 1055/1246/1577
f 422/788/937 421/808/937 956/1200/937
f 229/1345/1578 769/1103/1578 770/1102/1578
f 44/117/1579 45/120/1579 578/990/1579
f 411/1518/76 422/1519/76 957/1520/76
f 125/301/907 666/1053/907 677/1059/907
f 33/94/1580 566/974/1580 578/990/1580
f 423/810/1581 958/1350/1581 957/1192/1581
f 230/483/1582 770/1102/1582 771/1104/1582
f 136/300/1583 677/1059/1583 678/1061/1583
f 412/793/911 947/1193/911 958/1350/911
f 519/947/1584 520/946/1584 1057/1248/1584
f 424/1351/1585 423/791/1585 958/1205/1585
f 231/485/1586 771/1104/1586 772/1105/1586
f 508/930/915 1047/1249/915 1057/1248/915
f 332/666/916 860/1354/916 852/1136/916
f 521/1353/1587 520/928/1587 1057/1262/1587
f 47/122/1588 579/1355/1588 568/991/1588
f 425/794/1589 424/1351/1589 959/1204/1589
f 332/666/920 333/647/920 861/1137/920
f 509/929/1590 521/1353/1590 1058/1261/1590
f 48/101/922 580/992/922 579/1355/922
f 414/770/1591 425/794/1591 960/1356/1591
f 321/627/924 853/1138/924 861/1137/924
f 48/101/1592 36/103/1592 569/993/1592
f 425/815/1570 426/796/1570 961/1196/1570
f 234/490/1593 233/487/1593 773/1106/1593
f 140/1357/1594 139/306/1594 679/1062/1594
f 415/797/1595 950/1197/1595 961/1196/1595
f 140/1357/1596 680/1064/1596 669/1054/1596
f 335/650/1597 334/649/1597 862/1141/1597
f 235/1358/1598 234/490/1598 774/1108/1598
f 50/1359/1599 49/104/1599 581/998/1599
f 223/491/1600 235/1358/1600 775/1360/1600
f 141/310/1601 130/312/1601 670/1043/1601
f 522/954/1602 523/936/1602 1061/1255/1602
f 38/105/1603 50/1359/1603 582/1362/1603
f 417/1363/937 427/798/937 963/1209/937
f 335/650/1604 863/1143/1604 864/1144/1604
f 236/519/1605 776/1096/1605 775/1360/1605
f 523/936/1606 512/937/1606 1051/1256/1606
f 51/127/1607 583/994/1607 582/1362/1607
f 428/1521/1608 417/1522/1608 962/1523/1608
f 131/311/1609 142/333/1609 682/1056/1609
f 51/1367/47 39/108/47 572/995/47
f 428/800/1610 964/1212/1610 965/1211/1610
f 336/651/1611 864/1144/1611 865/1145/1611
f 236/519/1612 237/496/1612 777/1370/1612
f 143/334/1613 683/1371/1613 682/1056/1613
f 52/109/1614 51/1367/1614 583/1003/1614
f 429/1368/1615 965/1211/1615 952/1185/1615
f 225/475/950 766/1098/950 777/1370/950
f 338/656/343 337/653/343 865/1148/343
f 143/334/1616 144/316/1616 684/1058/1616
f 53/111/1617 52/109/1617 584/1002/1617
f 144/316/1618 132/318/1618 673/1047/1618
f 525/938/955 1062/1264/955 1063/1263/955
f 339/1372/1619 338/656/1619 866/1147/1619
f 239/498/1620 238/1431/1620 778/1110/1620
f 54/1373/1621 53/111/1621 585/1004/1621
f 430/805/1622 419/806/1622 954/1188/1622
f 327/635/1623 339/1372/1623 867/1139/1623
f 239/498/1624 779/1111/1624 767/1099/1624
f 42/112/1625 54/1373/1625 586/1374/1625
f 145/1375/962 685/1065/962 686/925/962
f 527/957/1626 1064/1265/1626 1053/1257/1626
f 43/137/1627 576/996/1627 586/1374/1627
f 340/660/332 328/638/332 859/1134/332
f 228/505/965 768/1094/965 780/1100/965
f 432/1376/1628 431/807/1628 968/927/1628
f 340/660/1629 868/1150/1629 869/1152/1629
f 240/503/1630 780/1100/1630 781/1101/1630
f 517/1524/1631 1054/1525/1631 528/1526/1631
f 56/1381/1632 55/116/1632 587/1006/1632
f 421/808/1633 432/1376/1633 969/1382/1633
f 229/504/1634 241/1377/1634 781/1101/1634
f 147/342/149 687/903/149 676/1052/149
f 2/344/972 529/346/972 1055/1246/972
f 432/829/1635 433/828/1635 970/1201/1635
f 342/663/1636 341/662/1636 869/1152/1636
f 3/9/1637 519/947/1637 1056/1260/1637
f 56/1381/1638 588/1008/1638 589/1010/1638
f 433/1527/162 422/1528/162 957/1529/162
f 520/946/279 4/8/279 535/249/279
f 342/663/1639 870/1153/1639 871/1154/1639
f 57/119/1640 589/1010/1640 590/1012/1640
f 434/831/1641 971/1203/1641 958/1205/1641
f 331/1530/982 871/1531/982 872/1532/982
f 148/348/1609 137/302/1609 678/1061/1609
f 435/833/1642 972/1206/1642 971/1203/1642
f 242/534/1643 243/533/1643 784/1390/1643
f 6/1533/1644 522/1534/1644 1060/1535/1644
f 58/121/1645 590/1012/1645 591/1013/1645
f 232/1536/1646 772/1537/1646 784/1538/1646
f 436/834/1647 973/1400/1647 972/1206/1647
f 244/1398/1648 243/510/1648 784/1115/1648
f 139/327/1649 149/325/1649 690/879/1649
f 59/1394/1650 591/1013/1650 592/1014/1650
f 436/1399/992 425/815/992 960/1207/992
f 233/487/1651 244/1398/1651 785/1114/1651
f 9/87/1652 546/89/1652 1062/1264/1652
f 436/1399/1653 973/876/1653 974/868/1653
f 150/354/1654 151/353/1654 692/1063/1654
f 10/29/1655 526/939/1655 1063/1263/1655
f 334/649/333 346/687/333 873/865/333
f 527/957/1656 11/31/1656 550/1267/1656
f 49/1539/52 61/1540/52 593/1541/52
f 151/353/1657 152/356/1657 693/1405/1657
f 438/817/1658 975/855/1658 963/1209/1658
f 235/517/1659 775/1109/1659 787/851/1659
f 141/310/1660 681/1055/1660 693/1405/1660
f 50/128/1661 582/1000/1661 594/999/1661
f 347/689/1662 348/691/1662 875/842/1662
f 152/1406/1663 693/850/1663 694/1068/1663
f 63/1407/1664 62/126/1664 594/999/1664
f 63/1407/1665 595/1001/1665 583/1003/1665
f 439/840/1666 440/824/1666 977/823/1666
f 246/518/1010 788/841/1010 789/820/1010
