{
  "name": "PlayerRoll",
  "tracks": [
    {
      "keys": [
        {
          "inTangent": 12.56637191772461,
          "outTangent": 12.56637191772461,
          "time": 0.0,
          "value": 0.0
        },
        {
          "inTangent": 12.566370964050293,
          "outTangent": 12.566370964050293,
          "time": 0.25,
          "value": 1.884955644607544
        },
        {
          "inTangent": 12.56636905670166,
          "outTangent": 12.56636905670166,
          "time": 0.5,
          "value": 6.2831854820251465
        }
      ],
      "path": "Transform/rotation.x"
    }
  ],
  "wrapMode": "Once"
}