# Blender 5.1.1
# www.blender.org
mtllib Guardian_eye.mtl
o eye
v 0.000000 -0.555570 -0.831470
v 0.000000 -0.831470 -0.555570
v 0.000000 -0.980785 -0.195090
v 0.000000 -1.000000 -0.000000
v 0.000000 -0.980785 0.195090
v 0.000000 -0.831470 0.555570
v 0.000000 -0.000000 1.000000
v 0.074658 -0.375330 -0.923880
v 0.108386 -0.544895 -0.831470
v 0.137950 -0.693520 -0.707107
v 0.162212 -0.815493 -0.555570
v 0.180240 -0.906127 -0.382684
v 0.191342 -0.961940 -0.195090
v 0.195090 -0.980785 -0.000000
v 0.191342 -0.961940 0.195090
v 0.180240 -0.906127 0.382683
v 0.162212 -0.815493 0.555570
v 0.137950 -0.693520 0.707107
v 0.108386 -0.544895 0.831470
v 0.074658 -0.375330 0.923880
v 0.146447 -0.353553 -0.923880
v 0.212608 -0.513280 -0.831470
v 0.270598 -0.653281 -0.707107
v 0.318190 -0.768178 -0.555570
v 0.353553 -0.853553 -0.382684
v 0.375330 -0.906127 -0.195090
v 0.382683 -0.923879 -0.000000
v 0.375330 -0.906127 0.195090
v 0.353553 -0.853553 0.382683
v 0.318190 -0.768178 0.555570
v 0.270598 -0.653282 0.707107
v 0.212608 -0.513280 0.831470
v 0.146447 -0.353553 0.923880
v 0.074658 -0.180240 0.980785
v 0.212608 -0.318190 -0.923880
v 0.308658 -0.461940 -0.831470
v 0.392847 -0.587938 -0.707107
v 0.461940 -0.691342 -0.555570
v 0.513280 -0.768178 -0.382684
v 0.544895 -0.815493 -0.195090
v 0.555570 -0.831469 -0.000000
v 0.544895 -0.815493 0.195090
v 0.513280 -0.768178 0.382683
v 0.461940 -0.691342 0.555570
v 0.392847 -0.587938 0.707107
v 0.308658 -0.461940 0.831470
v 0.212608 -0.318190 0.923880
v 0.108386 -0.162212 0.980785
v 0.270598 -0.270598 -0.923880
v 0.392847 -0.392847 -0.831470
v 0.500000 -0.500000 -0.707107
v 0.587938 -0.587938 -0.555570
v 0.653281 -0.653281 -0.382684
v 0.693520 -0.693520 -0.195090
v 0.707107 -0.707107 -0.000000
v 0.693520 -0.693520 0.195090
v 0.653281 -0.653281 0.382683
v 0.500000 -0.500000 0.707107
v 0.392847 -0.392847 0.831470
v 0.270598 -0.270598 0.923880
v 0.137950 -0.137950 0.980785
v 0.318190 -0.212607 -0.923880
v 0.461940 -0.308658 -0.831470
v 0.587938 -0.392847 -0.707107
v 0.691342 -0.461940 -0.555570
v 0.831470 -0.555570 -0.000000
v 0.815493 -0.544895 0.195090
v 0.691342 -0.461940 0.555570
v 0.587938 -0.392848 0.707107
v 0.461940 -0.308658 0.831470
v 0.318190 -0.212608 0.923880
v 0.162212 -0.108386 0.980785
v 0.353553 -0.146447 -0.923880
v 0.513280 -0.212607 -0.831470
v 0.653281 -0.270598 -0.707107
v 0.768178 -0.318189 -0.555570
v 0.853553 -0.353553 -0.382683
v 0.906127 -0.375330 -0.195090
v 0.923879 -0.382683 -0.000000
v 0.906127 -0.375330 0.195090
v 0.768178 -0.318190 0.555570
v 0.653281 -0.270598 0.707107
v 0.513280 -0.212608 0.831470
v 0.353553 -0.146447 0.923880
v 0.180240 -0.074658 0.980785
v 0.375330 -0.074658 -0.923880
v 0.544895 -0.108386 -0.831470
v 0.693520 -0.137950 -0.707107
v 0.815493 -0.162212 -0.555570
v 0.906127 -0.180240 -0.382683
v 0.961940 -0.191342 -0.195090
v 0.980785 -0.195090 -0.000000
v 0.961940 -0.191342 0.195090
v 0.906127 -0.180240 0.382683
v 0.815493 -0.162212 0.555570
v 0.693520 -0.137950 0.707107
v 0.544895 -0.108386 0.831470
v 0.375330 -0.074658 0.923880
v 0.191342 -0.038060 0.980785
v 0.382683 0.000000 -0.923880
v 0.555570 0.000000 -0.831470
v 0.707107 0.000000 -0.707107
v 0.831469 0.000000 -0.555570
v 0.923879 -0.000000 -0.382683
v 0.980785 0.000000 -0.195090
v 1.000000 0.000000 0.000000
v 0.980785 0.000000 0.195090
v 0.923879 -0.000000 0.382683
v 0.831469 0.000000 0.555570
v 0.707107 -0.000000 0.707107
v 0.555570 -0.000000 0.831470
v 0.382683 -0.000000 0.923880
v 0.195090 -0.000000 0.980785
v 0.375330 0.074658 -0.923880
v 0.544895 0.108386 -0.831470
v 0.693520 0.137950 -0.707107
v 0.815493 0.162212 -0.555570
v 0.906127 0.180240 -0.382683
v 0.961940 0.191342 -0.195090
v 0.980785 0.195090 0.000000
v 0.961940 0.191342 0.195090
v 0.906127 0.180240 0.382683
v 0.815493 0.162212 0.555570
v 0.693520 0.137950 0.707107
v 0.544895 0.108386 0.831470
v 0.375330 0.074658 0.923880
v 0.191342 0.038060 0.980785
v 0.353553 0.146447 -0.923880
v 0.513280 0.212608 -0.831470
v 0.653281 0.270598 -0.707107
v 0.768178 0.318190 -0.555570
v 0.853553 0.353553 -0.382683
v 0.906127 0.375330 -0.195090
v 0.923879 0.382683 0.000000
v 0.906127 0.375330 0.195090
v 0.853553 0.353553 0.382683
v 0.768178 0.318190 0.555570
v 0.653281 0.270598 0.707107
v 0.513280 0.212607 0.831470
v 0.353553 0.146447 0.923880
v 0.180240 0.074658 0.980785
v 0.318190 0.212608 -0.923880
v 0.587938 0.392847 -0.707107
v 0.691341 0.461940 -0.555570
v 0.768178 0.513280 -0.382683
v 0.815493 0.544895 -0.195090
v 0.831469 0.555570 0.000000
v 0.815493 0.544895 0.195090
v 0.768178 0.513280 0.382683
v 0.691341 0.461940 0.555570
v 0.587938 0.392847 0.707107
v 0.461940 0.308658 0.831470
v 0.318190 0.212607 0.923880
v 0.162212 0.108386 0.980785
v 0.270598 0.270598 -0.923880
v 0.500000 0.500000 -0.707107
v 0.587938 0.587938 -0.555570
v 0.653281 0.653281 -0.382683
v 0.693520 0.693520 -0.195090
v 0.707106 0.707107 0.000000
v 0.693520 0.693520 0.195090
v 0.653281 0.653281 0.382684
v 0.587938 0.587938 0.555570
v 0.137950 0.137950 0.980785
v 0.212607 0.318190 -0.923880
v 0.461940 0.691342 -0.555570
v 0.513280 0.768178 -0.382683
v 0.544895 0.815493 -0.195090
v 0.555570 0.831469 0.000000
v 0.544895 0.815493 0.195090
v 0.513280 0.768178 0.382684
v 0.461940 0.691341 0.555570
v 0.308658 0.461940 0.831470
v 0.212607 0.318190 0.923880
v 0.108386 0.162212 0.980785
v 0.146447 0.353553 -0.923880
v 0.212607 0.513280 -0.831470
v 0.270598 0.653281 -0.707107
v 0.318189 0.768178 -0.555570
v 0.353553 0.853553 -0.382683
v 0.375330 0.906127 -0.195090
v 0.382683 0.923879 0.000000
v 0.375330 0.906127 0.195090
v 0.353553 0.853553 0.382684
v 0.318189 0.768177 0.555570
v 0.270598 0.653281 0.707107
v 0.212607 0.513280 0.831470
v 0.146447 0.353553 0.923880
v 0.074658 0.180240 0.980785
v 0.074658 0.375330 -0.923880
v 0.108386 0.544895 -0.831470
v 0.137950 0.693520 -0.707107
v 0.180240 0.906127 -0.382683
v 0.191342 0.961939 -0.195090
v 0.195090 0.980785 0.000000
v 0.191342 0.961939 0.195090
v 0.180240 0.906127 0.382684
v 0.162212 0.815493 0.555570
v 0.137950 0.693520 0.707107
v 0.108386 0.544895 0.831470
v 0.074658 0.375330 0.923880
v 0.038060 0.191342 0.980785
v -0.000000 0.382683 -0.923880
v -0.000000 0.555570 -0.831470
v -0.000000 0.707107 -0.707107
v -0.000000 0.831469 -0.555570
v 0.000000 0.923879 -0.382683
v -0.000000 0.980785 -0.195090
v -0.000000 0.999999 0.000000
v -0.000000 0.980785 0.195090
v 0.000000 0.923879 0.382684
v -0.000000 0.831469 0.555570
v -0.000000 0.707107 0.707107
v -0.000000 0.555570 0.831470
v -0.000000 0.382683 0.923880
v -0.000000 0.195090 0.980785
v -0.074658 0.375330 -0.923880
v -0.108386 0.544895 -0.831470
v -0.137950 0.693520 -0.707107
v -0.162212 0.815493 -0.555570
v -0.180240 0.906127 -0.382683
v -0.191342 0.961939 -0.195090
v -0.191342 0.961939 0.195090
v -0.180240 0.906127 0.382684
v -0.162212 0.815493 0.555570
v -0.137950 0.693520 0.707107
v -0.108386 0.544895 0.831470
v -0.074658 0.375330 0.923880
v -0.038060 0.191342 0.980785
v -0.146447 0.353553 -0.923880
v -0.212608 0.513280 -0.831470
v -0.270598 0.653281 -0.707107
v -0.318190 0.768177 -0.555570
v -0.353553 0.853553 -0.382683
v -0.375330 0.906127 -0.195090
v -0.382683 0.923879 0.000000
v -0.375330 0.906127 0.195090
v -0.353553 0.853553 0.382684
v -0.318190 0.768177 0.555570
v -0.270598 0.653281 0.707107
v -0.212608 0.513280 0.831470
v -0.146447 0.353553 0.923880
v -0.074658 0.180240 0.980785
v -0.212608 0.318190 -0.923880
v -0.308658 0.461939 -0.831470
v -0.392847 0.587938 -0.707107
v -0.461940 0.691341 -0.555570
v -0.513280 0.768178 -0.382683
v -0.544895 0.815493 -0.195090
v -0.555570 0.831469 0.000000
v -0.544895 0.815493 0.195090
v -0.513280 0.768178 0.382684
v -0.461940 0.691341 0.555570
v -0.392847 0.587938 0.707107
v -0.308658 0.461939 0.831470
v -0.212608 0.318189 0.923880
v -0.108386 0.162211 0.980785
v -0.270598 0.270598 -0.923880
v -0.392847 0.392847 -0.831470
v -0.500000 0.500000 -0.707107
v -0.587938 0.587937 -0.555570
v -0.653281 0.653281 -0.382683
v -0.693520 0.693520 -0.195090
v -0.707106 0.707106 0.000000
v -0.693520 0.693520 0.195090
v -0.653281 0.653281 0.382684
v -0.587938 0.587937 0.555570
v -0.500000 0.500000 0.707107
v -0.392847 0.392847 0.831470
v -0.270598 0.270598 0.923880
v -0.137950 0.137949 0.980785
v -0.318190 0.212607 -0.923880
v -0.461940 0.308658 -0.831470
v -0.587938 0.392847 -0.707107
v -0.691341 0.461939 -0.555570
v -0.768177 0.513280 -0.382683
v -0.815493 0.544895 -0.195090
v -0.831469 0.555569 0.000000
v -0.815493 0.544895 0.195090
v -0.768177 0.513280 0.382683
v -0.691341 0.461939 0.555570
v -0.587938 0.392847 0.707107
v -0.461940 0.308658 0.831470
v -0.318190 0.212607 0.923880
v -0.162212 0.108386 0.980785
v -0.353553 0.146447 -0.923880
v -0.513280 0.212607 -0.831470
v -0.653281 0.270598 -0.707107
v -0.768177 0.318189 -0.555570
v -0.853553 0.353553 -0.382683
v -0.906127 0.375330 -0.195090
v -0.923879 0.382683 0.000000
v -0.853553 0.353553 0.382683
v -0.768177 0.318189 0.555570
v -0.653281 0.270598 0.707107
v -0.513280 0.212607 0.831470
v -0.353553 0.146446 0.923880
v -0.180240 0.074658 0.980785
v -0.375330 0.074658 -0.923880
v -0.544895 0.108386 -0.831470
v -0.693520 0.137950 -0.707107
v -0.815493 0.162211 -0.555570
v -0.906127 0.180240 -0.382683
v -0.961939 0.191341 -0.195090
v -0.980784 0.195090 0.000000
v -0.961939 0.191341 0.195090
v -0.906127 0.180240 0.382683
v -0.815493 0.162211 0.555570
v -0.693520 0.137950 0.707107
v -0.544895 0.108386 0.831470
v -0.382683 0.000000 -0.923880
v -0.555570 -0.000000 -0.831470
v -0.707107 0.000000 -0.707107
v -0.831469 -0.000000 -0.555570
v -0.923879 0.000000 -0.382683
v -0.980785 -0.000000 -0.195090
v -0.999999 -0.000000 -0.000000
v -0.980785 -0.000000 0.195090
v -0.923879 -0.000000 0.382683
v -0.831469 -0.000000 0.555570
v -0.707107 -0.000000 0.707107
v -0.555570 -0.000000 0.831470
v -0.382683 -0.000000 0.923880
v -0.195090 -0.000000 0.980785
v -0.375330 -0.074658 -0.923880
v -0.544895 -0.108386 -0.831470
v -0.693520 -0.137950 -0.707107
v -0.815493 -0.162212 -0.555570
v -0.906127 -0.180240 -0.382683
v -0.961939 -0.191342 -0.195090
v -0.980784 -0.195091 -0.000000
v -0.961939 -0.191342 0.195090
v -0.906127 -0.180240 0.382683
v -0.693520 -0.137950 0.707107
v -0.544895 -0.108386 0.831470
v -0.375330 -0.074658 0.923880
v -0.191342 -0.038060 0.980785
v -0.353553 -0.146447 -0.923880
v -0.513279 -0.212607 -0.831470
v -0.653281 -0.270598 -0.707107
v -0.768177 -0.318190 -0.555570
v -0.906127 -0.375330 -0.195090
v -0.923878 -0.382683 -0.000000
v -0.906127 -0.375330 0.195090
v -0.853553 -0.353553 0.382683
v -0.768177 -0.318190 0.555570
v -0.653281 -0.270598 0.707107
v -0.180240 -0.074658 0.980785
v -0.318189 -0.212607 -0.923880
v -0.461939 -0.308658 -0.831470
v -0.587938 -0.392847 -0.707107
v -0.691341 -0.461940 -0.555570
v -0.768177 -0.513280 -0.382683
v -0.815493 -0.544895 -0.195090
v -0.831468 -0.555570 -0.000000
v -0.815493 -0.544895 0.195090
v -0.768177 -0.513280 0.382683
v -0.691341 -0.461940 0.555570
v -0.587938 -0.392847 0.707107
v -0.461939 -0.308658 0.831470
v -0.318189 -0.212608 0.923880
v -0.162212 -0.108386 0.980785
v -0.270598 -0.270598 -0.923880
v -0.500000 -0.500000 -0.707107
v -0.587937 -0.587937 -0.555570
v -0.653281 -0.653281 -0.382684
v -0.693519 -0.693520 -0.195090
v -0.707106 -0.707106 -0.000000
v -0.693519 -0.693520 0.195090
v -0.653281 -0.653281 0.382683
v -0.587937 -0.587938 0.555570
v -0.500000 -0.500000 0.707107
v -0.392847 -0.392847 0.831470
v -0.270598 -0.270598 0.923880
v -0.137950 -0.137950 0.980785
v -0.212607 -0.318189 -0.923880
v -0.308658 -0.461939 -0.831470
v -0.392847 -0.587938 -0.707107
v -0.461939 -0.691341 -0.555570
v -0.544895 -0.815493 -0.195090
v -0.555569 -0.831469 -0.000000
v -0.544895 -0.815493 0.195090
v -0.513280 -0.768177 0.382683
v -0.461939 -0.691341 0.555570
v -0.392847 -0.587938 0.707107
v -0.308658 -0.461939 0.831470
v -0.212607 -0.318190 0.923880
v -0.108386 -0.162212 0.980785
v -0.146446 -0.353553 -0.923880
v -0.212607 -0.513279 -0.831470
v -0.270598 -0.653281 -0.707107
v -0.318189 -0.768177 -0.555570
v -0.353553 -0.853553 -0.382684
v -0.375330 -0.906127 -0.195090
v -0.382683 -0.923879 -0.000000
v -0.375330 -0.906127 0.195090
v -0.353553 -0.853553 0.382683
v -0.318189 -0.768177 0.555570
v -0.270598 -0.653281 0.707107
v -0.212607 -0.513280 0.831470
v -0.146446 -0.353553 0.923880
v -0.074658 -0.180240 0.980785
v -0.074658 -0.375330 -0.923880
v -0.108386 -0.544894 -0.831470
v -0.137950 -0.693520 -0.707107
v -0.162211 -0.815493 -0.555570
v -0.180240 -0.906127 -0.382684
v -0.191341 -0.961939 -0.195090
v -0.195090 -0.980784 -0.000000
v -0.191341 -0.961939 0.195090
v -0.180240 -0.906127 0.382683
v -0.162211 -0.815493 0.555570
v -0.137950 -0.693520 0.707107
v -0.108386 -0.544895 0.831470
v -0.074658 -0.375330 0.923880
v -0.038060 -0.191342 0.980785
v 0.000000 -0.382683 -0.923880
v 0.000000 -0.707107 -0.707107
v 0.000000 -0.923879 -0.382684
v 0.000000 -0.923879 0.382683
v 0.000000 -0.555570 0.831470
v 0.000000 -0.382683 0.923880
v 0.000000 -0.195090 0.980785
v 0.038060 -0.191342 -0.859779
v 0.074658 -0.375330 -0.802873
v 0.074658 -0.180240 -0.859779
v 0.146447 -0.353553 -0.802873
v 0.108386 -0.162212 -0.859779
v 0.212608 -0.318190 -0.802873
v 0.137950 -0.137950 -0.859779
v 0.270598 -0.270598 -0.802873
v 0.162212 -0.108386 -0.859779
v 0.318190 -0.212607 -0.802873
v 0.180240 -0.074658 -0.859779
v 0.353553 -0.146447 -0.802873
v 0.191342 -0.038060 -0.859779
v 0.375330 -0.074658 -0.802873
v 0.195090 0.000000 -0.859779
v 0.382683 0.000000 -0.802873
v 0.191342 0.038060 -0.859779
v 0.375330 0.074658 -0.802873
v 0.180240 0.074658 -0.859779
v 0.353553 0.146447 -0.802873
v 0.162212 0.108386 -0.859779
v 0.318190 0.212608 -0.802873
v 0.137950 0.137950 -0.859779
v 0.270598 0.270598 -0.802873
v 0.108386 0.162212 -0.859779
v 0.212607 0.318190 -0.802873
v 0.074658 0.180240 -0.859779
v 0.146447 0.353553 -0.802873
v 0.038060 0.191342 -0.859779
v 0.074658 0.375330 -0.802873
v -0.000000 0.195090 -0.859779
v -0.000000 0.382683 -0.802873
v -0.038060 0.191342 -0.859779
v -0.074658 0.375330 -0.802873
v -0.074658 0.180240 -0.859779
v -0.146447 0.353553 -0.802873
v -0.108386 0.162212 -0.859779
v -0.212608 0.318190 -0.802873
v -0.137950 0.137950 -0.859779
v -0.270598 0.270598 -0.802873
v -0.162212 0.108386 -0.859779
v -0.318190 0.212607 -0.802873
v -0.180240 0.074658 -0.859779
v -0.353553 0.146447 -0.802873
v -0.191342 0.038060 -0.859779
v -0.375330 0.074658 -0.802873
v -0.195090 0.000000 -0.859779
v -0.382683 0.000000 -0.802873
v -0.191342 -0.038060 -0.859779
v -0.375330 -0.074658 -0.802873
v -0.180240 -0.074658 -0.859779
v -0.353553 -0.146447 -0.802873
v -0.162212 -0.108386 -0.859779
v -0.318189 -0.212607 -0.802873
v -0.137950 -0.137950 -0.859779
v -0.270598 -0.270598 -0.802873
v -0.108386 -0.162211 -0.859779
v -0.212607 -0.318189 -0.802873
v -0.074658 -0.180240 -0.859779
v -0.146446 -0.353553 -0.802873
v -0.038060 -0.191341 -0.859779
v -0.074658 -0.375330 -0.802873
v 0.000000 -0.195090 -0.859779
v 0.000000 -0.382683 -0.802873
v 0.000000 0.000000 -0.878993
v -0.000000 -1.025439 -0.199488
v -0.001472 -1.044822 -0.001472
v -0.004315 -1.024599 0.203752
v 0.080821 -0.395647 -0.963409
v 0.114154 -0.570560 -0.867820
v 0.142768 -0.723950 -0.739728
v 0.165618 -0.850078 -0.583953
v 0.192709 -0.947233 -0.395651
v 0.201342 -1.005075 -0.202346
v 0.203802 -1.024581 -0.004398
v 0.203811 -1.003045 0.208058
v 0.192709 -0.947233 0.395651
v 0.165618 -0.850078 0.583953
v 0.142768 -0.723950 0.739728
v 0.113940 -0.572813 0.866154
v 0.077199 -0.388105 0.966817
v 0.039819 -0.200186 1.024740
v 0.003406 -0.866054 -0.583953
v 0.000488 -0.580686 -0.868649
v -0.000000 -0.866155 0.584035
v 0.152610 -0.373870 -0.963409
v 0.219923 -0.537395 -0.868595
v 0.283202 -0.682548 -0.738696
v 0.334572 -0.798826 -0.583953
v 0.366023 -0.894659 -0.395651
v 0.388110 -0.948258 -0.203752
v 0.399854 -0.965334 -0.000000
v 0.393429 -0.945913 0.205232
v 0.370798 -0.891883 0.398393
v 0.336864 -0.803114 0.576642
v 0.278885 -0.680600 0.741724
v 0.221768 -0.536670 0.868649
v 0.153269 -0.368060 0.965788
v 0.078522 -0.189919 1.024428
v 0.409230 -0.618586 -0.735490
v 0.478322 -0.721990 -0.583953
v 0.576621 -0.870853 0.004377
v 0.565649 -0.854321 0.203752
v 0.534781 -0.802984 0.401111
v 0.484050 -0.722468 0.579141
v 0.414894 -0.614802 0.735490
v 0.320409 -0.479527 0.871041
v 0.222678 -0.333977 0.964655
v 0.112997 -0.169975 1.024737
v 0.287010 -0.284067 -0.963409
v 0.409259 -0.406316 -0.870999
v 0.618560 -0.613069 -0.576643
v 0.685379 -0.679623 -0.399688
v 0.727553 -0.721450 -0.203752
v 0.741626 -0.735436 -0.004377
v 0.726725 -0.720770 0.208058
v 0.683224 -0.681160 0.401111
v 0.614378 -0.614378 0.580373
v 0.523861 -0.522611 0.737647
v 0.410428 -0.409008 0.869457
v 0.285554 -0.285554 0.963451
v 0.141060 -0.141060 1.025439
v 0.335777 -0.224359 -0.963451
v 0.482335 -0.321079 -0.869457
v 0.613114 -0.406305 -0.741724
v 0.724244 -0.483925 -0.576722
v 0.802679 -0.536333 -0.399758
v 0.852093 -0.569350 -0.203792
v 0.868598 -0.580378 -0.004398
v 0.851195 -0.568750 0.208115
v 0.802679 -0.536333 0.399758
v 0.722468 -0.484050 0.579141
v 0.612628 -0.413110 0.738621
v 0.481420 -0.324645 0.868595
v 0.332383 -0.222691 0.965234
v 0.169975 -0.112997 1.024737
v 0.372277 -0.156455 -0.963409
v 0.535505 -0.224487 -0.868595
v 0.682888 -0.282381 -0.738696
v 0.802581 -0.332838 -0.580372
v 0.890173 -0.373127 -0.399688
v 0.946483 -0.393553 -0.202346
v 0.965134 -0.399772 -0.004398
v 0.945797 -0.391762 0.208115
v 0.891889 -0.369433 0.399758
v 0.803855 -0.331786 0.579141
v 0.683846 -0.279870 0.738621
v 0.540598 -0.220894 0.866087
v 0.365091 -0.152614 0.966800
v 0.191778 -0.080825 1.023706
v 0.727538 -0.144716 -0.735572
v 0.851589 -0.168000 -0.581587
v 0.947450 -0.184310 -0.399688
v 1.005085 -0.200063 -0.203792
v 1.024793 -0.203844 -0.000000
v 1.005075 -0.198397 0.205232
v 0.947085 -0.189675 0.398393
v 0.851057 -0.170677 0.581587
v 0.725577 -0.145228 0.737647
v 0.569433 -0.113765 0.868649
v 0.396459 -0.076739 0.963409
v 0.741692 -0.003406 -0.735490
v 0.869634 -0.001091 -0.579141
v 0.964765 -0.001460 -0.401111
v 1.023534 -0.004210 -0.208058
v 1.044654 0.000000 0.004398
v 1.025043 -0.001392 0.202346
v 0.965373 -0.000263 0.399758
v 0.868860 0.000368 0.580372
v 0.741692 -0.003406 0.735490
v 0.576699 -0.002081 0.870999
v 0.403812 -0.002081 0.963409
v 0.854916 0.166095 -0.576643
v 0.946772 0.188593 -0.399758
v 1.003045 0.203811 -0.208058
v 1.024581 0.203802 0.004398
v 1.005736 0.200053 0.199488
v 0.944939 0.187960 0.403835
v 0.852711 0.170728 0.579141
v 0.726776 0.148038 0.735490
v 0.387850 0.078456 0.966800
v 0.203861 0.041858 1.023706
v 0.372277 0.156455 -0.963409
v 0.535504 0.224487 -0.868595
v 0.681450 0.285655 -0.738621
v 0.801203 0.335842 -0.580290
v 0.891989 0.369189 -0.399758
v 0.946742 0.392302 -0.203792
v 0.965334 0.399854 0.000000
v 0.946847 0.392049 0.203792
v 0.891788 0.369675 0.399758
v 0.804012 0.329060 0.580290
v 0.682888 0.282381 0.738696
v 0.538456 0.226065 0.866087
v 0.366073 0.150244 0.966800
v 0.192759 0.078455 1.023706
v 0.335776 0.224359 -0.963451
v 0.482824 0.322613 -0.868651
v 0.614207 0.408944 -0.739728
v 0.724367 0.479592 -0.580290
v 0.802532 0.536551 -0.399758
v 0.852169 0.569236 -0.203792
v 0.870852 0.576621 -0.004377
v 0.853376 0.565144 0.208058
v 0.806061 0.533529 0.395651
v 0.718205 0.483986 0.583953
v 0.612862 0.410957 0.739728
v 0.483444 0.323809 0.867820
v 0.331699 0.223694 0.965206
v 0.169214 0.114133 1.024731
v 0.285554 0.285554 -0.963451
v 0.410608 0.410608 -0.868651
v 0.520912 0.522625 -0.739728
v 0.611694 0.616885 -0.580290
v 0.682094 0.683881 -0.398393
v 0.723881 0.723882 -0.208115
v 0.735436 0.741626 0.004377
v 0.721849 0.728039 0.199467
v 0.678412 0.683903 0.403756
v 0.612805 0.614735 0.581587
v 0.522531 0.522531 0.738698
v 0.410608 0.410608 0.868651
v 0.282905 0.282905 0.965237
v 0.145413 0.145224 1.024428
v 0.224359 0.335777 -0.963451
v 0.322612 0.482824 -0.868651
v 0.410550 0.614432 -0.738698
v 0.483370 0.720959 -0.581587
v 0.537671 0.802407 -0.398393
v 0.567921 0.852645 -0.205232
v 0.580498 0.868777 0.000000
v 0.573224 0.850013 0.199467
v 0.538411 0.798800 0.403756
v 0.483370 0.720959 0.581587
v 0.410550 0.614432 0.738698
v 0.323809 0.483444 0.867820
v 0.223694 0.331699 0.965206
v 0.116686 0.172325 1.023706
v 0.156455 0.372277 -0.963409
v 0.224487 0.535505 -0.868594
v 0.283990 0.683302 -0.737647
v 0.330909 0.802451 -0.581587
v 0.369675 0.891788 -0.399758
v 0.393553 0.946483 -0.202345
v 0.398476 0.965852 -0.001471
v 0.388293 0.948860 0.199467
v 0.331463 0.800222 0.584036
v 0.283990 0.683302 0.737647
v 0.226064 0.538456 0.866087
v 0.150244 0.366073 0.966800
v 0.078456 0.192759 1.023706
v 0.144716 0.727538 -0.735572
v 0.169506 0.852166 -0.580373
v 0.187960 0.944939 -0.403835
v 0.200053 1.005735 -0.199488
v 0.205277 1.024458 -0.001471
v 0.204304 1.004673 0.199467
v 0.168978 0.849511 0.584036
v 0.143493 0.725922 0.737647
v 0.111184 0.573305 0.866087
v 0.077199 0.388105 0.966817
v 0.039962 0.201588 1.024428
v -0.002081 0.403812 -0.963409
v -0.002470 0.580649 -0.868594
v -0.000884 0.739967 -0.737647
v 0.001364 0.868001 -0.581587
v -0.000263 0.965373 -0.399758
v -0.001393 1.025043 -0.202345
v -0.001472 1.044821 -0.001471
v -0.004315 1.024599 0.203752
v -0.004210 0.966628 0.395651
v -0.000000 0.866154 0.584036
v 0.000884 0.739967 0.737647
v 0.000488 0.580685 0.868649
v -0.000499 0.400087 0.965234
v 0.000465 0.202635 1.025014
v -0.076739 0.396459 -0.963409
v -0.112879 0.570814 -0.867820
v -0.142768 0.723950 -0.739728
v -0.165618 0.850078 -0.583953
v -0.184450 0.948876 -0.395651
v -0.198610 1.005618 -0.202345
v -0.203844 1.024792 0.000000
v -0.198610 1.005618 0.202346
v -0.184450 0.948876 0.395651
v -0.165618 0.850078 0.583953
v -0.143730 0.724856 0.738696
v -0.113765 0.569432 0.868649
v -0.076739 0.396459 0.963409
v -0.038918 0.195655 1.025439
v -0.156455 0.372277 -0.963409
v -0.223272 0.537326 -0.867820
v -0.281491 0.679580 -0.741792
v -0.336864 0.803114 -0.576642
v -0.372227 0.888490 -0.403756
v -0.392419 0.947382 -0.199488
v -0.398477 0.965852 -0.001471
v -0.388293 0.948860 0.199467
v -0.372227 0.888490 0.403756
v -0.336864 0.803114 0.576643
v -0.278885 0.680599 0.741724
v -0.220894 0.540598 0.866087
v -0.075941 0.184469 1.025437
v -0.224359 0.335776 -0.963451
v -0.321079 0.482335 -0.869457
v -0.410919 0.614184 -0.738696
v -0.484050 0.722468 -0.579141
v -0.535265 0.801080 -0.403835
v -0.565946 0.854876 -0.199467
v -0.576621 0.870852 -0.004377
v -0.531954 0.803114 0.403756
v -0.480614 0.726278 0.576643
v -0.220907 0.328303 0.966800
v -0.116686 0.172325 1.023706
v -0.285554 0.285554 -0.963451
v -0.410428 0.409008 -0.869457
v -0.522216 0.522844 -0.738696
v -0.611694 0.616884 -0.580290
v -0.678412 0.683903 -0.403756
v -0.728039 0.721849 -0.199467
v -0.741626 0.735435 -0.004377
v -0.726725 0.720770 0.208058
v -0.686486 0.680532 0.395651
v -0.614801 0.609984 0.583953
v -0.524690 0.520262 0.738621
v -0.414915 0.410957 0.866087
v -0.279808 0.279808 0.966817
v -0.147160 0.147160 1.023723
v -0.334601 0.226076 -0.963409
v -0.483444 0.323809 -0.867820
v -0.614207 0.408944 -0.739728
v -0.724367 0.479592 -0.580290
v -0.803114 0.531954 -0.403756
v -0.850012 0.573224 -0.199467
v -0.868777 0.580498 0.000000
v -0.852645 0.567921 0.205232
v -0.803810 0.535569 0.398393
v -0.722635 0.482407 0.580372
v -0.612628 0.413110 0.738621
v -0.482551 0.323017 0.868649
v -0.332937 0.221861 0.965234
v -0.172325 0.116686 1.023706
v -0.539578 0.223500 -0.866155
v -0.681260 0.283498 -0.739728
v -0.803019 0.333803 -0.579141
v -0.890113 0.368697 -0.403835
v -0.965134 0.399771 0.004398
v -0.946795 0.392175 0.203792
v -0.891883 0.370798 0.398393
v -0.803114 0.336863 0.576642
v -0.532821 0.220702 0.871041
v -0.371002 0.153244 0.964655
v -0.188909 0.077287 1.024731
v -0.572213 0.116673 -0.866087
v -0.724857 0.143730 -0.738696
v -0.852093 0.169867 -0.580372
v -0.944035 0.191739 -0.403756
v -1.023517 0.208053 0.004377
v -1.004492 0.201330 0.205232
v -0.947577 0.187197 0.398393
v -0.854916 0.166094 0.576642
v -0.565640 0.112513 0.871041
v -0.392400 0.078053 0.965237
v -0.200186 0.039819 1.024740
v -0.403812 -0.002081 -0.963409
v -0.576699 -0.002081 -0.870999
v -0.741691 0.003406 -0.735490
v -0.866054 0.003406 -0.583953
v -0.966628 -0.004210 -0.395651
v -1.024599 -0.004316 -0.203752
v -1.044653 -0.004398 -0.000000
v -1.024803 -0.000137 0.203792
v -0.964765 0.001460 0.401111
v -0.869634 -0.001092 0.579141
v -0.741691 -0.003406 0.735490
v -0.576699 0.002081 0.870999
v -0.400075 0.001713 0.965206
v -0.204106 0.000888 1.024731
v -0.396459 -0.076739 -0.963409
v -0.566023 -0.110467 -0.870999
v -0.853401 -0.173711 -0.576642
v -0.947084 -0.189675 -0.398393
v -1.005075 -0.198398 -0.205232
v -1.025438 -0.199489 -0.000000
v -1.005138 -0.199795 0.203792
v -0.945942 -0.189648 0.401111
v -0.852166 -0.169507 0.580373
v -0.725576 -0.145228 0.737647
v -0.569010 -0.115702 0.868595
v -0.392053 -0.079731 0.965206
v -0.200011 -0.040690 1.024731
v -0.372277 -0.156455 -0.963409
v -0.532004 -0.222616 -0.870999
v -0.804737 -0.333333 -0.576722
v -0.891889 -0.369432 -0.399758
v -0.945796 -0.391762 -0.208115
v -0.963261 -0.403734 0.004377
v -0.946742 -0.392302 0.203792
v -0.891885 -0.367851 0.401111
v -0.803854 -0.331786 0.579141
v -0.682186 -0.281260 0.739728
v -0.536484 -0.222219 0.868651
v -0.369633 -0.153107 0.965237
v -0.189918 -0.078522 1.024428
v -0.335776 -0.224359 -0.963451
v -0.481219 -0.322748 -0.869457
v -0.610005 -0.410958 -0.741724
v -0.726278 -0.480614 -0.576643
v -0.804797 -0.532854 -0.399688
v -0.852016 -0.569464 -0.203792
v -0.867919 -0.581695 0.001471
v -0.851518 -0.570641 0.202345
v -0.801361 -0.537208 0.401111
v -0.724244 -0.483925 0.576722
v -0.613114 -0.406305 0.741724
v -0.482335 -0.321079 0.869457
v -0.333977 -0.222678 0.964655
v -0.169975 -0.112997 1.024737
v -0.285554 -0.285554 -0.963451
v -0.410607 -0.410608 -0.868651
v -0.520912 -0.522624 -0.739728
v -0.611693 -0.616884 -0.580290
v -0.679623 -0.685379 -0.399688
v -0.724742 -0.724548 -0.203792
v -0.741791 -0.735572 -0.000000
v -0.727552 -0.721450 0.203752
v -0.683224 -0.681159 0.401111
v -0.614152 -0.615696 0.579141
v -0.520262 -0.524690 0.738621
v -0.410261 -0.410952 0.868649
v -0.287010 -0.284067 0.963409
v -0.141059 -0.141060 1.025439
v -0.224359 -0.335776 -0.963451
v -0.322748 -0.481220 -0.869457
v -0.413110 -0.612628 -0.738621
v -0.484050 -0.722468 -0.579141
v -0.536333 -0.802678 -0.399758
v -0.567921 -0.852645 -0.205232
v -0.576721 -0.871041 -0.000000
v -0.565648 -0.854320 0.203752
v -0.534781 -0.802983 0.401111
v -0.484050 -0.722468 0.579141
v -0.413110 -0.612628 0.738621
v -0.326768 -0.484007 0.866087
v -0.218775 -0.329728 0.966800
v -0.112191 -0.168743 1.025014
v -0.156455 -0.372277 -0.963409
v -0.221767 -0.536670 -0.868649
v -0.279870 -0.683846 -0.738621
v -0.332838 -0.802581 -0.580372
v -0.373127 -0.890173 -0.399688
v -0.396084 -0.944955 -0.203752
v -0.401195 -0.964725 0.001471
v -0.393553 -0.946483 0.202345
v -0.373127 -0.890173 0.399688
v -0.332838 -0.802581 0.580372
v -0.280686 -0.686537 0.735490
v -0.218770 -0.533596 0.870999
v -0.152646 -0.369823 0.965234
v -0.078928 -0.188229 1.024731
v -0.076739 -0.396459 -0.963409
v -0.113765 -0.569432 -0.868649
v -0.147221 -0.724084 -0.738621
v -0.172299 -0.848748 -0.583953
v -0.195719 -1.006380 -0.199467
v -0.202391 -1.025032 0.001471
v -0.198610 -1.005618 0.202345
v -0.184450 -0.948875 0.395651
v -0.168978 -0.849511 0.584035
v -0.143493 -0.725922 0.737647
v -0.112056 -0.568491 0.869457
v -0.078784 -0.396075 0.963451
v 0.000000 -0.738971 0.738698
v -0.000650 -0.581867 0.867820
v -0.000499 -0.400087 0.965234
v 0.000888 -0.204106 1.024731
v -0.002081 -0.403812 -0.963409
v -0.004210 -0.966628 0.395651
v 0.003131 -0.738893 -0.738621
v -0.000796 -0.000625 1.044859
vn 0.0865 -0.8786 -0.4696
vn 0.0464 -0.4709 0.8810
vn 0.0938 -0.9527 -0.2890
vn -0.6314 -0.7693 -0.0976
vn -0.1382 -0.1802 0.9739
vn -0.4182 -0.7775 -0.4697
vn 0.0975 -0.9904 0.0976
vn 0.0938 -0.9527 0.2890
vn 0.0464 -0.4709 -0.8810
vn 0.0865 -0.8786 0.4696
vn 0.6097 -0.3605 0.7059
vn 0.0088 0.0317 0.9995
vn -0.4660 0.2491 0.8490
vn 0.4894 0.5964 0.6362
vn 0.2248 -0.7412 -0.6326
vn 0.9267 -0.3749 0.0273
vn 0.2563 -0.8448 -0.4696
vn 0.1374 -0.4528 0.8810
vn -0.4020 -0.9155 -0.0173
vn -0.7775 0.4182 -0.4697
vn 0.2571 -0.1374 -0.9565
vn -0.9213 0.3882 0.0223
vn 0.2889 -0.9524 0.0976
vn 0.0869 -0.0464 0.9951
vn 0.6647 -0.4949 0.5597
vn 0.2563 -0.8448 0.4696
vn -0.8436 0.4509 0.2916
vn 0.2248 -0.7412 0.6326
vn -0.2625 -0.3198 -0.9104
vn 0.9566 -0.2912 0.0096
vn 0.2231 -0.4173 -0.8810
vn -0.5706 0.4547 0.6839
vn 0.2999 -0.5611 -0.7715
vn 0.3651 -0.6831 0.6326
vn 0.5601 0.6825 -0.4696
vn 0.2999 -0.5611 0.7715
vn 0.4162 -0.7786 -0.4696
vn 0.8406 -0.3838 -0.3821
vn 0.4513 -0.8443 -0.2890
vn -0.4890 0.4013 -0.7745
vn 0.4691 -0.8777 -0.0975
vn 0.0464 -0.0869 0.9951
vn 0.4036 -0.4918 0.7715
vn 0.5601 -0.6825 -0.4696
vn -0.8353 0.5497 0.0093
vn 0.6073 -0.7400 -0.2890
vn 0.1850 -0.2254 0.9565
vn 0.6314 -0.7693 -0.0975
vn -0.4305 0.2020 -0.8797
vn 0.6314 -0.7693 0.0975
vn 0.6073 -0.7400 0.2890
vn 0.3002 -0.3658 -0.8810
vn -0.9217 0.3879 -0.0017
vn 0.4036 -0.4918 -0.7715
vn 0.9219 -0.3875 0.0028
vn 0.4913 -0.5987 -0.6326
vn 0.2814 -0.2100 0.9363
vn 0.8040 -0.5922 0.0530
vn 0.3902 0.9203 0.0273
vn 0.4918 -0.4036 -0.7715
vn 0.6809 -0.5619 -0.4697
vn 0.5987 -0.4913 -0.6326
vn 0.8235 -0.5668 0.0240
vn -0.9090 0.4145 -0.0427
vn -0.2234 0.1833 -0.9573
vn -0.3454 -0.9372 0.0482
vn 0.2254 -0.1850 0.9565
vn -0.9145 0.4025 -0.0409
vn 0.0122 0.0182 0.9998
vn 0.7693 -0.6314 0.0975
vn -0.8515 0.5243 -0.0032
vn 0.4173 -0.2230 0.8810
vn -0.3317 -0.9423 0.0445
vn -0.7400 0.6073 -0.2890
vn -0.8810 0.4730 0.0095
vn 0.8777 -0.4691 0.0975
vn 0.2979 0.3630 -0.8829
vn 0.7394 -0.6068 0.2916
vn -0.8819 0.4714 -0.0097
vn -0.5601 -0.6825 -0.4696
vn 0.6831 -0.3651 0.6326
vn 0.6831 -0.3651 -0.6326
vn 0.5611 -0.2999 0.7715
vn -0.0619 -0.0754 0.9952
vn 0.4528 -0.1374 -0.8810
vn 0.0754 -0.0619 -0.9952
vn 0.6088 -0.1847 -0.7715
vn 0.0619 0.0754 -0.9952
vn -0.5460 -0.8378 -0.0072
vn 0.7993 -0.5992 -0.0445
vn 0.8448 -0.2563 -0.4696
vn 0.4528 -0.1374 0.8810
vn 0.9161 -0.2779 -0.2890
vn 0.2790 -0.0846 0.9565
vn 0.4617 0.8867 -0.0265
vn 0.0942 -0.0286 0.9951
vn 0.9524 -0.2889 0.0975
vn -0.6068 -0.7394 0.2916
vn 0.5512 0.8343 0.0098
vn 0.2902 -0.0286 0.9565
vn 0.9904 -0.0975 -0.0975
vn 0.0980 -0.0097 0.9951
vn 0.8184 -0.5746 -0.0119
vn 0.3894 0.9211 -0.0039
vn 0.4709 -0.0464 -0.8810
vn 0.8786 -0.0865 0.4696
vn 0.6332 -0.0624 -0.7715
vn 0.1570 0.1683 0.9731
vn -0.5988 -0.7996 0.0450
vn 0.6332 -0.0624 0.7715
vn -0.3906 -0.9206 0.0019
vn -0.5423 -0.8401 0.0091
vn 0.6332 0.0624 -0.7715
vn 0.7708 0.0759 0.6326
vn 0.7708 0.0759 -0.6326
vn 0.6332 0.0624 0.7715
vn -0.5778 -0.4488 0.6817
vn 0.4709 0.0464 0.8810
vn 0.9527 0.0938 -0.2890
vn 0.2902 0.0286 0.9565
vn 0.9904 0.0976 -0.0975
vn 0.0980 0.0097 0.9951
vn 0.4145 0.9090 -0.0427
vn 0.9527 0.0938 0.2890
vn 0.4709 0.0464 -0.8810
vn 0.5495 0.8355 0.0039
vn 0.9524 0.2889 -0.0975
vn 0.0942 0.0286 0.9951
vn 0.3967 0.3470 0.8498
vn 0.9161 0.2779 0.2890
vn 0.4528 0.1374 -0.8810
vn 0.4025 0.9145 -0.0409
vn 0.6088 0.1847 -0.7715
vn 0.0762 -0.0623 0.9951
vn 0.7412 0.2248 -0.6326
vn 0.6088 0.1847 0.7715
vn 0.8448 0.2563 -0.4696
vn 0.4528 0.1374 0.8810
vn 0.5288 0.8487 0.0104
vn 0.7693 -0.6314 -0.0976
vn 0.6831 0.3651 0.6326
vn -0.6336 -0.7736 -0.0096
vn 0.6825 0.5601 -0.4696
vn -0.7127 0.5849 0.3872
vn 0.4173 0.2230 0.8810
vn 0.8443 0.4513 -0.2890
vn 0.2571 0.1374 0.9565
vn 0.4900 0.8708 -0.0408
vn 0.0869 0.0464 0.9951
vn 0.8777 0.4691 0.0975
vn -0.8235 0.5661 0.0359
vn 0.5008 0.8640 -0.0522
vn 0.7786 0.4162 0.4696
vn 0.7693 0.6314 -0.0975
vn -0.6807 -0.7063 -0.1943
vn 0.7693 0.6314 0.0975
vn 0.7400 0.6073 0.2890
vn -0.8299 0.5577 0.0159
vn 0.6825 0.5601 0.4696
vn 0.1506 0.1236 -0.9808
vn -0.3630 0.2979 -0.8829
vn 0.5987 0.4913 -0.6326
vn -0.5732 -0.8184 -0.0409
vn 0.6810 0.5589 0.4732
vn -0.7860 0.6169 0.0408
vn 0.6097 -0.7381 0.2891
vn 0.6406 -0.5588 0.5267
vn -0.8313 0.5554 0.0219
vn -0.6642 -0.5279 -0.5292
vn 0.2234 -0.1833 -0.9573
vn 0.8315 -0.5556 -0.0000
vn -0.6068 0.7394 -0.2916
vn -0.2979 0.3630 0.8829
vn 0.6314 0.7693 -0.0975
vn 0.0625 0.0761 0.9951
vn 0.7182 -0.6958 -0.0024
vn 0.6073 0.7400 0.2890
vn -0.6810 0.5589 -0.4732
vn -0.8161 0.5778 -0.0145
vn -0.7120 0.7022 0.0084
vn 0.0464 0.0869 0.9951
vn 0.4691 0.8777 0.0975
vn 0.4513 0.8443 0.2890
vn -0.5529 -0.8332 0.0103
vn 0.4162 0.7786 0.4696
vn -0.7437 0.6671 0.0445
vn 0.5831 0.8112 0.0434
vn 0.5931 0.8034 0.0519
vn 0.4474 -0.5452 -0.7089
vn 0.4162 0.7786 -0.4696
vn 0.2230 0.4173 0.8810
vn 0.6384 -0.7692 0.0281
vn 0.1374 0.2571 0.9565
vn 0.5668 0.8235 0.0240
vn 0.6344 -0.7730 0.0092
vn 0.1847 0.6088 0.7715
vn -0.2952 -0.2423 -0.9242
vn 0.1374 0.4528 0.8810
vn 0.2779 0.9161 -0.2890
vn 0.7049 -0.7093 -0.0003
vn 0.0286 0.0942 0.9951
vn -0.7021 0.7119 -0.0194
vn 0.2779 0.9161 0.2890
vn 0.1374 0.4528 -0.8810
vn 0.2563 0.8448 0.4696
vn 0.1847 0.6088 -0.7715
vn -0.5386 0.6563 0.5284
vn 0.0975 0.9904 0.0975
vn 0.0938 0.9527 0.2890
vn 0.0464 0.4709 -0.8810
vn 0.0865 0.8786 0.4696
vn 0.0624 0.6332 -0.7715
vn -0.7616 0.6468 -0.0411
vn -0.7497 0.6598 -0.0522
vn 0.5645 0.4633 0.6832
vn 0.4890 0.4013 -0.7745
vn 0.0464 0.4709 0.8810
vn 0.0938 0.9527 -0.2890
vn 0.6778 0.7337 0.0482
vn 0.6664 0.7443 0.0435
vn -0.1842 -0.0733 0.9802
vn -0.0624 0.6332 0.7715
vn -0.0865 0.8786 -0.4696
vn -0.5216 -0.8518 -0.0482
vn -0.6825 -0.5601 -0.4696
vn -0.0286 0.2902 0.9565
vn 0.6405 0.7675 0.0272
vn 0.9569 -0.2903 -0.0000
vn -0.0624 -0.6332 -0.7715
vn -0.0814 -0.8264 0.5572
vn 0.2903 -0.9569 -0.0000
vn 0.6351 0.7724 -0.0096
vn 0.4177 0.2221 -0.8810
vn -0.0865 0.8786 0.4696
vn 0.2254 0.1850 0.9565
vn -0.6358 -0.3621 -0.6817
vn 0.2625 -0.3198 -0.9104
vn -0.2779 0.9161 0.2890
vn -0.1374 0.4528 -0.8810
vn -0.2563 0.8448 0.4696
vn -0.7563 -0.6531 -0.0379
vn -0.2248 0.7412 0.6326
vn -0.2248 0.7412 -0.6326
vn 0.0096 0.0971 -0.9952
vn -0.2563 0.8448 -0.4696
vn -0.1374 0.4528 0.8810
vn -0.2779 0.9161 -0.2890
vn -0.0846 0.2790 0.9565
vn -0.7125 -0.7016 -0.0063
vn 0.9569 0.2903 -0.0000
vn 0.4173 0.2231 0.8810
vn 0.7115 0.7026 0.0077
vn -0.2903 0.9569 -0.0000
vn -0.2230 0.4173 0.8810
vn -0.4513 0.8443 -0.2890
vn -0.1374 0.2571 0.9565
vn -0.7614 -0.3780 0.5267
vn -0.9569 -0.2903 -0.0000
vn -0.0464 0.0869 0.9951
vn -0.4691 0.8777 0.0975
vn -0.6344 -0.7730 -0.0000
vn -0.4513 0.8443 0.2890
vn -0.3649 -0.1950 -0.9104
vn 0.9222 -0.3862 0.0194
vn 0.7063 -0.6807 -0.1943
vn -0.3651 0.6831 0.6326
vn -0.3651 0.6831 -0.6326
vn -0.2999 0.5611 0.7715
vn 0.2214 -0.4142 -0.8829
vn 0.7769 0.4153 -0.4732
vn -0.5601 0.6825 0.4696
vn -0.4036 0.4918 -0.7715
vn -0.4913 0.5987 0.6326
vn 0.7309 -0.6824 0.0042
vn -0.4036 0.4918 0.7715
vn -0.0860 -0.0460 -0.9952
vn -0.3002 0.3658 0.8810
vn -0.6073 0.7400 -0.2890
vn -0.6314 0.7693 -0.0975
vn 0.7730 -0.6344 -0.0000
vn -0.0625 0.0761 0.9951
vn -0.6314 0.7693 0.0975
vn -0.9952 0.0980 -0.0000
vn -0.6073 0.7400 0.2890
vn -0.3059 0.6389 0.7058
vn 0.1479 0.0710 0.9864
vn 0.9952 -0.0980 -0.0000
vn -0.0761 0.0625 0.9951
vn -0.7693 0.6314 0.0975
vn 0.0980 0.9952 -0.0000
vn 0.7724 -0.6351 0.0096
vn 0.2214 -0.4142 0.8829
vn -0.6825 0.5601 0.4696
vn 0.8639 0.4618 0.2010
vn 0.5537 -0.8327 0.0087
vn -0.5987 0.4913 -0.6326
vn -0.4490 0.5136 0.7311
vn -0.6825 0.5601 -0.4696
vn -0.3658 0.3002 0.8810
vn -0.2214 0.4142 -0.8829
vn -0.5557 0.8314 0.0017
vn -0.6831 0.3651 0.6326
vn -0.5611 0.2999 0.7715
vn 0.7215 -0.6919 -0.0244
vn 0.4153 -0.7769 -0.4732
vn -0.8443 0.4513 -0.2890
vn -0.2571 0.1374 0.9565
vn -0.8777 0.4691 -0.0975
vn -0.7730 0.6344 -0.0000
vn -0.0869 0.0464 0.9951
vn 0.5216 -0.8518 0.0482
vn -0.8819 -0.4714 -0.0000
vn 0.7497 -0.6598 -0.0522
vn -0.4173 0.2230 -0.8810
vn 0.3806 -0.9247 0.0025
vn -0.9524 0.2889 -0.0975
vn -0.0980 -0.9952 -0.0000
vn -0.0460 0.0860 0.9952
vn -0.6968 -0.7170 0.0174
vn 0.6344 0.7730 -0.0000
vn -0.5814 0.8136 0.0095
vn -0.4528 0.1374 -0.8810
vn -0.8448 0.2563 0.4696
vn -0.1961 0.9805 0.0102
vn -0.7412 0.2248 0.6326
vn -0.7412 0.2248 -0.6326
vn -0.6088 0.1847 0.7715
vn -0.2549 -0.1362 0.9573
vn -0.2239 0.4168 0.8810
vn -0.9161 0.2779 -0.2890
vn -0.6332 0.0624 -0.7715
vn -0.7708 0.0759 0.6326
vn -0.7769 -0.4153 -0.4732
vn -0.6332 0.0624 0.7715
vn -0.8786 0.0865 -0.4696
vn 0.0462 -0.0869 -0.9951
vn -0.9527 0.0938 -0.2890
vn -0.5825 0.8129 0.0033
vn -0.9904 0.0975 -0.0975
vn 0.4714 -0.8819 -0.0000
vn -0.0092 -0.9998 0.0183
vn -0.9904 0.0976 0.0975
vn 0.8819 0.4714 -0.0000
vn -0.6804 -0.7328 -0.0030
vn -0.4709 0.0464 -0.8810
vn 0.1633 0.1124 -0.9802
vn 0.4808 -0.8765 -0.0265
vn -0.8819 0.4714 -0.0000
vn -0.0980 -0.0097 0.9951
vn 0.0860 0.0460 0.9952
vn 0.8819 -0.4714 -0.0000
vn -0.9527 -0.0938 0.2890
vn 0.4900 -0.8708 -0.0408
vn -0.6351 -0.7724 -0.0096
vn -0.6332 -0.0624 -0.7715
vn 0.8265 0.5622 0.0273
vn -0.7708 -0.0759 -0.6326
vn -0.6332 -0.0624 0.7715
vn -0.8786 -0.0865 -0.4696
vn -0.4709 -0.0464 0.8810
vn -0.6382 -0.7694 -0.0269
vn -0.2902 -0.0286 0.9565
vn -0.1718 -0.0918 -0.9808
vn -0.7412 -0.2248 -0.6326
vn -0.5874 0.8079 -0.0482
vn 0.3808 0.9244 0.0196
vn -0.6470 -0.7613 -0.0420
vn 0.3372 0.1802 0.9240
vn -0.7025 -0.4057 0.5847
vn -0.9524 -0.2889 -0.0975
vn -0.4714 0.8819 -0.0000
vn -0.8708 -0.4900 0.0408
vn -0.9524 -0.2889 0.0975
vn -0.4714 -0.8819 -0.0000
vn -0.6909 -0.7218 -0.0409
vn -0.4528 -0.1374 -0.8810
vn -0.4618 0.8639 0.2010
vn -0.6088 -0.1847 -0.7715
vn -0.0869 -0.0464 0.9951
vn -0.1865 -0.0566 -0.9808
vn 0.4714 0.8819 -0.0000
vn -0.8443 -0.4513 0.2890
vn 0.6229 0.3329 -0.7080
vn -0.8814 -0.4722 -0.0096
vn -0.5611 -0.2999 -0.7715
vn -0.6831 -0.3651 0.6326
vn -0.6831 -0.3651 -0.6326
vn -0.2790 -0.0846 0.9565
vn -0.9242 -0.3818 0.0096
vn 0.4272 -0.7142 -0.5545
vn 0.5603 -0.8281 0.0190
vn 0.8197 0.5726 -0.0129
vn -0.8777 -0.4691 -0.0975
vn 0.0980 -0.9952 -0.0000
vn -0.4918 -0.4036 0.7715
vn 0.2982 -0.5579 0.7745
vn -0.7400 -0.6073 -0.2890
vn -0.2254 -0.1850 0.9565
vn 0.5702 -0.8208 0.0338
vn -0.9952 -0.0980 -0.0000
vn -0.8359 -0.5485 -0.0212
vn -0.3043 0.6352 -0.7099
vn 0.9952 0.0980 -0.0000
vn 0.5794 -0.8150 0.0098
vn -0.2642 0.4559 0.8499
vn -0.2879 0.9527 -0.0976
vn 0.4494 0.1363 -0.8829
vn -0.5987 -0.4913 0.6326
vn -0.5987 -0.4913 -0.6326
vn -0.0980 0.9952 -0.0000
vn -0.6073 -0.7400 0.2890
vn -0.4785 0.8777 0.0272
vn 0.0331 -0.1584 -0.9868
vn 0.9810 -0.1936 0.0147
vn -0.5495 0.8353 0.0206
vn 0.0203 0.0084 -0.9998
vn 0.5528 -0.8333 -0.0010
vn 0.2240 -0.7383 0.6362
vn -0.3002 -0.3658 0.8810
vn -0.4934 0.8689 -0.0387
vn -0.1850 -0.2254 0.9565
vn -0.6314 -0.7693 -0.0975
vn -0.6344 0.7730 -0.0000
vn 0.8327 0.5537 0.0087
vn -0.6314 -0.7693 0.0975
vn -0.5306 0.8476 -0.0090
vn -0.2230 -0.4173 0.8810
vn -0.2347 0.6683 -0.7059
vn 0.3653 -0.9307 0.0161
vn -0.9569 0.2903 -0.0000
vn -0.7060 0.7082 0.0027
vn 0.3854 -0.9228 -0.0009
vn 0.6344 -0.7730 -0.0000
vn -0.7965 -0.6028 0.0482
vn -0.3655 -0.1109 -0.9242
vn -0.3892 0.9209 -0.0206
vn -0.2999 -0.5611 -0.7715
vn -0.3651 -0.6831 0.6326
vn -0.3651 -0.6831 -0.6326
vn -0.2999 -0.5611 0.7715
vn -0.2779 -0.9161 0.2890
vn -0.1374 -0.4528 -0.8810
vn -0.2563 -0.8448 0.4696
vn 0.5593 -0.8289 -0.0016
vn 0.2358 -0.7773 -0.5833
vn 0.8790 0.4761 0.0281
vn -0.1847 -0.6088 0.7715
vn -0.2563 -0.8448 -0.4696
vn 0.0283 -0.0933 0.9952
vn -0.2779 -0.9161 -0.2890
vn -0.0846 -0.2790 0.9565
vn -0.2889 -0.9524 -0.0975
vn -0.7730 -0.6344 -0.0000
vn -0.0286 -0.0942 0.9951
vn 0.8814 0.4722 0.0096
vn 0.7730 0.6344 -0.0000
vn -0.6643 -0.2340 0.7099
vn -0.0938 -0.9527 -0.2890
vn -0.0286 -0.2902 0.9565
vn -0.9372 -0.3454 0.0482
vn 0.2903 0.9569 -0.0000
vn -0.0097 -0.0980 0.9951
vn -0.4025 0.9145 -0.0409
vn -0.2903 -0.9569 -0.0000
vn 0.8617 0.5052 -0.0482
vn -0.0865 -0.8786 0.4696
vn 0.8912 0.4518 0.0408
vn -0.0759 -0.7708 -0.6326
vn 0.2876 0.0283 -0.9573
vn -0.0865 -0.8786 -0.4696
vn 0.0097 -0.0980 -0.9951
vn 0.0286 -0.2902 -0.9565
vn 0.0286 -0.0942 -0.9951
vn 0.0846 -0.2790 -0.9565
vn 0.1374 -0.2571 -0.9565
vn 0.0464 -0.0869 -0.9951
vn 0.0625 -0.0761 -0.9951
vn 0.1850 -0.2254 -0.9565
vn 0.2254 -0.1850 -0.9565
vn 0.0761 -0.0625 -0.9951
vn 0.0869 -0.0464 -0.9951
vn 0.0942 -0.0286 -0.9951
vn 0.2790 -0.0846 -0.9565
vn 0.0980 -0.0097 -0.9951
vn 0.2902 -0.0286 -0.9565
vn 0.0980 0.0097 -0.9951
vn 0.2902 0.0286 -0.9565
vn 0.0942 0.0286 -0.9951
vn 0.2790 0.0846 -0.9565
vn 0.0869 0.0464 -0.9951
vn 0.2571 0.1374 -0.9565
vn 0.0761 0.0625 -0.9951
vn 0.2254 0.1850 -0.9565
vn 0.0625 0.0761 -0.9951
vn 0.1850 0.2254 -0.9565
vn 0.0464 0.0869 -0.9951
vn 0.1374 0.2571 -0.9565
vn 0.0286 0.0942 -0.9951
vn 0.0846 0.2790 -0.9565
vn 0.0286 0.2902 -0.9565
vn 0.0097 0.0980 -0.9951
vn -0.0097 0.0980 -0.9951
vn -0.0286 0.2902 -0.9565
vn -0.0286 0.0942 -0.9951
vn -0.0846 0.2790 -0.9565
vn -0.0464 0.0869 -0.9951
vn -0.1374 0.2571 -0.9565
vn -0.0625 0.0761 -0.9951
vn -0.1850 0.2254 -0.9565
vn -0.0761 0.0625 -0.9951
vn -0.2254 0.1850 -0.9565
vn -0.0869 0.0464 -0.9951
vn -0.2571 0.1374 -0.9565
vn -0.0942 0.0286 -0.9951
vn -0.2790 0.0846 -0.9565
vn -0.0980 0.0097 -0.9951
vn -0.2902 0.0286 -0.9565
vn -0.0980 -0.0097 -0.9951
vn -0.2902 -0.0286 -0.9565
vn -0.0942 -0.0286 -0.9951
vn -0.2790 -0.0846 -0.9565
vn -0.2571 -0.1374 -0.9565
vn -0.0869 -0.0464 -0.9951
vn -0.0761 -0.0625 -0.9951
vn -0.2254 -0.1850 -0.9565
vn -0.1850 -0.2254 -0.9565
vn -0.0625 -0.0761 -0.9951
vn -0.0464 -0.0869 -0.9951
vn -0.1374 -0.2571 -0.9565
vn -0.0286 -0.0942 -0.9951
vn -0.0846 -0.2790 -0.9565
vn -0.0097 -0.0980 -0.9951
vn -0.0286 -0.2902 -0.9565
vn 0.0289 -0.2892 0.9568
vn 0.0963 -0.9907 -0.0963
vn 0.0097 -0.0984 0.9951
vn 0.0616 -0.6330 -0.7717
vn 0.0764 -0.7694 0.6342
vn 0.0759 -0.7702 -0.6333
vn 0.0613 -0.6336 0.7712
vn 0.1857 -0.6074 0.7724
vn 0.2768 -0.9171 -0.2868
vn 0.0816 -0.2787 0.9569
vn 0.2899 -0.9522 -0.0965
vn 0.0329 -0.0936 0.9951
vn 0.2801 -0.9155 0.2889
vn 0.1362 -0.4550 -0.8800
vn 0.1853 -0.6092 -0.7710
vn 0.4679 -0.8783 0.0986
vn 0.4524 -0.8433 0.2901
vn 0.4178 -0.7772 0.4705
vn 0.3651 -0.6831 -0.6326
vn 0.2201 -0.4189 0.8810
vn 0.1397 -0.2562 0.9565
vn 0.2988 -0.3661 0.8813
vn 0.0573 -0.0797 0.9952
vn 0.5610 -0.6818 0.4695
vn 0.4930 -0.5975 0.6324
vn 0.7394 -0.6071 0.2912
vn 0.3674 -0.2991 -0.8807
vn 0.6814 -0.5607 0.4705
vn 0.5994 -0.4915 0.6318
vn 0.4907 -0.4051 0.7714
vn 0.6835 -0.5597 -0.4686
vn 0.3671 -0.2984 0.8810
vn 0.7407 -0.6066 -0.2889
vn 0.7699 -0.6305 -0.0986
vn 0.0796 -0.0572 0.9952
vn 0.7786 -0.4172 -0.4687
vn 0.8448 -0.4512 -0.2877
vn 0.2546 -0.1419 0.9566
vn 0.8777 -0.4692 -0.0974
vn 0.8440 -0.4511 0.2900
vn 0.4187 -0.2226 -0.8804
vn 0.7787 -0.4162 0.4695
vn 0.5626 -0.2979 -0.7712
vn 0.9155 -0.2789 0.2900
vn 0.8453 -0.2548 0.4695
vn 0.7411 -0.2251 0.6326
vn 0.7418 -0.2252 -0.6317
vn 0.6101 -0.1826 0.7710
vn 0.9527 -0.2879 -0.0975
vn 0.4709 -0.0464 0.8810
vn 0.9528 -0.0960 -0.2880
vn 0.9903 -0.0989 0.0974
vn 0.9523 -0.0940 0.2902
vn 0.7707 -0.0780 0.6324
vn 0.7723 -0.0743 -0.6309
vn 0.8786 -0.0868 -0.4696
vn 0.8781 0.0866 0.4705
vn 0.8796 0.0866 -0.4678
vn 0.9904 0.0963 0.0988
vn 0.2790 0.0846 0.9565
vn 0.9521 0.2898 0.0975
vn 0.8448 0.2564 0.4696
vn 0.7403 0.2267 0.6329
vn 0.9155 0.2800 -0.2888
vn 0.5615 0.2993 -0.7714
vn 0.6831 0.3651 -0.6324
vn 0.5603 0.3017 0.7714
vn 0.7791 0.4164 -0.4687
vn 0.8787 0.4673 -0.0975
vn 0.8453 0.4495 0.2889
vn 0.4181 0.2239 -0.8804
vn 0.0734 0.0659 0.9951
vn 0.3666 0.3008 -0.8804
vn 0.4918 0.4036 -0.7715
vn 0.5981 0.4900 0.6342
vn 0.4910 0.4047 0.7714
vn 0.3655 0.3007 0.8809
vn 0.7408 0.6065 -0.2888
vn 0.2270 0.1831 0.9565
vn 0.4910 0.5983 0.6332
vn 0.4914 0.5980 -0.6332
vn 0.4047 0.4910 0.7714
vn 0.5605 0.6829 -0.4685
vn 0.3007 0.3655 0.8809
vn 0.6066 0.7411 -0.2878
vn 0.1873 0.2241 0.9564
vn 0.6314 0.7693 0.0975
vn 0.3008 0.3666 -0.8804
vn 0.5594 0.6817 0.4715
vn 0.4027 0.4927 -0.7714
vn 0.2239 0.4181 -0.8804
vn 0.2996 0.5623 -0.7708
vn 0.3661 0.6825 0.6326
vn 0.3654 0.6836 -0.6318
vn 0.3018 0.5604 0.7713
vn 0.4500 0.8451 -0.2886
vn 0.4690 0.8779 -0.0961
vn 0.2239 0.7422 -0.6317
vn 0.2575 0.8444 -0.4698
vn 0.0820 0.2791 0.9567
vn 0.2889 0.9524 -0.0977
vn 0.2890 0.9526 0.0952
vn 0.2247 0.7407 0.6332
vn 0.0759 0.7707 0.6327
vn 0.0772 0.7713 -0.6317
vn 0.0601 0.6340 0.7710
vn 0.0852 0.8787 -0.4698
vn 0.0219 0.2898 0.9568
vn 0.0976 0.9906 -0.0962
vn 0.0173 0.0970 0.9951
vn -0.0435 0.4713 0.8809
vn -0.0939 0.9534 -0.2867
vn -0.0987 0.9904 -0.0964
vn -0.0065 0.0972 0.9952
vn -0.0975 0.9906 0.0964
vn -0.0939 0.9530 0.2880
vn -0.0483 0.4725 -0.8800
vn -0.0603 0.6342 -0.7708
vn -0.0758 0.7698 0.6337
vn -0.0739 0.7715 -0.6319
vn -0.1834 0.6094 -0.7714
vn -0.1826 0.6097 0.7713
vn -0.2878 0.9527 -0.0977
vn -0.0282 0.0930 0.9953
vn -0.2867 0.9530 0.0977
vn -0.4671 0.8789 -0.0963
vn -0.2214 0.4201 -0.8801
vn -0.4162 0.7786 0.4696
vn -0.3014 0.5600 -0.7717
vn -0.4170 0.7782 -0.4696
vn -0.3006 0.3663 -0.8806
vn -0.4906 0.5999 -0.6320
vn -0.5594 0.6830 -0.4697
vn -0.1853 0.2251 0.9566
vn -0.2251 0.1853 0.9566
vn -0.7708 0.6299 -0.0955
vn -0.7415 0.6056 0.2889
vn -0.3688 0.2991 -0.8801
vn -0.4920 0.4043 -0.7710
vn -0.5982 0.4909 0.6333
vn -0.4931 0.4017 0.7717
vn -0.7779 0.4181 0.4691
vn -0.5613 0.3000 -0.7714
vn -0.6838 0.3639 -0.6325
vn -0.7790 0.4154 -0.4697
vn -0.4165 0.2236 0.8812
vn -0.8775 0.4693 0.0986
vn -0.8443 0.4513 0.2890
vn -0.2793 0.0843 0.9565
vn -0.0946 0.0287 0.9951
vn -0.9522 0.2886 0.0999
vn -0.9158 0.2778 0.2902
vn -0.6102 0.1847 -0.7704
vn -0.8441 0.2570 -0.4705
vn -0.4523 0.1355 0.8815
vn -0.7706 0.0782 -0.6324
vn -0.4699 0.0469 0.8815
vn -0.2903 0.0290 0.9565
vn -0.0984 0.0097 0.9951
vn -0.9528 0.0924 0.2892
vn -0.8783 0.0844 0.4705
vn -0.9904 -0.0976 -0.0975
vn -0.9903 -0.0975 0.0985
vn -0.4709 -0.0464 -0.8810
vn -0.8786 -0.0877 0.4695
vn -0.7707 -0.0780 0.6324
vn -0.9530 -0.0937 -0.2880
vn -0.7407 -0.2266 0.6325
vn -0.6080 -0.1853 0.7720
vn -0.8460 -0.2562 -0.4676
vn -0.4528 -0.1380 0.8809
vn -0.9168 -0.2768 -0.2877
vn -0.2798 -0.0823 0.9565
vn -0.0939 -0.0330 0.9950
vn -0.9161 -0.2779 0.2891
vn -0.8447 -0.2550 0.4705
vn -0.8774 -0.4693 0.0996
vn -0.4169 -0.2250 -0.8807
vn -0.7792 -0.4152 0.4694
vn -0.5593 -0.3000 0.7728
vn -0.7795 -0.4156 -0.4686
vn -0.4181 -0.2217 0.8809
vn -0.8440 -0.4524 -0.2880
vn -0.2567 -0.1399 0.9563
vn -0.3671 -0.2987 0.8809
vn -0.7702 -0.6304 -0.0972
vn -0.0801 -0.0576 0.9951
vn -0.7693 -0.6314 0.0976
vn -0.7398 -0.6071 0.2901
vn -0.3656 -0.3019 -0.8805
vn -0.6814 -0.5606 0.4705
vn -0.4904 -0.4051 -0.7716
vn -0.3019 -0.3656 -0.8805
vn -0.5604 -0.6829 0.4686
vn -0.4027 -0.4919 -0.7719
vn -0.4919 -0.5993 0.6316
vn -0.4907 -0.6002 -0.6316
vn -0.4053 -0.4902 0.7717
vn -0.5597 -0.6834 -0.4687
vn -0.6074 -0.7404 -0.2879
vn -0.0599 -0.0778 0.9952
vn -0.4170 -0.7782 -0.4695
vn -0.4511 -0.8444 -0.2889
vn -0.1402 -0.2533 0.9572
vn -0.4680 -0.8784 -0.0963
vn -0.0435 -0.0887 0.9951
vn -0.4692 -0.8777 0.0976
vn -0.4523 -0.8434 0.2901
vn -0.2229 -0.4188 -0.8803
vn -0.4162 -0.7783 0.4701
vn -0.1847 -0.6088 -0.7716
vn -0.2227 -0.7412 0.6333
vn -0.2272 -0.7409 -0.6320
vn -0.1391 -0.4511 0.8816
vn -0.2889 -0.9524 0.0975
vn -0.0442 -0.4719 0.8806
vn -0.0990 -0.9905 -0.0952
vn -0.0975 -0.9904 0.0976
vn -0.0939 -0.9530 0.2880
vn -0.0465 -0.4723 -0.8802
vn -0.0747 -0.7702 0.6334
vn -0.0647 -0.6330 0.7715
vn -0.4014 -0.9155 0.0256
vn 0.2603 0.5240 -0.8110
vn 0.9145 -0.4025 -0.0409
vn -0.1154 -0.9924 -0.0430
vn -0.9421 0.3322 -0.0450
vn -0.2019 -0.9792 -0.0194
vn -0.9177 0.3973 -0.0091
vn 0.3773 0.9259 0.0190
vn 0.2750 0.5145 0.8122
vn 0.1981 0.9802 -0.0003
vn 0.9211 -0.3894 -0.0039
vn 0.4142 -0.2214 0.8829
vn -0.3637 -0.6804 0.6362
vn -0.1638 -0.9864 0.0104
vn 0.8867 -0.4617 -0.0265
vn -0.1601 -0.3152 -0.9354
vn 0.8828 -0.4697 -0.0095
vn 0.2194 0.9755 0.0138
vn 0.7038 -0.4036 -0.5846
vn 0.9126 -0.4082 0.0220
vn 0.2087 0.9779 0.0139
vn 0.8866 -0.4618 0.0262
vn -0.1734 -0.9840 0.0409
vn -0.9437 0.3274 0.0482
vn -0.7519 0.3565 -0.5545
vn -0.4177 0.2222 0.8810
vn -0.9286 0.3710 0.0068
vn 0.7945 -0.4442 0.4140
vn 0.9275 -0.3739 -0.0081
vn -0.9736 0.2277 0.0177
vn 0.2423 0.4704 -0.8485
vn -0.0120 -0.0179 -0.9998
vn -0.4509 -0.8436 -0.2916
vn -0.6749 0.2047 -0.7089
vn 0.9866 -0.1559 0.0482
vn 0.5601 -0.1605 0.8128
vn -0.2335 -0.9712 -0.0482
vn -0.8035 0.2029 0.5597
vn 0.2035 0.9791 0.0019
vn -0.2117 -0.9773 0.0108
vn 0.4182 0.7775 -0.4697
vn -0.2164 -0.6471 -0.7310
vn -0.1589 0.0408 -0.9864
vn -0.3914 -0.7323 0.5572
vn -0.2894 -0.9572 0.0096
vn -0.1984 -0.6541 0.7299
vn -0.0042 -0.0212 0.9998
vn 0.2613 0.4888 0.8324
vn 0.1195 0.9920 0.0408
vn 0.2777 0.9154 -0.2916
vn -0.0605 -0.1501 -0.9868
vn 0.0587 0.9971 -0.0482
vn -0.9776 0.2106 0.0024
vn -0.2133 -0.9490 0.2321
vn 0.9794 -0.2019 -0.0084
vn 0.0370 0.9993 0.0030
vn 0.9676 -0.2486 -0.0435
vn -0.0283 -0.0933 0.9952
vn 0.0309 0.9995 0.0036
vn -0.9866 0.1622 -0.0177
vn -0.0942 0.0288 -0.9951
vn 0.0073 -1.0000 0.0039
vn -0.0168 0.9998 0.0105
vn -0.9940 0.1062 0.0272
vn 0.9985 0.0278 -0.0477
vn 0.9998 0.0073 -0.0210
vn 0.0219 0.9989 0.0409
vn 0.3375 -0.1024 0.9358
vn -0.9833 0.1810 0.0174
vn 0.7405 -0.2266 -0.6327
vn -0.9995 0.0224 -0.0209
vn -0.8767 0.0864 0.4732
vn 0.9995 0.0309 -0.0036
vn 0.8310 -0.0424 -0.5546
vn -0.6758 0.2050 0.7080
vn 0.2876 -0.0283 0.9573
vn 0.9953 0.0962 0.0095
vn 0.0473 0.1560 0.9866
vn 0.5087 -0.1459 -0.8485
vn 0.9956 0.0898 0.0272
vn 0.2408 0.7937 -0.5587
vn -0.8448 0.2563 -0.4696
vn 0.0042 0.0212 -0.9998
vn -0.4494 0.1363 0.8829
vn -0.1362 -0.5405 -0.8302
vn -0.0219 0.9989 -0.0409
vn -0.9998 0.0140 0.0139
vn 0.9999 0.0053 0.0098
vn -0.3801 0.0374 0.9242
vn 0.1776 0.6587 0.7311
vn -0.0587 -0.9971 -0.0482
vn -0.9999 -0.0032 -0.0107
vn -0.1836 -0.6053 0.7745
vn 0.5788 -0.0660 -0.8128
vn -0.2557 -0.8430 -0.4732
vn -0.0926 0.9953 -0.0274
vn 0.0032 0.0329 0.9995
vn -0.6329 0.0638 -0.7716
vn 0.9993 -0.0334 0.0171
vn -0.0980 0.9951 -0.0092
vn -0.6295 0.0620 0.7745
vn -0.9804 -0.1962 -0.0171
vn 0.3061 0.8296 0.4669
vn -0.0031 1.0000 0.0003
vn 0.0029 -1.0000 -0.0009
vn 0.9860 0.1666 -0.0098
vn -0.0096 -0.0317 -0.9995
vn -0.0587 0.9971 0.0482
vn -0.9748 -0.2221 -0.0229
vn -0.1195 0.9920 -0.0408
vn 0.9999 -0.0075 0.0125
vn -0.0219 -0.9989 0.0409
vn 0.2823 -0.9589 -0.0272
vn -0.9998 -0.0058 0.0190
vn -0.0149 -0.9993 0.0352
vn -0.0422 -0.8277 0.5597
vn -0.9589 -0.2823 0.0272
vn 0.0904 0.9175 0.3872
vn 0.6972 -0.0999 -0.7099
vn 0.0613 0.3802 0.9229
vn 0.9894 0.1370 0.0482
vn 0.5259 -0.0336 0.8499
vn 0.2521 -0.9665 0.0482
vn 0.0864 0.8767 -0.4732
vn -0.9840 -0.1734 -0.0409
vn 0.0283 0.2876 0.9573
vn -0.8784 0.0881 -0.4697
vn 0.0620 -0.6295 0.7745
vn -0.9860 -0.1666 -0.0098
vn 0.2031 -0.9788 0.0273
vn -0.5273 -0.0439 0.8485
vn 0.0097 -0.0980 0.9951
vn 0.9989 -0.0219 -0.0409
vn -0.9940 -0.1062 -0.0272
vn 0.3802 0.0613 -0.9229
vn -0.9975 -0.0536 -0.0450
vn -0.0813 0.8254 -0.5587
vn -0.9971 -0.0587 -0.0482
vn 0.0611 -0.6332 -0.7716
vn -0.2251 0.0297 -0.9739
vn -0.9856 -0.1678 0.0229
vn 0.9313 0.3621 -0.0409
vn -0.5259 -0.0336 -0.8499
vn 0.9359 0.3497 -0.0427
vn 0.9953 -0.0926 0.0274
vn -0.9894 -0.1370 0.0482
vn -0.8988 -0.4358 -0.0482
vn 0.1734 -0.9840 -0.0409
vn 0.9794 0.2019 0.0084
vn 0.3805 0.0375 0.9240
vn -0.9776 -0.2106 -0.0024
vn 0.9542 0.2980 -0.0272
vn -0.9998 0.0017 -0.0177
vn 0.9564 0.2921 -0.0095
vn -0.2151 0.9763 -0.0256
vn -0.0814 0.8264 -0.5572
vn -0.9112 -0.4118 0.0104
vn 0.0691 -0.7019 0.7089
vn 0.1590 -0.9872 0.0105
vn 0.0135 -0.3804 -0.9247
vn -0.8912 -0.4518 0.0408
vn 0.1484 -0.9121 -0.3821
vn 0.0980 -0.9951 -0.0113
vn -0.0620 0.6295 0.7745
vn -0.0759 0.7708 0.6326
vn -0.2226 0.9748 0.0167
vn 0.0863 -0.8767 0.4732
vn 0.4077 -0.9118 -0.0477
vn 0.9372 0.3454 0.0482
vn 0.4250 -0.9037 -0.0519
vn -0.9229 -0.3847 0.0171
vn -0.1739 0.9710 -0.1638
vn 0.4415 -0.8959 -0.0499
vn -0.2292 0.9724 0.0427
vn 0.3710 -0.9285 -0.0151
vn -0.2127 0.9765 0.0338
vn -0.3775 0.9260 -0.0017
vn 0.2050 -0.6758 0.7080
vn -0.2007 0.9795 0.0190
vn 0.0864 -0.8767 -0.4732
vn 0.3827 -0.9239 -0.0007
vn -0.2408 0.7937 0.5587
vn 0.0283 -0.2876 0.9573
vn -0.3827 0.9239 0.0007
vn 0.2311 -0.6942 -0.6817
vn 0.3879 -0.9217 0.0017
vn -0.0839 0.2766 -0.9573
vn 0.9224 0.3861 0.0039
vn -0.0611 0.6332 -0.7716
vn -0.3942 0.9189 0.0151
vn 0.2779 -0.9161 -0.2890
vn 0.1938 0.0191 0.9808
vn -0.3146 0.9484 0.0389
vn -0.8325 -0.5536 -0.0225
vn 0.8767 0.0864 -0.4732
vn 0.9233 0.3837 -0.0171
vn 0.4185 -0.9069 0.0482
vn -0.4118 -0.0406 -0.9104
vn -0.0199 -0.0083 0.9998
vn -0.8767 -0.0864 0.4732
vn -0.3749 0.9267 0.0273
vn 0.0839 -0.2766 -0.9573
vn 0.8912 0.4518 -0.0408
vn -0.9154 -0.2777 0.2916
vn -0.2557 0.8430 -0.4732
vn 0.5547 0.8320 -0.0107
vn 0.9154 0.2777 -0.2916
vn -0.1173 0.3310 0.9363
vn 0.6766 0.0880 0.7311
vn -0.9360 -0.3516 0.0177
vn 0.1949 0.0360 0.9802
vn -0.1864 -0.0565 0.9808
vn -0.6841 -0.7108 -0.1638
vn -0.1236 -0.1507 0.9808
vn -0.4153 -0.7769 -0.4732
vn 0.0975 -0.9904 0.0975
vn 0.6804 -0.3637 0.6362
vn -0.0000 -0.0000 1.0000
vn 0.5554 0.6151 0.5597
vn -0.3998 -0.9165 -0.0161
vn -0.7769 0.4153 -0.4732
vn -0.9069 0.4185 0.0482
vn 0.5964 -0.4894 0.6362
vn -0.8079 0.5540 0.2008
vn 0.9360 -0.3516 0.0177
vn 0.2230 -0.4173 -0.8810
vn -0.5459 0.4480 0.7080
vn 0.8436 -0.4509 -0.2916
vn -0.4140 0.3732 -0.8303
vn -0.8357 0.5484 0.0273
vn -0.4888 0.2613 -0.8324
vn -0.9116 0.4110 -0.0036
vn 0.9320 -0.3618 -0.0209
vn 0.2234 -0.1833 0.9573
vn 0.8079 -0.5874 0.0482
vn 0.6810 -0.5589 -0.4732
vn 0.7993 -0.5992 0.0445
vn -0.9208 0.3894 -0.0210
vn -0.1685 0.1568 -0.9732
vn -0.3395 -0.9391 0.0530
vn -0.9118 0.4077 -0.0477
vn -0.0754 0.0619 0.9952
vn -0.8790 0.4761 0.0281
vn -0.3698 -0.9288 0.0240
vn -0.6759 0.6302 -0.3821
vn -0.8819 0.4714 0.0092
vn 0.7381 -0.6097 0.2891
vn -0.8512 0.5247 0.0105
vn 0.0182 -0.0122 -0.9998
vn -0.5622 -0.8265 0.0273
vn 0.8235 -0.5668 -0.0240
vn 0.4082 0.9126 -0.0220
vn -0.6706 -0.7046 0.2321
vn 0.5632 0.8263 -0.0069
vn 0.8047 -0.5912 -0.0542
vn 0.4618 0.8866 -0.0262
vn 0.1850 0.2254 0.9565
vn -0.5613 -0.8276 0.0084
vn -0.3756 -0.9268 -0.0063
vn -0.5992 -0.7993 0.0445
vn -0.5964 -0.4894 0.6362
vn 0.3675 0.9300 -0.0025
vn 0.5332 0.8459 0.0093
vn 0.3658 0.3002 0.8810
vn 0.4077 0.9118 -0.0477
vn 0.0754 -0.0619 0.9952
vn 0.5556 0.8315 -0.0000
vn 0.6807 -0.7063 -0.1943
vn -0.5554 -0.8313 -0.0219
vn -0.7155 0.5197 0.4669
vn 0.4930 0.8692 -0.0379
vn -0.8265 0.5622 0.0273
vn 0.5306 0.8476 -0.0090
vn -0.7693 -0.6314 -0.0976
vn -0.8208 0.5702 0.0338
vn -0.3664 0.2993 -0.8810
vn -0.5564 -0.8307 -0.0171
vn 0.7262 0.5471 0.4163
vn -0.8119 0.5838 0.0042
vn 0.6068 -0.7394 0.2916
vn 0.6810 -0.5589 0.4732
vn -0.7736 0.6336 0.0096
vn -0.6419 -0.5268 -0.5572
vn 0.2257 -0.1845 -0.9566
vn 0.8487 -0.5288 -0.0104
vn -0.6085 0.7390 -0.2890
vn -0.2994 0.3663 0.8810
vn 0.6909 -0.7218 0.0409
vn -0.6839 0.5582 -0.4697
vn -0.8173 0.5760 -0.0138
vn -0.7433 0.6674 0.0450
vn -0.5619 -0.8272 -0.0088
vn -0.7166 0.6971 0.0240
vn 0.5599 0.8285 0.0098
vn 0.5839 0.8107 0.0427
vn 0.2231 0.4173 0.8810
vn 0.6804 -0.7329 -0.0032
vn 0.5992 0.7993 0.0445
vn 0.6358 -0.7718 0.0095
vn -0.2779 -0.2185 -0.9354
vn 0.6344 -0.7730 0.0113
vn -0.7658 0.6425 -0.0265
vn -0.7560 0.6535 -0.0387
vn -0.7278 0.6857 -0.0090
vn 0.4625 0.3582 -0.8110
vn 0.6730 0.7377 0.0530
vn 0.6636 0.7466 0.0482
vn -0.2571 -0.1374 0.9565
vn -0.5372 -0.8434 -0.0127
vn 0.4142 0.2214 -0.8829
vn 0.1382 0.1421 0.9802
vn -0.6804 -0.3637 -0.6362
vn -0.7584 -0.6505 -0.0408
vn 0.0094 0.0980 -0.9951
vn -0.7559 -0.6536 -0.0389
vn 0.4724 0.2337 0.8498
vn 0.7011 0.7128 -0.0212
vn -0.2231 0.4173 0.8810
vn -0.7769 -0.4153 0.4732
vn 0.9234 -0.3837 0.0110
vn 0.6314 -0.7693 -0.0976
vn 0.2642 -0.4559 -0.8499
vn 0.7775 0.4182 -0.4697
vn 0.7584 -0.6505 0.0408
vn -0.0376 -0.0038 -0.9993
vn -0.5498 0.7242 0.4162
vn 0.1718 0.0918 0.9808
vn 0.8415 0.4889 0.2299
vn 0.5529 -0.8332 0.0103
vn -0.4013 0.4890 0.7745
vn -0.5524 0.8335 -0.0101
vn 0.5185 -0.6737 -0.5266
vn 0.7560 -0.6535 -0.0387
vn 0.4182 -0.7775 -0.4697
vn 0.5372 -0.8434 0.0127
vn 0.7278 -0.6857 -0.0090
vn 0.3832 -0.9236 -0.0061
vn -0.0291 0.0241 0.9993
vn -0.6983 -0.7156 0.0158
vn -0.5802 0.8144 0.0094
vn -0.1990 0.9798 0.0194
vn -0.3463 -0.1580 0.9247
vn -0.2214 0.4142 0.8829
vn -0.7775 -0.4182 -0.4697
vn 0.0460 -0.0860 -0.9952
vn -0.5581 0.8298 -0.0003
vn -0.9904 0.0976 -0.0975
vn 0.0014 -0.9999 -0.0139
vn -0.9904 0.0975 0.0975
vn -0.6405 -0.7675 0.0272
vn 0.2549 0.1362 -0.9573
vn 0.5612 -0.8274 -0.0194
vn -0.0084 0.0203 0.9998
vn 0.4861 -0.8729 -0.0420
vn -0.6358 -0.7718 -0.0093
vn -0.6425 -0.7658 -0.0265
vn -0.5736 0.8191 -0.0127
vn 0.3808 0.9245 0.0198
vn -0.6505 -0.7584 -0.0408
vn -0.6804 -0.3637 0.6362
vn -0.4889 0.8415 0.2299
vn 0.6384 0.3532 -0.6839
vn -0.2156 -0.0806 0.9731
vn -0.9255 -0.3780 -0.0217
vn 0.5675 -0.8226 0.0352
vn 0.8272 0.5619 -0.0063
vn 0.5577 -0.8299 0.0159
vn -0.8279 -0.5608 0.0077
vn -0.2982 0.5579 -0.7745
vn 0.6028 -0.7965 0.0482
vn -0.2889 0.9523 -0.0985
vn 0.4524 0.1384 -0.8810
vn 0.9803 -0.1972 0.0036
vn -0.4722 0.8814 -0.0096
vn 0.5602 -0.8283 -0.0017
vn 0.2029 -0.8035 0.5597
vn -0.5659 0.8243 -0.0151
vn 0.8332 0.5529 0.0103
vn -0.5008 0.8640 -0.0522
vn -0.2240 0.7383 -0.6362
vn 0.3631 -0.9316 0.0173
vn -0.2321 0.6939 0.6816
vn -0.7073 0.7069 -0.0027
vn 0.3564 -0.9342 0.0167
vn -0.8240 -0.5661 0.0254
vn -0.4705 0.8823 0.0096
vn 0.5571 -0.8302 0.0198
vn 0.8515 0.5243 -0.0032
vn 0.0325 -0.1585 0.9868
vn 0.8810 0.4730 0.0093
vn -0.6053 -0.1836 0.7745
vn 0.3747 0.0889 -0.9229
vn 0.3475 0.0505 -0.9363
vn 0.0253 -0.2906 0.9565
vn 0.0987 -0.9902 -0.0988
vn 0.0620 -0.6331 -0.7716
vn 0.0751 -0.7702 0.6334
vn 0.0773 -0.7693 -0.6342
vn 0.0611 -0.6335 0.7713
vn 0.1830 -0.6100 0.7710
vn 0.2780 -0.9164 -0.2880
vn 0.0864 -0.2786 0.9565
vn 0.2890 -0.9524 -0.0974
vn 0.2801 -0.9154 0.2889
vn 0.1377 -0.4538 -0.8804
vn 0.1854 -0.6093 -0.7710
vn 0.4672 -0.8787 0.0978
vn 0.4515 -0.8442 0.2890
vn 0.4153 -0.7803 0.4676
vn 0.3628 -0.6831 -0.6338
vn 0.2208 -0.4180 0.8812
vn 0.1413 -0.2559 0.9563
vn 0.3017 -0.3653 0.8806
vn 0.5604 -0.6829 0.4686
vn 0.4918 -0.6002 0.6308
vn 0.7404 -0.6063 0.2900
vn 0.3662 -0.2997 -0.8809
vn 0.6836 -0.5595 0.4687
vn 0.5997 -0.4914 0.6316
vn 0.4910 -0.4049 0.7713
vn 0.6835 -0.5596 -0.4687
vn 0.3667 -0.2996 0.8808
vn 0.7407 -0.6065 -0.2890
vn 0.7788 -0.4152 -0.4701
vn 0.8438 -0.4522 -0.2890
vn 0.2557 -0.1407 0.9564
vn 0.8771 -0.4701 -0.0986
vn 0.4173 -0.2237 -0.8808
vn 0.5589 -0.3007 -0.7728
vn 0.9168 -0.2768 0.2878
vn 0.8455 -0.2560 0.4687
vn 0.7413 -0.2268 0.6317
vn 0.7411 -0.2260 -0.6323
vn 0.6102 -0.1836 0.7707
vn 0.9522 -0.2891 -0.0988
vn 0.4717 -0.0492 0.8804
vn 0.9522 -0.0924 -0.2912
vn 0.9903 -0.0986 0.0978
vn 0.9530 -0.0924 0.2886
vn 0.7720 -0.0759 0.6311
vn 0.7707 -0.0768 -0.6325
vn 0.8780 -0.0880 -0.4706
vn 0.8789 0.0852 0.4693
vn 0.8789 0.0844 -0.4695
vn 0.9904 0.0976 0.0975
vn 0.9521 0.2899 0.0975
vn 0.8449 0.2577 0.4688
vn 0.7429 0.2239 0.6309
vn 0.9156 0.2777 -0.2908
vn 0.5602 0.3003 -0.7720
vn 0.6818 0.3662 -0.6333
vn 0.5625 0.3002 0.7704
vn 0.8775 0.4691 -0.0996
vn 0.8454 0.4494 0.2888
vn 0.4179 0.2241 -0.8804
vn 0.5974 0.4930 0.6326
vn 0.3673 0.2998 0.8805
vn 0.7396 0.6073 -0.2901
vn 0.2258 0.1856 0.9563
vn 0.4914 0.5979 -0.6333
vn 0.4041 0.4924 0.7709
vn 0.5590 0.6834 -0.4695
vn 0.2998 0.3673 0.8805
vn 0.6073 0.7400 -0.2889
vn 0.1859 0.2262 0.9562
vn 0.6299 0.7708 0.0955
vn 0.4033 0.4914 -0.7720
vn 0.2241 0.4179 -0.8804
vn 0.3006 0.5608 -0.7714
vn 0.3663 0.6825 0.6325
vn 0.3662 0.6825 -0.6325
vn 0.3000 0.5630 0.7701
vn 0.4513 0.8439 -0.2902
vn 0.4704 0.8770 -0.0978
vn 0.2257 0.7404 -0.6331
vn 0.2565 0.8443 -0.4705
vn 0.0844 0.2791 0.9565
vn 0.2900 0.9519 -0.0989
vn 0.0748 0.7704 -0.6331
vn 0.0625 0.6349 0.7701
vn 0.0861 0.8782 -0.4705
vn 0.0253 0.2904 0.9566
vn 0.0963 0.9906 -0.0975
vn -0.0465 0.4723 0.8802
vn -0.0918 0.9530 -0.2886
vn -0.0975 0.9904 -0.0976
vn -0.0973 0.9906 0.0963
vn -0.0952 0.9533 0.2868
vn -0.0465 0.4719 -0.8804
vn -0.0618 0.6332 -0.7715
vn -0.0751 0.7703 0.6332
vn -0.0775 0.7693 -0.6342
vn -0.1845 0.6083 -0.7719
vn -0.1824 0.6097 0.7714
vn -0.2877 0.9527 -0.0977
vn -0.2892 0.9525 0.0952
vn -0.4682 0.8782 -0.0975
vn -0.2237 0.4173 -0.8808
vn -0.3019 0.5600 -0.7715
vn -0.4178 0.7772 -0.4706
vn -0.4912 0.5985 -0.6328
vn -0.5599 0.6820 -0.4705
vn -0.1852 0.2253 0.9565
vn -0.2282 0.1831 0.9562
vn -0.7693 0.6314 -0.0975
vn -0.7415 0.6055 0.2889
vn -0.3656 0.3008 -0.8808
vn -0.4901 0.4052 -0.7718
vn -0.6005 0.4899 0.6320
vn -0.4925 0.4042 0.7708
vn -0.7796 0.4167 0.4676
vn -0.5603 0.3007 -0.7718
vn -0.6826 0.3648 -0.6333
vn -0.7781 0.4161 -0.4705
vn -0.4164 0.2252 0.8809
vn -0.8772 0.4701 0.0978
vn -0.8451 0.4504 0.2880
vn -0.2793 0.0869 0.9563
vn -0.9520 0.2899 0.0986
vn -0.9157 0.2790 0.2891
vn -0.6093 0.1856 -0.7709
vn -0.8440 0.2562 -0.4711
vn -0.4525 0.1373 0.8811
vn -0.7708 0.0780 -0.6323
vn -0.4700 0.0467 0.8814
vn -0.2904 0.0288 0.9565
vn -0.9531 0.0940 0.2877
vn -0.8795 0.0882 0.4676
vn -0.9902 -0.0989 -0.0988
vn -0.8792 -0.0866 0.4686
vn -0.7722 -0.0755 0.6308
vn -0.9521 -0.0960 -0.2902
vn -0.7416 -0.2256 0.6318
vn -0.6102 -0.1829 0.7708
vn -0.8450 -0.2574 -0.4687
vn -0.4529 -0.1378 0.8808
vn -0.9155 -0.2789 -0.2900
vn -0.2797 -0.0851 0.9563
vn -0.8448 -0.2563 0.4697
vn -0.8766 -0.4712 0.0975
vn -0.4170 -0.2236 -0.8809
vn -0.7791 -0.4165 0.4685
vn -0.5619 -0.2981 0.7716
vn -0.7795 -0.4155 -0.4687
vn -0.4181 -0.2218 0.8809
vn -0.8445 -0.4502 -0.2900
vn -0.2570 -0.1397 0.9563
vn -0.3663 -0.3016 0.8803
vn -0.7693 -0.6313 -0.0985
vn -0.7692 -0.6315 0.0975
vn -0.7409 -0.6063 0.2889
vn -0.3660 -0.3004 -0.8808
vn -0.6825 -0.5601 0.4696
vn -0.4912 -0.4019 -0.7728
vn -0.3004 -0.3660 -0.8808
vn -0.4024 -0.4919 -0.7720
vn -0.4921 -0.5973 -0.6333
vn -0.4042 -0.4925 0.7708
vn -0.5602 -0.6824 -0.4695
vn -0.6065 -0.7408 -0.2888
vn -0.4162 -0.7783 -0.4701
vn -0.4521 -0.8435 -0.2901
vn -0.1343 -0.2589 0.9565
vn -0.4703 -0.8770 -0.0988
vn -0.4693 -0.8777 0.0975
vn -0.4503 -0.8452 0.2878
vn -0.2239 -0.4176 -0.8806
vn -0.4157 -0.7784 0.4705
vn -0.2266 -0.7418 0.6311
vn -0.2246 -0.7406 -0.6333
vn -0.1357 -0.4539 0.8807
vn -0.0437 -0.4717 0.8807
vn -0.0965 -0.9905 -0.0977
vn -0.0962 -0.9907 0.0963
vn -0.0952 -0.9533 0.2868
vn -0.0759 -0.7707 0.6327
vn -0.0633 -0.6338 0.7709
vn -0.4518 -0.8912 0.0408
vn 0.2999 0.5611 -0.7715
vn 0.9298 -0.3680 0.0024
vn -0.1609 -0.9870 -0.0037
vn -0.9265 0.3763 -0.0084
vn -0.1088 -0.9937 -0.0265
vn -0.9423 0.3317 -0.0445
vn 0.3823 0.9240 0.0095
vn 0.1951 0.9808 -0.0007
vn 0.8866 -0.4618 -0.0262
vn 0.4747 -0.2838 0.8331
vn -0.4057 -0.7025 0.5847
vn -0.1951 -0.9808 -0.0000
vn 0.8841 -0.4666 -0.0269
vn -0.1800 -0.3368 -0.9242
vn 0.9105 -0.4132 -0.0171
vn 0.2215 0.9750 0.0145
vn 0.8867 -0.4617 0.0265
vn 0.2019 0.9794 0.0084
vn 0.9211 -0.3894 0.0039
vn -0.2106 -0.9776 -0.0024
vn -0.9173 0.3981 0.0105
vn -0.7786 0.4162 -0.4696
vn -0.4142 0.2214 0.8829
vn -0.9313 0.3621 0.0409
vn 0.8131 -0.4346 0.3872
vn 0.2156 -0.0806 -0.9731
vn 0.9215 -0.3879 0.0190
vn -0.9572 0.2894 0.0096
vn 0.2613 0.4888 -0.8324
vn -0.4857 -0.7862 -0.3821
vn -0.6018 0.2127 -0.7698
vn 0.9817 -0.1890 0.0223
vn 0.5311 -0.1611 0.8319
vn -0.1776 -0.9841 -0.0038
vn -0.7383 0.2240 0.6362
vn 0.1875 0.9822 -0.0063
vn -0.2692 -0.9622 -0.0408
vn 0.4153 0.7769 -0.4732
vn -0.1847 -0.6088 -0.7715
vn -0.1864 0.0565 -0.9808
vn -0.4116 -0.7419 0.5292
vn -0.2309 -0.9729 -0.0107
vn 0.2423 0.4704 0.8485
vn 0.0889 0.3747 0.9229
vn 0.1749 0.9843 0.0256
vn 0.2764 0.9165 -0.2890
vn 0.0129 0.9996 -0.0254
vn -0.9840 0.1734 -0.0409
vn -0.2777 -0.9154 0.2916
vn 0.9679 -0.2472 -0.0450
vn 0.0898 0.9956 -0.0272
vn 0.9665 -0.2521 -0.0482
vn 0.0056 1.0000 0.0017
vn -0.9950 0.0989 -0.0096
vn -0.0933 0.0283 -0.9952
vn -0.0064 -1.0000 0.0001
vn 0.0587 0.9971 0.0482
vn -0.9856 0.1678 0.0229
vn 0.9989 0.0219 -0.0409
vn 0.9985 0.0351 -0.0427
vn -0.9830 0.1831 0.0158
vn 0.7383 -0.2240 -0.6362
vn -1.0000 -0.0052 0.0028
vn -0.8767 0.0863 0.4732
vn 1.0000 0.0056 -0.0017
vn 0.8767 -0.0864 -0.4732
vn -0.6951 0.2219 0.6839
vn 0.1982 0.0027 0.9802
vn 0.9993 0.0334 0.0171
vn 0.5304 -0.1609 -0.8324
vn 0.9953 0.0926 0.0274
vn -0.4524 0.1383 0.8810
vn -0.9999 0.0069 0.0084
vn 0.9999 -0.0092 -0.0069
vn -0.3525 0.0273 0.9354
vn 0.1836 0.6053 0.7745
vn -0.9999 -0.0016 0.0108
vn -0.1369 -0.5403 0.8303
vn 0.5523 -0.0544 -0.8319
vn -0.2711 -0.8057 -0.5267
vn -0.0898 0.9956 -0.0272
vn -0.6295 0.0620 -0.7745
vn 0.9953 -0.0962 0.0095
vn -0.0962 0.9953 -0.0095
vn -0.6766 0.0880 0.7311
vn -0.9755 -0.2163 -0.0409
vn 0.2676 0.8823 0.3872
vn -0.0980 0.9951 -0.0113
vn -0.0282 -0.9995 0.0167
vn 0.9894 0.1370 -0.0482
vn -0.0129 0.9996 0.0254
vn -0.0477 -0.6807 -0.7310
vn -0.9589 -0.2823 -0.0272
vn -0.2079 0.9780 -0.0164
vn 0.9999 -0.0053 0.0098
vn -0.0197 -0.9993 0.0331
vn 0.2080 -0.9780 0.0166
vn -0.9999 0.0095 -0.0081
vn -0.0058 -0.9998 0.0190
vn -0.0756 -0.7678 0.6362
vn 0.0346 0.8837 0.4669
vn 0.6295 -0.0620 -0.7745
vn 0.1484 0.9121 -0.3821
vn 0.9860 0.1666 0.0098
vn -0.0015 -0.1618 -0.9868
vn 0.4674 -0.0460 0.8829
vn 0.2077 -0.9779 0.0254
vn 0.0863 0.8767 -0.4732
vn -0.5566 0.0288 0.8303
vn -0.9809 -0.1940 -0.0171
vn -0.8767 0.0864 -0.4732
vn -0.9894 -0.1370 -0.0482
vn -0.0301 0.1590 -0.9868
vn -0.5516 -0.0543 0.8324
vn 0.0175 -0.0334 0.9993
vn 0.9999 0.0158 0.0024
vn -0.9856 -0.1678 -0.0229
vn -0.9999 -0.0069 -0.0084
vn -0.0679 0.8099 -0.5826
vn -0.9975 -0.0551 -0.0435
vn 0.0620 -0.6295 -0.7745
vn -0.1940 0.0191 -0.9808
vn -0.9940 -0.1062 0.0272
vn 0.9331 0.3565 -0.0477
vn -0.4674 -0.0460 -0.8829
vn 0.9175 0.3978 -0.0025
vn 0.9956 -0.0898 0.0272
vn -0.9842 -0.1773 -0.0042
vn -0.9168 -0.3994 0.0042
vn 0.9826 0.1857 -0.0044
vn 0.4116 0.0325 0.9108
vn -0.9840 -0.1734 0.0409
vn 0.9550 0.2953 -0.0274
vn -0.9998 -0.0101 0.0181
vn 0.9237 0.3826 -0.0212
vn -0.2692 0.9622 -0.0408
vn -0.9239 -0.3827 -0.0000
vn 0.0763 -0.6799 0.7293
vn 0.0980 -0.9951 -0.0097
vn 0.0283 -0.2876 -0.9573
vn -0.1618 -0.0015 0.9868
vn -0.9155 -0.4014 0.0256
vn 0.1921 -0.9814 0.0003
vn -0.0738 0.5803 0.8110
vn -0.0555 0.8094 0.5846
vn -0.1922 0.9814 -0.0009
vn 0.0345 -0.9210 0.3880
vn 0.4025 -0.9145 -0.0409
vn 0.9301 0.3674 0.0020
vn 0.4145 -0.9090 -0.0427
vn -0.9258 -0.3779 -0.0096
vn -0.0976 0.9904 -0.0975
vn 0.4318 -0.9009 -0.0445
vn -0.2022 0.9791 0.0210
vn 0.4483 -0.8930 -0.0387
vn -0.2234 0.9736 0.0467
vn -0.3857 0.9226 -0.0010
vn 0.2017 -0.7012 0.6839
vn -0.2095 0.9772 0.0352
vn 0.3855 -0.9227 -0.0003
vn -0.2598 0.7315 0.6304
vn -0.3799 0.9250 0.0003
vn 0.2240 -0.7383 -0.6362
vn 0.3796 -0.9251 0.0010
vn 0.9245 0.3806 0.0217
vn -0.0620 0.6295 -0.7745
vn -0.3144 0.9485 0.0387
vn 0.2341 -0.9063 -0.3518
vn -0.3756 0.9268 0.0063
vn -0.8306 -0.5568 -0.0112
vn 0.9145 0.4025 -0.0409
vn 0.3662 -0.9305 0.0038
vn 0.0286 -0.0942 0.9951
vn 0.0530 -0.2240 -0.9732
vn 0.5513 0.8340 0.0214
vn -0.0839 0.2766 0.9573
vn 0.6295 0.0620 0.7745
vn 0.0083 -0.0199 -0.9998
vn -0.9566 -0.2912 0.0096
vn 0.2766 0.0839 0.9573
vn -0.0900 -0.0499 0.9947
vt 0.952888 0.554605
vt 0.928454 0.575783
vt 0.932035 0.550361
vt 0.888600 0.398082
vt 0.865385 0.396865
vt 0.868512 0.389445
vt 0.959388 0.534585
vt 0.939730 0.534112
vt 0.805617 0.327679
vt 0.799832 0.329095
vt 0.803878 0.325806
vt 0.889635 0.230636
vt 0.878750 0.222188
vt 0.892958 0.229051
vt 0.783788 0.628865
vt 0.775918 0.626912
vt 0.781960 0.624144
vt 0.956595 0.498346
vt 0.928402 0.481667
vt 0.947913 0.475533
vt 0.920334 0.464299
vt 0.938019 0.457191
vt 0.915482 0.629681
vt 0.890979 0.633888
vt 0.906393 0.623217
vt 0.911189 0.445083
vt 0.929609 0.439764
vt 0.851827 0.574305
vt 0.858147 0.581536
vt 0.847637 0.576833
vt 0.730569 0.519510
vt 0.744782 0.521931
vt 0.727345 0.522961
vt 0.851359 0.464527
vt 0.841870 0.470410
vt 0.843455 0.466460
vt 0.828170 0.305090
vt 0.835799 0.304407
vt 0.835987 0.308528
vt 0.917323 0.590225
vt 0.910217 0.568517
vt 0.765358 0.404670
vt 0.780342 0.390654
vt 0.784549 0.392930
vt 0.913227 0.547949
vt 0.873999 0.412597
vt 0.862332 0.403110
vt 0.820492 0.158495
vt 0.824113 0.145526
vt 0.825602 0.149960
vt 0.853559 0.619381
vt 0.848531 0.612303
vt 0.854577 0.613834
vt 0.859847 0.499586
vt 0.845754 0.498299
vt 0.859148 0.496257
vt 0.739946 0.438786
vt 0.752658 0.429905
vt 0.740804 0.444717
vt 0.934976 0.503070
vt 0.913947 0.491181
vt 0.861999 0.512915
vt 0.848052 0.517749
vt 0.848043 0.514466
vt 0.758513 0.274714
vt 0.753058 0.267810
vt 0.762403 0.272015
vt 0.896291 0.452782
vt 0.822583 0.404105
vt 0.825431 0.407945
vt 0.820090 0.407784
vt 0.886274 0.434895
vt 0.898127 0.431950
vt 0.862378 0.260768
vt 0.871713 0.269951
vt 0.859067 0.261747
vt 0.723754 0.506974
vt 0.727109 0.502714
vt 0.880981 0.628293
vt 0.881469 0.603406
vt 0.890777 0.607991
vt 0.809194 0.139849
vt 0.803241 0.129540
vt 0.813019 0.138969
vt 0.888050 0.583395
vt 0.897912 0.591692
vt 0.883667 0.454660
vt 0.874938 0.443786
vt 0.910438 0.134835
vt 0.900964 0.138843
vt 0.901638 0.133682
vt 0.873274 0.424297
vt 0.866201 0.428560
vt 0.895250 0.545452
vt 0.835585 0.424169
vt 0.830499 0.420701
vt 0.837469 0.419686
vt 0.895936 0.527857
vt 0.911892 0.528295
vt 0.764549 0.236050
vt 0.755081 0.240452
vt 0.752499 0.237199
vt 0.895281 0.509518
vt 0.909819 0.512222
vt 0.820546 0.380343
vt 0.834261 0.390395
vt 0.832945 0.391619
vt 0.860284 0.433531
vt 0.892346 0.564143
vt 0.880596 0.544434
vt 0.819695 0.326285
vt 0.804067 0.332339
vt 0.880586 0.528270
vt 0.846237 0.409236
vt 0.834031 0.403410
vt 0.836137 0.401491
vt 0.877116 0.513176
vt 0.864141 0.561651
vt 0.849500 0.559457
vt 0.863643 0.557953
vt 0.872722 0.495955
vt 0.889489 0.494573
vt 0.874854 0.483569
vt 0.884867 0.481314
vt 0.872278 0.624035
vt 0.871084 0.599878
vt 0.723986 0.546576
vt 0.731857 0.562014
vt 0.726722 0.559825
vt 0.874413 0.579905
vt 0.740536 0.575782
vt 0.731854 0.562021
vt 0.737266 0.564691
vt 0.876954 0.559509
vt 0.767016 0.225395
vt 0.760762 0.218077
vt 0.770214 0.223841
vt 0.850151 0.298807
vt 0.847436 0.295607
vt 0.828732 0.424472
vt 0.861756 0.579089
vt 0.837133 0.098344
vt 0.836446 0.107078
vt 0.832471 0.101368
vt 0.860237 0.289084
vt 0.860099 0.284915
vt 0.747770 0.605175
vt 0.763219 0.614496
vt 0.759503 0.618149
vt 0.773557 0.205573
vt 0.763193 0.208297
vt 0.760313 0.204912
vt 0.839662 0.454890
vt 0.832292 0.444042
vt 0.834528 0.441256
vt 0.842989 0.412909
vt 0.832387 0.405129
vt 0.775227 0.631701
vt 0.777271 0.196058
vt 0.770103 0.186223
vt 0.781451 0.194839
vt 0.871472 0.265620
vt 0.882794 0.258500
vt 0.843572 0.438209
vt 0.836175 0.456042
vt 0.755930 0.288530
vt 0.751950 0.294475
vt 0.749974 0.290253
vt 0.886670 0.242916
vt 0.879850 0.256395
vt 0.812130 0.387458
vt 0.846426 0.501361
vt 0.760787 0.489300
vt 0.748933 0.483613
vt 0.758527 0.484966
vt 0.755470 0.312780
vt 0.756896 0.307637
vt 0.759985 0.310943
vt 0.890145 0.244159
vt 0.789415 0.620830
vt 0.791409 0.625278
vt 0.849489 0.452542
vt 0.852145 0.562765
vt 0.761559 0.504516
vt 0.748818 0.507675
vt 0.746283 0.504839
vt 0.844642 0.615577
vt 0.834111 0.594407
vt 0.843367 0.595189
vt 0.786747 0.179375
vt 0.773972 0.176230
vt 0.772863 0.173038
vt 0.835011 0.577605
vt 0.844099 0.579797
vt 0.748637 0.524710
vt 0.758732 0.517792
vt 0.762485 0.520341
vt 0.762394 0.296378
vt 0.759676 0.292016
vt 0.907388 0.192921
vt 0.903177 0.178766
vt 0.907383 0.179262
vt 0.846697 0.555935
vt 0.836718 0.545222
vt 0.848631 0.544301
vt 0.827398 0.439999
vt 0.822034 0.427484
vt 0.846454 0.533561
vt 0.837541 0.533898
vt 0.816577 0.408814
vt 0.851784 0.544107
vt 0.835900 0.504240
vt 0.791261 0.397280
vt 0.788506 0.401076
vt 0.787090 0.396341
vt 0.759681 0.292011
vt 0.812894 0.409333
vt 0.831038 0.519266
vt 0.820756 0.532584
vt 0.819968 0.518839
vt 0.910854 0.164928
vt 0.908180 0.161295
vt 0.834993 0.615238
vt 0.824826 0.594228
vt 0.826889 0.476584
vt 0.820022 0.485550
vt 0.819595 0.477174
vt 0.824408 0.575518
vt 0.749492 0.535275
vt 0.762821 0.539479
vt 0.746851 0.538221
vt 0.766598 0.254941
vt 0.763000 0.254314
vt 0.821711 0.445574
vt 0.815101 0.459842
vt 0.813988 0.443297
vt 0.847634 0.576828
vt 0.849496 0.559460
vt 0.769901 0.242471
vt 0.767511 0.239404
vt 0.812293 0.577563
vt 0.813591 0.471059
vt 0.804125 0.460272
vt 0.820504 0.563826
vt 0.810984 0.561747
vt 0.805598 0.443724
vt 0.888495 0.178682
vt 0.884174 0.170950
vt 0.892027 0.177000
vt 0.807372 0.425724
vt 0.813437 0.427183
vt 0.810281 0.544260
vt 0.806471 0.534565
vt 0.809425 0.409235
vt 0.806630 0.520304
vt 0.848156 0.595217
vt 0.815846 0.500647
vt 0.804664 0.490500
vt 0.814910 0.491197
vt 0.825771 0.615200
vt 0.814658 0.595100
vt 0.767515 0.239401
vt 0.796006 0.531941
vt 0.794735 0.522031
vt 0.803343 0.408365
vt 0.843986 0.275837
vt 0.838427 0.266167
vt 0.847735 0.275341
vt 0.805522 0.503077
vt 0.794557 0.492066
vt 0.807148 0.617123
vt 0.805228 0.596848
vt 0.801172 0.579512
vt 0.874739 0.516058
vt 0.862140 0.516535
vt 0.798688 0.563952
vt 0.795633 0.456523
vt 0.795401 0.442887
vt 0.797972 0.552287
vt 0.806652 0.551076
vt 0.798097 0.424427
vt 0.781453 0.194844
vt 0.775331 0.208752
vt 0.830586 0.399690
vt 0.789262 0.474570
vt 0.781613 0.461232
vt 0.788992 0.462328
vt 0.785070 0.193398
vt 0.782944 0.181562
vt 0.892545 0.138108
vt 0.892719 0.132502
vt 0.837475 0.419688
vt 0.838078 0.415041
vt 0.792459 0.422855
vt 0.790620 0.537918
vt 0.782628 0.547627
vt 0.780721 0.538017
vt 0.800211 0.406475
vt 0.803067 0.151893
vt 0.800932 0.164917
vt 0.797471 0.165705
vt 0.789158 0.517570
vt 0.776783 0.504963
vt 0.788370 0.507731
vt 0.771687 0.410972
vt 0.775841 0.414511
vt 0.806514 0.153603
vt 0.774974 0.490122
vt 0.776721 0.473173
vt 0.778187 0.521141
vt 0.762419 0.535540
vt 0.801754 0.323426
vt 0.796196 0.324487
vt 0.761054 0.426313
vt 0.762876 0.430849
vt 0.765774 0.475052
vt 0.877434 0.218431
vt 0.864858 0.215694
vt 0.868415 0.213753
vt 0.874450 0.556766
vt 0.780987 0.566938
vt 0.774594 0.581315
vt 0.769186 0.569387
vt 0.832501 0.123259
vt 0.842059 0.106938
vt 0.768173 0.556826
vt 0.777676 0.555287
vt 0.809701 0.312314
vt 0.815029 0.309842
vt 0.815927 0.314209
vt 0.744129 0.471810
vt 0.745947 0.486039
vt 0.751556 0.308923
vt 0.754283 0.308283
vt 0.862415 0.593921
vt 0.865749 0.601312
vt 0.858688 0.596038
vt 0.741744 0.518345
vt 0.744786 0.521926
vt 0.823322 0.292018
vt 0.827864 0.300603
vt 0.819475 0.292970
vt 0.870054 0.493700
vt 0.746792 0.296655
vt 0.741324 0.294657
vt 0.766712 0.151663
vt 0.781444 0.152886
vt 0.782392 0.156718
vt 0.802599 0.381404
vt 0.861795 0.615288
vt 0.864038 0.619992
vt 0.747002 0.560733
vt 0.753833 0.573725
vt 0.749629 0.572195
vt 0.836821 0.286598
vt 0.827870 0.300603
vt 0.827981 0.295462
vt 0.728536 0.484817
vt 0.827394 0.404378
vt 0.732146 0.466682
vt 0.839682 0.288772
vt 0.846966 0.436620
vt 0.852996 0.451668
vt 0.803175 0.124149
vt 0.791475 0.117964
vt 0.798140 0.118223
vt 0.864083 0.247891
vt 0.867172 0.249219
vt 0.854204 0.466323
vt 0.873381 0.236698
vt 0.870651 0.235106
vt 0.750657 0.425076
vt 0.731786 0.434682
vt 0.738355 0.417554
vt 0.779725 0.551405
vt 0.757236 0.397615
vt 0.712095 0.566311
vt 0.707724 0.546445
vt 0.878745 0.222190
vt 0.879933 0.226479
vt 0.827172 0.094383
vt 0.831618 0.090778
vt 0.784597 0.388737
vt 0.886799 0.208417
vt 0.711185 0.481760
vt 0.752010 0.625195
vt 0.716591 0.461784
vt 0.737755 0.611250
vt 0.812508 0.116213
vt 0.808662 0.105498
vt 0.817009 0.116161
vt 0.702652 0.517445
vt 0.688178 0.496848
vt 0.709040 0.502563
vt 0.692883 0.477200
vt 0.763223 0.644197
vt 0.745077 0.634379
vt 0.699169 0.456555
vt 0.726591 0.621739
vt 0.883387 0.206955
vt 0.890610 0.193016
vt 0.886923 0.192392
vt 0.785622 0.582147
vt 0.772968 0.584714
vt 0.774401 0.470217
vt 0.751501 0.390130
vt 0.693042 0.572723
vt 0.687647 0.550404
vt 0.747888 0.252869
vt 0.749205 0.270613
vt 0.752252 0.253196
vt 0.860980 0.216886
vt 0.852806 0.208973
vt 0.864856 0.215689
vt 0.694024 0.283441
vt 0.701261 0.260069
vt 0.705485 0.277069
vt 0.733801 0.094354
vt 0.734225 0.128531
vt 0.718664 0.111467
vt 0.799171 0.622034
vt 0.796760 0.617505
vt 0.719762 0.308896
vt 0.741937 0.318891
vt 0.738153 0.321919
vt 0.757776 0.219569
vt 0.849560 0.113031
vt 0.864955 0.107020
vt 0.856509 0.118591
vt 0.895674 0.319392
vt 0.881803 0.308977
vt 0.885635 0.306246
vt 0.951476 0.159948
vt 0.936474 0.159192
vt 0.949955 0.154890
vt 0.820714 0.071599
vt 0.840146 0.076289
vt 0.824303 0.082765
vt 0.765278 0.187206
vt 0.863104 0.182310
vt 0.869974 0.190012
vt 0.861708 0.185648
vt 0.685498 0.226986
vt 0.706049 0.208493
vt 0.702774 0.231063
vt 0.775173 0.533153
vt 0.822422 0.273280
vt 0.824356 0.281164
vt 0.818304 0.273349
vt 0.886742 0.476989
vt 0.712782 0.193954
vt 0.724470 0.212074
vt 0.804781 0.088090
vt 0.802241 0.081208
vt 0.721648 0.230234
vt 0.792788 0.144862
vt 0.789948 0.142221
vt 0.723267 0.252567
vt 0.708770 0.249876
vt 0.750208 0.106863
vt 0.779058 0.108409
vt 0.763705 0.122597
vt 0.953204 0.242328
vt 0.933512 0.245872
vt 0.931596 0.241203
vt 0.753594 0.139694
vt 0.717899 0.281093
vt 0.733979 0.296563
vt 0.724648 0.300273
vt 0.729678 0.146843
vt 0.742860 0.156293
vt 0.747097 0.316754
vt 0.803234 0.129540
vt 0.803134 0.135044
vt 0.873423 0.130069
vt 0.886563 0.117348
vt 0.881851 0.132153
vt 0.828079 0.265029
vt 0.836358 0.269095
vt 0.872967 0.641503
vt 0.726480 0.273409
vt 0.756653 0.166874
vt 0.750328 0.313767
vt 0.882156 0.157869
vt 0.879465 0.150111
vt 0.886332 0.156317
vt 0.816515 0.615616
vt 0.810648 0.631299
vt 0.763498 0.331861
vt 0.735269 0.180829
vt 0.744815 0.199339
vt 0.727253 0.193005
vt 0.789440 0.640711
vt 0.741269 0.216252
vt 0.836640 0.246789
vt 0.845672 0.255016
vt 0.833557 0.247614
vt 0.807330 0.341267
vt 0.784424 0.344593
vt 0.805803 0.336334
vt 0.835162 0.396171
vt 0.736404 0.252180
vt 0.785839 0.117532
vt 0.778078 0.128220
vt 0.737636 0.271592
vt 0.765899 0.128257
vt 0.885105 0.137171
vt 0.738201 0.234772
vt 0.807120 0.111051
vt 0.763110 0.471905
vt 0.857865 0.225649
vt 0.848005 0.227103
vt 0.846939 0.224143
vt 0.845492 0.416225
vt 0.749927 0.181470
vt 0.853790 0.097186
vt 0.826197 0.629205
vt 0.782962 0.105021
vt 0.791476 0.117956
vt 0.849821 0.242883
vt 0.840434 0.235297
vt 0.852980 0.241925
vt 0.871985 0.111280
vt 0.863579 0.123188
vt 0.930466 0.135027
vt 0.935446 0.118263
vt 0.939521 0.130505
vt 0.759104 0.507937
vt 0.725051 0.227775
vt 0.734883 0.229322
vt 0.790344 0.325809
vt 0.796193 0.324480
vt 0.791573 0.327018
vt 0.808747 0.308136
vt 0.864611 0.444928
vt 0.873252 0.447581
vt 0.863069 0.448343
vt 0.727827 0.215997
vt 0.780200 0.339935
vt 0.777920 0.257020
vt 0.863629 0.424965
vt 0.766223 0.269527
vt 0.773482 0.272199
vt 0.765398 0.570345
vt 0.765174 0.554549
vt 0.822555 0.088635
vt 0.807587 0.174920
vt 0.801224 0.186318
vt 0.764109 0.311348
vt 0.795209 0.199168
vt 0.850183 0.632494
vt 0.827933 0.280690
vt 0.804082 0.633814
vt 0.838053 0.129287
vt 0.775645 0.336427
vt 0.791136 0.321845
vt 0.813324 0.192424
vt 0.806260 0.205759
vt 0.768487 0.638055
vt 0.771229 0.652740
vt 0.747534 0.177713
vt 0.855656 0.432770
vt 0.911808 0.120425
vt 0.844516 0.250523
vt 0.844978 0.137144
vt 0.779930 0.241525
vt 0.793400 0.234519
vt 0.792401 0.245606
vt 0.783744 0.317002
vt 0.772231 0.333657
vt 0.788086 0.259892
vt 0.831447 0.154056
vt 0.827595 0.162627
vt 0.781881 0.274941
vt 0.788300 0.486925
vt 0.778898 0.492818
vt 0.757806 0.138914
vt 0.769330 0.147532
vt 0.820367 0.179395
vt 0.847992 0.159824
vt 0.840444 0.151430
vt 0.798123 0.263854
vt 0.802810 0.614572
vt 0.789719 0.279705
vt 0.829212 0.170802
vt 0.833309 0.187588
vt 0.753060 0.168019
vt 0.740186 0.160202
vt 0.825586 0.198315
vt 0.859257 0.228618
vt 0.819854 0.210378
vt 0.843802 0.083020
vt 0.780263 0.315166
vt 0.767994 0.332292
vt 0.776163 0.313448
vt 0.814280 0.219673
vt 0.805689 0.217369
vt 0.894595 0.118695
vt 0.872094 0.481340
vt 0.854180 0.141400
vt 0.779274 0.502538
vt 0.791427 0.505120
vt 0.867747 0.201581
vt 0.871142 0.202326
vt 0.841551 0.630433
vt 0.780780 0.523515
vt 0.858765 0.102283
vt 0.817269 0.226971
vt 0.821167 0.238378
vt 0.813286 0.234770
vt 0.872884 0.188585
vt 0.858756 0.164615
vt 0.839600 0.172893
vt 0.851352 0.179643
vt 0.804408 0.270168
vt 0.799551 0.283176
vt 0.843614 0.188671
vt 0.793110 0.299465
vt 0.787008 0.297003
vt 0.876870 0.544030
vt 0.876711 0.528689
vt 0.793036 0.534566
vt 0.869076 0.168522
vt 0.880404 0.172487
vt 0.791520 0.547599
vt 0.779730 0.551408
vt 0.788359 0.437929
vt 0.791683 0.444809
vt 0.784436 0.439642
vt 0.835877 0.217818
vt 0.851673 0.211995
vt 0.865967 0.637788
vt 0.737469 0.219287
vt 0.839622 0.231941
vt 0.832260 0.227842
vt 0.782186 0.644219
vt 0.865788 0.147260
vt 0.875198 0.151367
vt 0.835168 0.396169
vt 0.828566 0.229336
vt 0.920571 0.121010
vt 0.920107 0.137330
vt 0.841571 0.239328
vt 0.792353 0.459033
vt 0.841435 0.208819
vt 0.747005 0.321844
vt 0.873737 0.418871
vt 0.796243 0.404050
vt 0.778883 0.132576
vt 0.820395 0.060603
vt 0.837894 0.068228
vt 0.895798 0.568604
vt 0.788183 0.421599
vt 0.818351 0.629787
vt 0.892265 0.581524
vt 0.903122 0.589684
vt 0.879546 0.115151
vt 0.779423 0.457808
vt 0.894470 0.457046
vt 0.882161 0.458553
vt 0.744319 0.323623
vt 0.852476 0.182896
vt 0.897577 0.640682
vt 0.880113 0.646547
vt 0.724703 0.148405
vt 0.800674 0.375723
vt 0.777875 0.535643
vt 0.897739 0.506315
vt 0.913206 0.508625
vt 0.777872 0.535647
vt 0.721072 0.271474
vt 0.820406 0.321702
vt 0.784563 0.566221
vt 0.858019 0.634572
vt 0.851236 0.409373
vt 0.782314 0.579151
vt 0.826374 0.325737
vt 0.719958 0.256521
vt 0.704658 0.254928
vt 0.827380 0.261957
vt 0.770138 0.099147
vt 0.834161 0.629396
vt 0.807906 0.384461
vt 0.792681 0.401755
vt 0.840430 0.235298
vt 0.848722 0.090185
vt 0.808447 0.547573
vt 0.919635 0.180373
vt 0.859387 0.307938
vt 0.916872 0.194446
vt 0.842432 0.318228
vt 0.896145 0.271244
vt 0.900064 0.293077
vt 0.886222 0.281321
vt 0.925210 0.155272
vt 0.931652 0.154285
vt 0.877736 0.294517
vt 0.795249 0.079403
vt 0.893424 0.493213
vt 0.862164 0.317753
vt 0.851042 0.324650
vt 0.922461 0.202955
vt 0.935493 0.220658
vt 0.917103 0.217798
vt 0.725184 0.189360
vt 0.912567 0.234687
vt 0.827313 0.340993
vt 0.808440 0.345167
vt 0.909161 0.248540
vt 0.920124 0.254379
vt 0.796780 0.637227
vt 0.786674 0.349086
vt 0.903186 0.119623
vt 0.801418 0.462680
vt 0.792357 0.459038
vt 0.954097 0.221665
vt 0.808847 0.349264
vt 0.928112 0.120291
vt 0.776623 0.647972
vt 0.804585 0.487158
vt 0.940607 0.181714
vt 0.954097 0.181589
vt 0.936189 0.199889
vt 0.953575 0.200506
vt 0.834510 0.190525
vt 0.761817 0.851816
vt 0.824626 0.832729
vt 0.766721 0.863717
vt 0.698146 0.871106
vt 0.708067 0.895024
vt 0.773885 0.874411
vt 0.722435 0.916550
vt 0.740732 0.934873
vt 0.782996 0.883503
vt 0.793704 0.890643
vt 0.762262 0.949282
vt 0.786200 0.959218
vt 0.805598 0.895557
vt 0.818223 0.898054
vt 0.811628 0.964294
vt 0.831095 0.898084
vt 0.837546 0.964290
vt 0.843718 0.895560
vt 0.862955 0.959254
vt 0.855605 0.890622
vt 0.886904 0.949354
vt 0.866299 0.883460
vt 0.908472 0.934964
vt 0.875387 0.874349
vt 0.926824 0.916631
vt 0.882519 0.863638
vt 0.941251 0.895053
vt 0.887465 0.851756
vt 0.951164 0.871072
vt 0.889995 0.839134
vt 0.956199 0.845649
vt 0.889971 0.826260
vt 0.956199 0.819740
vt 0.951139 0.794308
vt 0.887435 0.813641
vt 0.882526 0.801743
vt 0.941197 0.770365
vt 0.875388 0.791026
vt 0.926794 0.748847
vt 0.866269 0.781937
vt 0.908493 0.730538
vt 0.855555 0.774800
vt 0.886961 0.716140
vt 0.843656 0.769890
vt 0.863019 0.706213
vt 0.831030 0.767399
vt 0.837585 0.701146
vt 0.818162 0.767423
vt 0.811633 0.701145
vt 0.805536 0.769914
vt 0.786189 0.706230
vt 0.793659 0.774868
vt 0.762226 0.716167
vt 0.782953 0.782007
vt 0.740675 0.730607
vt 0.773845 0.791101
vt 0.722376 0.748958
vt 0.766686 0.801799
vt 0.708022 0.770504
vt 0.698124 0.794427
vt 0.761788 0.813703
vt 0.759261 0.826325
vt 0.693098 0.819822
vt 0.759285 0.839198
vt 0.693098 0.845703
vt 0.842393 0.383889
vt 0.860582 0.395293
vt 0.840855 0.387674
vt 0.960059 0.528407
vt 0.935525 0.508331
vt 0.958391 0.503482
vt 0.823906 0.375844
vt 0.933822 0.604432
vt 0.906179 0.617661
vt 0.919067 0.595454
vt 0.912170 0.415188
vt 0.912485 0.439825
vt 0.899510 0.426876
vt 0.930551 0.580637
vt 0.947248 0.583482
vt 0.884941 0.410889
vt 0.892812 0.400809
vt 0.887302 0.430311
vt 0.873744 0.418872
vt 0.929343 0.546160
vt 0.916770 0.527893
vt 0.936722 0.529727
vt 0.838528 0.391484
vt 0.913211 0.508630
vt 0.918291 0.468246
vt 0.909732 0.489132
vt 0.904026 0.469696
vt 0.891121 0.628533
vt 0.895672 0.610402
vt 0.903126 0.589690
vt 0.905489 0.572191
vt 0.857724 0.403641
vt 0.815941 0.384336
vt 0.868010 0.464322
vt 0.857291 0.482492
vt 0.863627 0.543703
vt 0.862902 0.529574
vt 0.827394 0.404372
vt 0.848446 0.531128
vt 0.843885 0.485099
vt 0.830457 0.487705
vt 0.829689 0.473754
vt 0.826338 0.458121
vt 0.835736 0.574056
vt 0.836207 0.559127
vt 0.824934 0.442820
vt 0.834943 0.530939
vt 0.833539 0.516735
vt 0.820103 0.430932
vt 0.817129 0.440753
vt 0.816055 0.431448
vt 0.833309 0.545368
vt 0.823355 0.534857
vt 0.834939 0.530943
vt 0.833313 0.502304
vt 0.819872 0.515619
vt 0.818448 0.502590
vt 0.817718 0.488601
vt 0.818000 0.461952
vt 0.826842 0.572828
vt 0.822796 0.561230
vt 0.821396 0.546218
vt 0.816197 0.473999
vt 0.804599 0.474521
vt 0.813148 0.559141
vt 0.808451 0.547575
vt 0.805809 0.506110
vt 0.805733 0.413832
vt 0.802471 0.420784
vt 0.804036 0.413164
vt 0.806147 0.517116
vt 0.791430 0.505124
vt 0.792714 0.474708
vt 0.804468 0.536924
vt 0.795058 0.550034
vt 0.793040 0.534569
vt 0.800783 0.597601
vt 0.797484 0.580169
vt 0.795182 0.564290
vt 0.795055 0.550038
vt 0.791960 0.519750
vt 0.791236 0.489618
vt 0.790630 0.599896
vt 0.781085 0.603156
vt 0.766881 0.454532
vt 0.773597 0.436432
vt 0.782454 0.419025
vt 0.754956 0.450546
vt 0.761031 0.591481
vt 0.748696 0.557163
vt 0.772201 0.607941
vt 0.747709 0.469352
vt 0.748434 0.600484
vt 0.733741 0.462536
vt 0.738969 0.581085
vt 0.726797 0.543036
vt 0.734843 0.607091
vt 0.723377 0.589012
vt 0.714078 0.570957
vt 0.761179 0.393487
vt 0.780518 0.386286
vt 0.707342 0.541593
vt 0.705713 0.521351
vt 0.711626 0.506073
vt 0.726866 0.436248
vt 0.718104 0.457227
vt 0.710623 0.428513
vt 0.706833 0.599666
vt 0.732781 0.418255
vt 0.725174 0.408752
vt 0.694302 0.577899
vt 0.756098 0.386465
vt 0.779353 0.381972
vt 0.683917 0.524239
vt 0.697912 0.289392
vt 0.718974 0.299662
vt 0.714471 0.306214
vt 0.701225 0.139768
vt 0.728778 0.129988
vt 0.692402 0.162175
vt 0.714515 0.169126
vt 0.759528 0.336283
vt 0.741118 0.326314
vt 0.690182 0.186057
vt 0.710136 0.190095
vt 0.703504 0.204514
vt 0.691205 0.203363
vt 0.790160 0.064604
vt 0.814793 0.068479
vt 0.771099 0.093339
vt 0.762043 0.074785
vt 0.686269 0.254550
vt 0.699075 0.234908
vt 0.704651 0.254923
vt 0.751109 0.100931
vt 0.737372 0.088699
vt 0.711914 0.279223
vt 0.733300 0.176967
vt 0.802390 0.093292
vt 0.827730 0.123589
vt 0.778094 0.238571
vt 0.834758 0.132222
vt 0.817376 0.159407
vt 0.809569 0.171643
vt 0.772135 0.275737
vt 0.768556 0.293114
vt 0.793585 0.202118
vt 0.788962 0.214652
vt 0.784231 0.228526
vt 0.768885 0.311708
vt 0.775949 0.293944
vt 0.772557 0.312251
vt 0.803362 0.207242
vt 0.802760 0.219045
vt 0.796484 0.232335
vt 0.840663 0.138029
vt 0.836269 0.152521
vt 0.819519 0.175993
vt 0.780181 0.278440
vt 0.828227 0.166979
vt 0.843200 0.160206
vt 0.838524 0.169740
vt 0.782498 0.295706
vt 0.815630 0.223375
vt 0.809814 0.236643
vt 0.795512 0.244262
vt 0.803534 0.250505
vt 0.828385 0.199904
vt 0.833224 0.216480
vt 0.822413 0.211732
vt 0.828564 0.229331
vt 0.815634 0.223373
vt 0.859029 0.138977
vt 0.869104 0.132440
vt 0.863883 0.142429
vt 0.822296 0.241165
vt 0.815971 0.255448
vt 0.801520 0.262760
vt 0.807934 0.269223
vt 0.840382 0.205966
vt 0.803391 0.284603
vt 0.811217 0.288183
vt 0.856704 0.197530
vt 0.844826 0.191764
vt 0.796934 0.301170
vt 0.802848 0.304134
vt 0.787680 0.319422
vt 0.897287 0.159028
vt 0.904401 0.195392
vt 0.899268 0.212734
vt 0.913476 0.216716
vt 0.908588 0.233625
vt 0.905666 0.249993
vt 0.895686 0.267345
vt 0.883163 0.278746
vt 0.916223 0.141401
vt 0.922004 0.159865
vt 0.872758 0.294571
vt 0.922010 0.159869
vt 0.935914 0.181191
vt 0.923832 0.180786
vt 0.863485 0.308596
vt 0.866132 0.318940
vt 0.933096 0.196449
vt 0.919425 0.199071
vt 0.841928 0.323453
vt 0.831210 0.338840
vt 0.825523 0.331070
vt 0.910879 0.276567
vt 0.855331 0.339913
vt 0.834089 0.346785
vt 0.942635 0.273027
vt 0.921113 0.259991
vt 0.926320 0.290240
vt 0.904926 0.291928
vt 0.912476 0.301016
vt 0.942207 0.134681
vt 0.891985 0.322532
vt 0.873370 0.331504
vt 0.850754 0.330120
vt 0.785652 0.231412
vt 0.838393 0.556540
vt 0.765736 0.296218
vt 0.831669 0.528660
vt 0.919420 0.199074
vt 0.833536 0.516732
vt 0.828223 0.485654
vt 0.823486 0.456130
vt 0.867411 0.295481
vt 0.762406 0.272020
vt 0.823508 0.335801
vt 0.825516 0.331069
vt 0.836271 0.152527
vt 0.828222 0.166980
vt 0.909296 0.140184
vt 0.918151 0.165134
vt 0.836547 0.514123
vt 0.765875 0.398799
vt 0.935581 0.138409
vt 0.936468 0.159199
vt 0.941243 0.163387
vt 0.818933 0.543943
vt 0.816201 0.473995
vt 0.905963 0.278187
vt 0.940531 0.373216
vt 0.923237 0.373060
vt 0.940096 0.369382
vt 0.940573 0.368506
vt 0.923010 0.366855
vt 0.940608 0.364648
vt 0.923185 0.345554
vt 0.940765 0.347319
vt 0.923150 0.349413
vt 0.940659 0.359028
vt 0.923090 0.357330
vt 0.940694 0.355170
vt 0.824930 0.442817
vt 0.686835 0.162332
vt 0.684695 0.186105
vt 0.687572 0.207892
vt 0.872759 0.294577
vt 0.923074 0.359750
vt 0.940638 0.361403
vt 0.923039 0.363609
vt 0.954375 0.383681
vt 0.954375 0.366042
vt 0.958047 0.367227
vt 0.953495 0.310374
vt 0.953495 0.328054
vt 0.949835 0.326830
vt 0.684174 0.518698
vt 0.946162 0.277285
vt 0.800246 0.251779
vt 0.958199 0.310890
vt 0.954375 0.328110
vt 0.954375 0.310374
vt 0.786451 0.281281
vt 0.958048 0.384561
vt 0.958048 0.402199
vt 0.954375 0.401015
vt 0.730623 0.405031
vt 0.829435 0.348177
vt 0.806776 0.471949
vt 0.912231 0.305404
vt 0.948184 0.577024
vt 0.805627 0.421986
vt 0.940396 0.388179
vt 0.923503 0.391885
vt 0.923538 0.388027
vt 0.817714 0.488597
vt 0.940477 0.335529
vt 0.923294 0.331535
vt 0.940906 0.331694
vt 0.919101 0.624506
vt 0.923229 0.373940
vt 0.940523 0.374096
vt 0.939628 0.377850
vt 0.928031 0.433807
vt 0.886984 0.625317
vt 0.929785 0.294447
vt 0.908187 0.586536
vt 0.711912 0.279231
vt 0.916868 0.543942
vt 0.923213 0.340993
vt 0.940820 0.341152
vt 0.939631 0.344823
vt 0.686601 0.259546
vt 0.713679 0.115925
vt 0.905860 0.465557
vt 0.863790 0.387328
vt 0.881683 0.407503
vt 0.815243 0.060281
vt 0.791963 0.519746
vt 0.794091 0.502297
vt 0.683917 0.232343
vt 0.791239 0.489614
vt 0.824584 0.230781
vt 0.864582 0.130514
vt 0.916932 0.504506
vt 0.922894 0.480256
vt 0.953189 0.248534
vt 0.836450 0.058274
vt 0.887588 0.652740
vt 0.700281 0.451395
vt 0.722691 0.618244
vt 0.686188 0.545657
vt 0.923495 0.392765
vt 0.940353 0.392918
vt 0.940318 0.396776
vt 0.949823 0.366003
vt 0.953495 0.382457
vt 0.949823 0.383644
vt 0.953495 0.346602
vt 0.949831 0.330146
vt 0.953495 0.328934
vt 0.954375 0.328990
vt 0.958044 0.345445
vt 0.954375 0.346641
vt 0.953495 0.365123
vt 0.949823 0.348669
vt 0.953495 0.347482
vt 0.923698 0.330659
vt 0.923336 0.326817
vt 0.940948 0.326976
vt 0.923226 0.340112
vt 0.923261 0.336254
vt 0.940843 0.338626
vt 0.949823 0.384524
vt 0.953496 0.400978
vt 0.949823 0.402163
vt 0.923742 0.325940
vt 0.923378 0.322099
vt 0.940991 0.322258
vt 0.923584 0.382424
vt 0.923224 0.378582
vt 0.940481 0.378738
vt 0.954375 0.347521
vt 0.958047 0.363975
vt 0.954375 0.365162
vt 0.923542 0.387146
vt 0.923220 0.383301
vt 0.940438 0.383456
vt 0.923517 0.354134
vt 0.923152 0.350293
vt 0.940736 0.350452
s 0
usemtl マテリアル
f 419/1/1 11/2/1 12/3/1
f 421/4/2 20/5/2 422/6/2
f 3/7/3 12/3/3 13/8/3
f 388/9/4 855/10/4 375/11/4
f 380/12/5 847/13/5 861/14/5
f 165/15/6 662/16/6 648/17/6
f 4/18/7 15/19/7 5/20/7
f 5/20/8 16/21/8 420/22/8
f 1/23/9 8/24/9 9/25/9
f 420/22/10 17/26/10 6/27/10
f 75/28/11 548/29/11 562/30/11
f 182/31/12 654/32/12 668/33/12
f 68/34/13 569/35/13 81/36/13
f 373/37/14 867/38/14 386/39/14
f 10/40/15 24/41/15 11/2/15
f 188/42/16 674/43/16 189/44/16
f 11/2/17 25/45/17 12/3/17
f 20/5/18 32/46/18 33/47/18
f 289/48/19 767/49/19 288/50/19
f 62/51/20 560/52/20 546/53/20
f 67/54/21 567/55/21 553/56/21
f 186/57/22 672/58/22 671/59/22
f 14/60/23 28/61/23 15/19/23
f 66/62/24 566/63/24 79/64/24
f 283/65/25 749/66/25 763/67/25
f 16/21/26 30/68/26 17/26/26
f 72/69/27 573/70/27 85/71/27
f 17/26/28 31/72/28 18/73/28
f 370/74/29 864/75/29 850/76/29
f 182/31/30 669/77/30 183/78/30
f 21/79/31 36/80/31 22/81/31
f 274/82/32 740/83/32 754/84/32
f 22/81/33 37/85/33 23/86/33
f 31/72/34 44/87/34 45/88/34
f 376/89/35 842/90/35 363/91/35
f 32/92/36 45/88/36 46/93/36
f 24/41/37 39/94/37 25/45/37
f 71/95/38 572/96/38 558/97/38
f 25/45/39 40/98/39 26/99/39
f 281/100/40 747/101/40 267/102/40
f 26/99/41 41/103/41 27/104/41
f 7/105/42 34/106/42 48/107/42
f 45/88/43 59/108/43 46/93/43
f 38/109/44 53/110/44 39/94/44
f 388/9/45 868/111/45 869/112/45
f 40/98/46 53/110/46 54/113/46
f 47/114/47 61/115/47 48/116/47
f 41/103/48 54/113/48 55/117/48
f 65/118/49 563/119/49 549/120/49
f 41/103/50 56/121/50 42/122/50
f 42/122/51 57/123/51 43/124/51
f 35/125/52 50/126/52 36/80/52
f 181/127/53 666/128/53 180/129/53
f 36/80/54 51/130/54 37/85/54
f 179/131/55 666/132/55 180/133/55
f 37/85/56 52/134/56 38/109/56
f 280/135/57 746/136/57 760/137/57
f 385/138/58 867/38/58 866/139/58
f 85/71/59 572/96/59 84/140/59
f 50/126/60 64/141/60 51/130/60
f 258/142/61 752/143/61 738/144/61
f 52/134/62 64/141/62 65/118/62
f 384/145/63 866/139/63 865/146/63
f 178/147/64 663/148/64 177/149/64
f 279/150/65 745/151/65 265/152/65
f 82/153/66 571/154/66 83/155/66
f 60/156/67 72/157/67 61/115/67
f 177/149/68 662/16/68 176/158/68
f 278/159/69 744/160/69 758/161/69
f 55/117/70 67/54/70 56/121/70
f 383/162/71 863/163/71 864/75/71
f 70/164/72 84/140/72 71/95/72
f 81/36/73 570/165/73 82/153/73
f 284/166/74 750/167/74 270/168/74
f 381/169/75 863/163/75 382/170/75
f 7/171/24 72/69/24 85/71/24
f 66/62/76 80/172/76 67/54/76
f 162/173/77 656/174/77 642/175/77
f 271/176/78 765/177/78 285/178/78
f 380/12/79 862/179/79 381/169/79
f 165/15/80 634/180/80 155/181/80
f 68/34/81 82/153/81 69/182/81
f 65/118/82 75/28/82 76/183/82
f 69/182/83 83/155/83 70/164/83
f 161/184/84 655/185/84 170/186/84
f 73/187/85 87/188/85 74/189/85
f 277/190/86 743/191/86 263/192/86
f 74/189/87 88/193/87 75/194/87
f 169/195/88 640/196/88 160/197/88
f 284/198/89 765/177/89 764/199/89
f 379/200/90 858/201/90 378/202/90
f 76/203/91 90/204/91 77/205/91
f 84/140/92 97/206/92 98/207/92
f 78/208/93 90/204/93 91/209/93
f 84/140/94 99/210/94 85/71/94
f 78/208/95 564/211/95 77/205/95
f 7/171/96 85/71/96 99/210/96
f 79/64/97 93/212/97 80/172/97
f 164/213/98 661/214/98 175/215/98
f 283/65/99 764/216/99 284/166/99
f 98/207/100 113/217/100 99/210/100
f 92/218/101 105/219/101 106/220/101
f 7/171/102 99/210/102 113/217/102
f 377/221/103 858/201/103 857/222/103
f 77/205/104 563/119/104 76/203/104
f 86/223/105 101/224/105 87/188/105
f 95/225/106 108/226/106 109/227/106
f 87/188/107 102/228/107 88/193/107
f 168/229/108 639/230/108 653/231/108
f 282/232/109 763/67/109 762/233/109
f 97/234/110 110/235/110 111/236/110
f 76/183/111 562/237/111 563/238/111
f 281/239/112 762/233/112 761/240/112
f 101/224/113 116/241/113 102/228/113
f 109/242/114 124/243/114 110/235/114
f 103/244/115 116/241/115 117/245/115
f 111/236/116 124/243/116 125/246/116
f 364/247/117 830/248/117 844/249/117
f 111/236/118 126/250/118 112/251/118
f 105/219/119 118/252/119 119/253/119
f 112/251/120 127/254/120 113/217/120
f 106/220/121 119/253/121 120/255/121
f 7/171/122 113/217/122 127/254/122
f 75/194/123 561/256/123 74/189/123
f 107/257/124 122/258/124 108/259/124
f 100/260/125 115/261/125 101/224/125
f 280/135/126 761/262/126 281/100/126
f 120/255/127 133/263/127 134/264/127
f 7/171/128 127/254/128 141/265/128
f 371/266/129 837/267/129 851/268/129
f 121/269/130 136/270/130 122/258/130
f 115/261/131 128/271/131 129/272/131
f 74/189/132 560/52/132 73/187/132
f 115/261/133 130/273/133 116/241/133
f 66/62/134 538/274/134 552/275/134
f 117/245/135 130/273/135 131/276/135
f 125/246/136 138/277/136 139/278/136
f 117/245/137 132/279/137 118/280/137
f 125/246/138 140/281/138 126/250/138
f 279/150/139 758/282/139 759/283/139
f 72/157/140 545/284/140 61/115/140
f 137/285/141 151/286/141 138/287/141
f 278/288/142 757/289/142 277/190/142
f 363/91/143 828/290/143 349/291/143
f 60/156/144 558/292/144 71/293/144
f 139/278/145 153/294/145 140/281/145
f 133/295/146 145/296/146 146/297/146
f 140/281/147 154/298/147 141/265/147
f 275/299/148 756/300/148 276/301/148
f 7/171/149 141/265/149 154/298/149
f 134/302/150 148/303/150 135/304/150
f 174/305/151 661/214/151 660/306/151
f 274/82/152 755/307/152 275/299/152
f 137/285/153 149/308/153 150/309/153
f 147/310/154 159/311/154 160/197/154
f 362/312/155 855/10/155 841/313/155
f 147/310/156 161/184/156 148/303/156
f 148/303/157 162/173/157 149/308/157
f 173/314/158 660/306/158 659/315/158
f 150/309/159 162/173/159 163/316/159
f 367/317/160 833/318/160 354/319/160
f 65/118/161 535/320/161 52/134/161
f 144/321/162 156/322/162 157/323/162
f 273/324/163 752/143/163 272/325/163
f 144/321/143 158/326/143 145/327/143
f 361/328/164 854/329/164 374/330/164
f 172/331/165 656/174/165 171/332/165
f 271/176/166 737/333/166 751/334/166
f 63/335/167 534/336/167 547/337/167
f 169/338/168 655/185/168 654/339/168
f 360/340/169 853/341/169 839/342/169
f 67/54/170 539/343/170 56/121/170
f 168/229/171 654/32/171 169/195/171
f 270/168/172 736/344/172 256/345/172
f 248/346/173 742/347/173 262/348/173
f 160/197/174 168/229/174 169/195/174
f 7/349/175 164/213/175 175/215/175
f 373/37/176 854/329/176 853/341/176
f 161/184/177 171/332/177 162/173/177
f 62/51/178 533/350/178 49/351/178
f 167/352/179 651/353/179 166/354/179
f 372/355/180 853/356/180 373/357/180
f 7/349/181 175/215/181 189/44/181
f 169/338/182 183/78/182 170/186/182
f 170/186/183 184/358/183 171/332/183
f 71/293/184 559/359/184 72/157/184
f 172/331/185 184/358/185 185/360/185
f 371/266/186 852/361/186 372/355/186
f 70/164/187 558/292/187 557/362/187
f 69/182/188 557/362/188 556/363/188
f 260/364/189 729/365/189 246/366/189
f 166/354/190 180/133/190 167/352/190
f 173/314/191 188/42/191 174/305/191
f 370/74/192 849/367/192 369/368/192
f 174/305/193 189/44/193 175/215/193
f 68/34/194 556/363/194 555/369/194
f 368/370/195 849/367/195 848/371/195
f 187/372/196 199/373/196 200/374/196
f 158/326/197 624/375/197 145/327/197
f 187/372/198 201/376/198 188/42/198
f 181/127/199 193/377/199 194/378/199
f 368/370/200 847/379/200 367/380/200
f 258/142/44 727/381/44 244/382/44
f 7/349/201 189/44/201 202/383/201
f 367/317/202 846/384/202 847/13/202
f 183/78/203 197/385/203 184/358/203
f 176/158/204 191/386/204 177/149/204
f 185/360/205 197/385/205 198/387/205
f 177/149/206 192/388/206 178/147/206
f 259/389/207 728/390/207 739/391/207
f 195/392/208 210/393/208 196/394/208
f 196/394/209 211/395/209 197/385/209
f 191/386/210 203/396/210 204/397/210
f 198/387/211 211/395/211 212/398/211
f 191/386/212 205/399/212 192/388/212
f 366/400/213 845/401/213 846/384/213
f 364/247/214 845/401/214 365/402/214
f 156/322/215 622/403/215 636/404/215
f 163/316/216 629/405/216 150/309/216
f 200/374/217 215/406/217 201/376/217
f 194/378/218 207/407/218 208/408/218
f 268/409/219 749/66/219 269/410/219
f 268/409/220 747/101/220 748/411/220
f 354/412/221 819/413/221 833/414/221
f 214/415/222 226/416/222 227/417/222
f 206/418/223 221/419/223 207/420/223
f 63/335/224 548/29/224 64/141/224
f 142/421/225 634/180/225 620/422/225
f 215/423/226 229/424/226 216/425/226
f 265/152/227 746/136/227 266/426/227
f 286/427/228 469/428/228 299/429/228
f 6/430/229 892/431/229 412/432/229
f 1/433/230 885/434/230 507/435/230
f 217/436/231 459/437/231 230/438/231
f 264/439/232 743/191/232 744/160/232
f 341/440/233 831/441/233 817/442/233
f 212/443/234 224/444/234 225/445/234
f 146/446/235 639/230/235 159/311/235
f 347/447/236 838/448/236 824/449/236
f 57/123/237 527/450/237 43/124/237
f 223/451/238 238/452/238 224/444/238
f 217/436/239 231/453/239 218/454/239
f 225/445/240 238/452/240 239/455/240
f 261/456/241 742/347/241 741/457/241
f 225/445/242 240/458/242 226/459/242
f 220/460/243 232/461/243 233/462/243
f 3/463/244 888/464/244 408/465/244
f 220/460/245 234/466/245 221/419/245
f 227/467/246 242/468/246 228/469/246
f 222/470/247 234/466/247 235/471/247
f 228/469/248 243/472/248 229/424/248
f 261/456/249 740/473/249 260/474/249
f 325/475/250 475/476/250 338/477/250
f 346/478/251 837/267/251 358/479/251
f 259/389/252 740/83/252 260/364/252
f 8/24/253 427/480/253 21/79/253
f 241/481/254 256/345/254 242/468/254
f 235/471/255 248/346/255 249/482/255
f 243/472/256 256/345/256 257/483/256
f 350/484/257 816/485/257 829/486/257
f 114/487/258 443/488/258 128/271/258
f 7/489/259 243/472/259 257/483/259
f 236/490/260 251/491/260 237/492/260
f 155/181/261 449/493/261 165/15/261
f 237/492/262 252/494/262 238/452/262
f 345/495/263 836/496/263 822/497/263
f 402/498/264 903/499/264 883/500/264
f 48/116/265 545/284/265 532/501/265
f 239/455/266 254/502/266 240/458/266
f 233/462/267 246/503/267 247/504/267
f 241/481/268 254/502/268 255/505/268
f 247/504/269 717/506/269 233/462/269
f 349/291/270 815/507/270 338/477/270
f 253/508/271 266/426/271 267/102/271
f 245/509/272 260/364/272 246/366/272
f 253/508/273 268/409/273 254/502/273
f 163/316/274 642/175/274 643/510/274
f 255/505/275 268/409/275 269/410/275
f 355/511/276 820/512/276 343/513/276
f 255/505/277 270/168/277 256/345/277
f 249/482/278 262/348/278 263/192/278
f 47/114/271 544/514/271 60/156/271
f 250/515/279 263/192/279 264/439/279
f 258/142/280 465/516/280 272/325/280
f 7/489/281 257/483/281 271/176/281
f 250/515/282 265/152/282 251/491/282
f 86/223/283 439/517/283 100/260/283
f 251/491/284 266/426/284 252/494/284
f 263/192/74 276/301/74 277/190/74
f 246/503/285 716/518/285 729/519/285
f 356/520/286 821/521/286 835/522/286
f 299/429/287 471/523/287 311/524/287
f 7/489/288 271/176/288 285/178/288
f 264/439/289 279/150/289 265/152/289
f 403/525/290 487/526/290 417/527/290
f 160/197/291 641/528/291 161/184/291
f 253/508/292 723/529/292 735/530/292
f 267/102/293 280/135/293 281/100/293
f 348/531/294 841/532/294 362/533/294
f 361/328/295 841/532/295 840/534/295
f 261/456/296 274/82/296 275/299/296
f 58/535/297 529/536/297 542/537/297
f 261/456/298 276/301/298 262/348/298
f 269/410/299 284/166/299 270/168/299
f 252/494/300 722/538/300 238/452/300
f 362/533/301 903/499/301 7/539/301
f 281/239/302 295/540/302 282/232/302
f 59/108/44 530/541/44 46/93/44
f 283/542/303 295/540/303 296/543/303
f 158/326/304 637/544/304 638/545/304
f 244/382/305 714/546/305 230/438/305
f 277/190/306 290/547/306 291/548/306
f 284/198/307 298/549/307 285/178/307
f 278/288/308 291/548/308 292/550/308
f 49/351/309 433/551/309 62/51/309
f 7/489/310 285/178/310 298/549/310
f 360/340/311 838/448/311 359/552/311
f 128/271/312 445/553/312 142/421/312
f 156/322/313 637/544/313 157/323/313
f 272/325/314 287/554/314 273/324/314
f 348/531/315 903/555/315 827/556/315
f 292/550/316 304/557/316 305/558/316
f 190/559/317 455/560/317 203/396/317
f 236/490/318 733/561/318 250/515/318
f 58/535/319 543/562/319 59/108/319
f 363/91/320 481/563/320 376/89/320
f 356/520/321 836/496/321 357/564/321
f 286/427/322 300/565/322 287/554/322
f 294/566/323 307/567/323 308/568/323
f 337/569/324 903/555/324 7/570/324
f 294/566/325 309/571/325 295/540/325
f 289/48/326 301/572/326 302/573/326
f 296/543/327 309/571/327 310/574/327
f 136/575/328 628/576/328 149/308/328
f 248/346/329 718/577/329 731/578/329
f 291/548/330 303/579/330 304/557/330
f 300/565/331 313/580/331 301/581/331
f 308/568/332 321/582/332 309/571/332
f 142/421/333 606/583/333 128/271/333
f 310/574/334 321/582/334 322/584/334
f 302/585/335 315/586/335 303/579/335
f 235/471/336 732/587/336 719/588/336
f 304/557/337 315/586/337 316/589/337
f 355/511/338 833/318/338 834/590/338
f 305/558/339 316/589/339 317/591/339
f 230/438/340 461/592/340 244/382/340
f 324/593/341 903/594/341 801/595/341
f 305/558/342 318/596/342 306/597/342
f 338/477/343 477/598/343 349/291/343
f 57/123/344 539/343/344 540/599/344
f 300/565/345 311/524/345 312/600/345
f 135/304/346 627/601/346 613/602/346
f 354/319/347 832/603/347 353/604/347
f 62/51/348 435/605/348 73/187/348
f 7/570/349 324/593/349 337/569/349
f 134/302/350 626/606/350 147/310/350
f 272/325/351 467/607/351 286/427/351
f 318/608/352 333/609/352 319/610/352
f 353/604/353 831/441/353 352/611/353
f 54/113/354 538/274/354 55/117/354
f 312/600/355 327/612/355 313/580/355
f 256/345/356 737/333/356 257/483/356
f 314/613/357 327/612/357 328/614/357
f 322/584/358 334/615/358 335/616/358
f 314/613/359 329/617/359 315/586/359
f 322/584/360 336/618/360 323/619/360
f 54/113/361 536/620/361 537/621/361
f 323/619/362 337/569/362 324/593/362
f 146/297/363 611/622/363 133/295/363
f 328/614/364 340/623/364 341/440/364
f 350/484/365 830/248/365 351/624/365
f 298/549/366 903/594/366 7/489/366
f 53/110/367 535/320/367 536/620/367
f 132/625/368 624/626/368 145/296/368
f 152/627/369 617/628/369 631/629/369
f 331/630/370 342/631/370 343/513/370
f 21/79/371 429/632/371 35/125/371
f 253/508/372 734/633/372 252/494/372
f 331/630/373 344/634/373 332/635/373
f 165/15/374 451/636/374 176/158/374
f 50/126/375 533/350/375 534/336/375
f 326/637/376 338/477/376 339/638/376
f 34/106/377 532/639/377 48/107/377
f 326/637/378 340/623/378 327/612/378
f 7/539/379 348/531/379 362/533/379
f 344/634/380 808/640/380 332/635/380
f 376/89/381 483/641/381 389/642/381
f 344/643/382 357/564/382 345/495/382
f 151/286/383 616/644/383 138/287/383
f 250/515/384 732/587/384 249/482/384
f 339/638/385 351/624/385 340/623/385
f 346/478/386 359/552/386 347/447/386
f 341/440/387 351/624/387 352/611/387
f 330/645/388 819/413/388 342/631/388
f 7/489/389 726/646/389 243/472/389
f 32/92/390 530/541/390 520/647/390
f 153/294/391 633/648/391 154/298/391
f 247/504/392 729/365/392 730/649/392
f 343/513/393 354/412/393 355/511/393
f 203/650/394 457/651/394 217/436/394
f 360/340/395 372/355/395 373/357/395
f 352/611/225 366/400/225 353/604/225
f 24/41/396 524/652/396 38/109/396
f 354/319/397 366/400/397 367/317/397
f 361/328/398 375/11/398 362/312/398
f 152/627/399 632/653/399 153/294/399
f 100/260/400 441/654/400 114/487/400
f 245/509/401 729/519/401 728/390/401
f 23/86/402 523/655/402 511/656/402
f 311/524/403 473/657/403 325/475/403
f 151/286/404 629/405/404 630/658/404
f 44/87/405 518/659/405 528/660/405
f 229/424/406 726/646/406 713/661/406
f 341/440/407 804/662/407 328/614/407
f 358/479/408 372/355/408 359/552/408
f 352/611/409 364/247/409 365/402/409
f 417/663/410 425/664/410 8/24/410
f 369/368/411 383/162/411 370/74/411
f 149/308/412 627/601/412 148/303/412
f 222/470/413 719/588/413 705/665/413
f 202/383/414 903/666/414 7/349/414
f 146/446/415 626/606/415 625/667/415
f 27/104/416 525/668/416 515/669/416
f 146/297/417 624/375/417 625/670/417
f 227/467/418 725/671/418 241/481/418
f 373/37/419 387/672/419 374/330/419
f 145/327/420 623/673/420 144/321/420
f 374/330/421 388/9/421 375/11/421
f 368/370/422 380/12/422 381/169/422
f 35/125/423 431/674/423 49/351/423
f 47/114/424 532/639/424 531/675/424
f 368/370/425 382/170/425 369/368/425
f 143/676/426 623/673/426 622/403/426
f 386/39/427 401/677/427 387/672/427
f 226/459/428 724/678/428 710/679/428
f 346/478/429 824/449/429 823/680/429
f 219/681/242 716/518/242 232/461/242
f 73/187/430 437/682/430 86/223/430
f 164/213/431 903/683/431 647/684/431
f 345/495/432 821/685/432 344/643/432
f 244/382/433 463/686/433 258/142/433
f 44/87/434 529/536/434 45/88/434
f 132/279/435 597/687/435 118/280/435
f 344/634/436 820/512/436 821/521/436
f 377/221/437 391/688/437 378/202/437
f 384/145/438 399/689/438 385/138/438
f 379/200/439 391/688/439 392/690/439
f 386/39/440 399/689/440 400/691/440
f 396/692/441 411/693/441 397/694/441
f 390/695/442 403/525/442 404/696/442
f 398/697/443 411/693/443 412/432/443
f 7/171/444 633/648/444 903/683/444
f 231/453/445 701/698/445 218/454/445
f 43/124/446 526/699/446 42/122/446
f 400/691/447 413/700/447 414/701/447
f 392/702/448 407/703/448 393/704/448
f 223/451/449 721/705/449 237/492/449
f 394/706/450 407/703/450 408/465/450
f 402/498/451 415/707/451 416/708/451
f 395/709/452 408/465/452 409/710/452
f 142/421/453 447/711/453 155/181/453
f 7/712/454 402/498/454 416/708/454
f 42/122/455 525/668/455 41/103/455
f 349/291/456 479/713/456 363/91/456
f 138/277/457 603/714/457 616/715/457
f 408/465/458 419/716/458 3/463/458
f 415/707/459 423/717/459 416/708/459
f 241/481/460 724/678/460 240/458/460
f 389/642/461 485/718/461 403/525/461
f 7/712/462 416/708/462 423/717/462
f 338/477/463 816/485/463 339/638/463
f 176/158/464 453/719/464 190/559/464
f 38/109/465 523/655/465 37/85/465
f 136/270/131 601/720/131 122/258/131
f 411/693/466 6/430/466 412/432/466
f 405/721/229 1/433/229 418/722/229
f 238/452/467 723/529/467 239/455/467
f 406/723/468 418/722/468 2/724/468
f 329/617/469 792/725/469 315/586/469
f 407/703/470 2/724/470 419/716/470
f 486/726/471 488/727/471 424/728/471
f 487/729/472 424/728/472 425/730/472
f 424/728/473 488/727/473 426/731/473
f 424/728/474 427/732/474 425/730/474
f 426/731/475 429/733/475 427/732/475
f 426/731/476 488/727/476 428/734/476
f 428/734/477 488/727/477 430/735/477
f 428/734/478 431/736/478 429/733/478
f 430/735/479 433/737/479 431/736/479
f 430/735/480 488/727/480 432/738/480
f 432/738/481 488/727/481 434/739/481
f 432/738/21 435/740/21 433/737/21
f 434/739/482 488/727/482 436/741/482
f 435/740/483 436/741/483 437/742/483
f 436/741/484 488/727/484 438/743/484
f 436/741/485 439/744/485 437/742/485
f 438/743/486 488/727/486 440/745/486
f 438/743/487 441/746/487 439/744/487
f 440/745/488 488/727/488 442/747/488
f 440/745/489 443/748/489 441/746/489
f 442/747/490 488/727/490 444/749/490
f 442/747/491 445/750/491 443/748/491
f 444/749/492 488/727/492 446/751/492
f 444/749/493 447/752/493 445/750/493
f 446/751/494 488/727/494 448/753/494
f 447/752/495 448/753/495 449/754/495
f 448/753/496 488/727/496 450/755/496
f 449/754/497 450/755/497 451/756/497
f 450/755/498 488/727/498 452/757/498
f 450/755/499 453/758/499 451/756/499
f 452/757/500 455/759/500 453/758/500
f 452/757/501 488/727/501 454/760/501
f 454/760/502 488/727/502 456/761/502
f 455/759/503 456/761/503 457/762/503
f 456/761/504 488/727/504 458/763/504
f 457/762/505 458/763/505 459/764/505
f 458/763/506 488/727/506 460/765/506
f 458/763/507 461/766/507 459/764/507
f 460/765/508 488/727/508 462/767/508
f 460/765/509 463/768/509 461/766/509
f 462/767/510 488/727/510 464/769/510
f 462/767/511 465/770/511 463/768/511
f 464/769/512 488/727/512 466/771/512
f 464/769/513 467/772/513 465/770/513
f 466/771/514 488/727/514 468/773/514
f 466/771/515 469/774/515 467/772/515
f 468/773/516 488/727/516 470/775/516
f 469/774/517 470/775/517 471/776/517
f 470/775/518 488/727/518 472/777/518
f 470/775/519 473/778/519 471/776/519
f 472/777/520 488/727/520 474/779/520
f 473/778/521 474/779/521 475/780/521
f 475/780/522 476/781/522 477/782/522
f 474/779/523 488/727/523 476/781/523
f 476/781/524 488/727/524 478/783/524
f 477/782/525 478/783/525 479/784/525
f 478/783/526 481/785/526 479/784/526
f 478/783/527 488/727/527 480/786/527
f 480/786/528 488/727/528 482/787/528
f 481/785/529 482/787/529 483/788/529
f 482/787/530 488/727/530 484/789/530
f 482/787/531 485/790/531 483/788/531
f 484/789/532 488/727/532 486/726/532
f 484/789/533 487/729/533 485/790/533
f 899/791/534 504/792/534 505/793/534
f 489/794/535 498/795/535 490/796/535
f 903/797/536 899/791/536 505/793/536
f 902/798/537 493/799/537 494/800/537
f 896/801/538 501/802/538 502/803/538
f 902/798/539 495/804/539 506/805/539
f 896/801/540 503/806/540 897/807/540
f 503/806/541 519/808/541 520/809/541
f 496/810/542 514/811/542 497/812/542
f 504/792/543 522/813/543 505/793/543
f 498/795/544 514/811/544 515/814/544
f 903/797/545 505/793/545 522/813/545
f 500/815/546 516/816/546 517/817/546
f 492/818/547 510/819/547 493/799/547
f 494/800/548 510/819/548 511/820/548
f 516/816/549 525/668/549 526/699/549
f 517/817/550 526/699/550 527/450/550
f 518/659/551 527/450/551 528/660/551
f 512/821/552 523/655/552 524/652/552
f 521/822/553 530/541/553 531/675/553
f 521/822/554 532/639/554 522/813/554
f 530/541/555 544/514/555 531/675/555
f 903/823/556 532/501/556 545/284/556
f 528/660/557 540/599/557 541/824/557
f 529/536/558 541/824/558 542/537/558
f 539/343/559 554/825/559 540/599/559
f 534/336/560 546/53/560 547/337/560
f 540/599/561 555/369/561 541/824/561
f 541/824/562 556/363/562 542/537/562
f 542/537/563 557/362/563 543/562/563
f 535/320/564 550/826/564 536/620/564
f 544/514/565 557/362/565 558/292/565
f 536/620/566 551/827/566 537/621/566
f 537/621/567 552/275/567 538/274/567
f 903/823/568 545/284/568 559/828/568
f 549/120/569 564/211/569 550/826/569
f 551/827/570 564/211/570 565/829/570
f 558/97/571 573/70/571 559/359/571
f 552/275/572 565/829/572 566/63/572
f 553/56/573 568/830/573 554/825/573
f 547/337/574 560/52/574 561/256/574
f 555/369/575 568/830/575 569/35/575
f 548/29/576 561/256/576 562/30/576
f 567/55/577 580/831/577 568/830/577
f 569/35/578 580/831/578 581/832/578
f 570/165/579 581/832/579 582/833/579
f 563/238/580 574/834/580 575/835/580
f 571/154/581 582/833/581 583/836/581
f 566/63/582 577/837/582 578/838/582
f 584/839/583 594/840/583 595/841/583
f 576/842/584 588/843/584 577/844/584
f 579/845/585 589/846/585 590/847/585
f 579/845/586 591/848/586 580/831/586
f 581/832/587 593/849/587 582/833/587
f 575/835/588 585/850/588 586/851/588
f 576/842/589 586/851/589 587/852/589
f 592/853/590 601/720/590 602/854/590
f 587/852/591 596/855/591 597/856/591
f 589/846/592 600/857/592 590/847/592
f 605/858/593 618/859/593 619/860/593
f 599/861/594 613/862/594 600/857/594
f 601/720/595 615/863/595 602/854/595
f 603/714/596 615/863/596 616/715/596
f 598/864/597 610/865/597 611/866/597
f 607/867/598 622/403/598 608/868/598
f 608/868/599 623/673/599 609/869/599
f 617/628/600 630/658/600 631/629/600
f 609/869/601 624/626/601 610/870/601
f 611/622/602 626/606/602 612/871/602
f 614/872/603 627/601/603 628/576/603
f 606/583/604 621/873/604 607/867/604
f 903/683/605 633/648/605 647/684/605
f 620/422/606 635/874/606 621/873/606
f 621/873/607 636/404/607 622/403/607
f 629/405/608 644/875/608 630/658/608
f 631/629/609 644/875/609 645/876/609
f 632/653/610 645/876/610 646/877/610
f 624/375/611 639/230/611 625/670/611
f 632/653/612 647/684/612 633/648/612
f 643/510/613 658/878/613 644/875/613
f 637/544/614 650/879/614 651/353/614
f 644/875/615 659/315/615 645/876/615
f 637/544/616 652/880/616 638/545/616
f 645/876/617 660/306/617 646/877/617
f 639/230/618 652/880/618 653/231/618
f 646/877/619 661/214/619 647/684/619
f 640/196/620 655/185/620 641/528/620
f 634/180/621 649/881/621 635/874/621
f 643/510/622 656/174/622 657/882/622
f 636/404/623 649/881/623 650/879/623
f 649/881/624 662/16/624 663/148/624
f 650/879/625 663/148/625 664/883/625
f 658/878/626 670/884/626 671/59/626
f 651/353/627 664/883/627 665/885/627
f 658/878/628 672/58/628 659/315/628
f 653/231/629 666/128/629 667/886/629
f 654/32/630 667/886/630 668/33/630
f 665/885/631 675/887/631 676/888/631
f 665/885/632 677/889/632 666/132/632
f 674/43/633 684/890/633 685/891/633
f 668/33/634 678/892/634 679/893/634
f 668/33/635 680/894/635 669/77/635
f 670/884/636 682/895/636 671/59/636
f 681/896/637 696/897/637 682/895/637
f 675/887/638 689/898/638 676/888/638
f 683/899/639 696/897/639 697/900/639
f 677/889/640 689/898/640 690/901/640
f 685/891/641 698/902/641 699/903/641
f 678/892/642 692/904/642 679/893/642
f 903/666/643 685/891/643 699/903/643
f 697/905/644 712/906/644 698/907/644
f 691/908/645 704/909/645 705/665/645
f 692/910/646 705/665/646 706/911/646
f 903/912/647 699/913/647 713/661/647
f 693/914/648 706/911/648 707/915/648
f 693/914/649 708/916/649 694/917/649
f 687/918/650 700/919/650 701/698/650
f 687/918/651 702/920/651 688/921/651
f 696/922/652 709/923/652 710/924/652
f 688/921/653 703/925/653 689/926/653
f 701/698/654 716/518/654 702/920/654
f 710/679/655 725/671/655 711/927/655
f 706/911/656 719/588/656 720/928/656
f 903/912/657 713/661/657 726/646/657
f 706/911/658 721/705/658 707/915/658
f 719/588/659 733/561/659 720/928/659
f 714/546/660 728/390/660 715/929/660
f 723/529/661 734/633/661 735/530/661
f 716/518/662 728/390/662 729/519/662
f 717/506/663 731/578/663 718/577/663
f 728/390/664 738/144/664 739/391/664
f 729/365/665 741/457/665 730/649/665
f 730/649/666 742/347/666 731/578/666
f 737/333/667 750/167/667 751/334/667
f 750/167/668 765/177/668 751/334/668
f 744/160/669 757/289/669 758/161/669
f 746/136/670 759/283/670 760/137/670
f 739/391/671 752/143/671 753/930/671
f 740/83/672 753/930/672 754/84/672
f 747/101/673 762/233/673 748/411/673
f 749/66/674 762/233/674 763/67/674
f 760/137/675 773/931/675 761/262/675
f 754/84/676 766/932/676 767/49/676
f 755/307/677 767/49/677 768/933/677
f 756/300/678 768/933/678 769/934/678
f 764/216/679 774/935/679 775/936/679
f 759/283/680 770/937/680 771/938/680
f 759/283/681 772/939/681 760/137/681
f 776/940/682 786/941/682 787/942/682
f 903/594/683 776/940/683 787/942/683
f 771/938/684 781/943/684 782/944/684
f 772/939/685 782/944/685 783/945/685
f 767/49/686 777/946/686 778/947/686
f 768/933/687 780/948/687 769/934/687
f 775/936/688 785/949/688 786/941/688
f 779/950/689 790/951/689 791/952/689
f 785/949/690 800/953/690 786/941/690
f 786/941/691 801/595/691 787/942/691
f 903/594/692 787/942/692 801/595/692
f 783/945/693 795/954/693 796/955/693
f 784/956/694 796/955/694 797/957/694
f 793/958/695 807/959/695 794/960/695
f 794/960/696 808/961/696 795/962/696
f 789/963/697 802/964/697 803/965/697
f 797/957/698 809/966/698 810/967/698
f 798/968/699 810/967/699 811/969/699
f 792/725/700 806/970/700 793/958/700
f 811/969/701 823/680/701 824/449/701
f 812/971/702 824/449/702 825/972/702
f 804/662/703 818/973/703 805/974/703
f 813/975/704 825/972/704 826/976/704
f 805/974/705 819/413/705 806/970/705
f 813/975/706 827/556/706 814/977/706
f 903/555/707 814/977/707 827/556/707
f 808/640/708 822/497/708 809/966/708
f 809/966/709 823/680/709 810/967/709
f 820/512/710 835/522/710 821/521/710
f 816/485/711 828/290/711 829/486/711
f 822/497/712 837/267/712 823/680/712
f 825/972/713 838/448/713 839/342/713
f 818/973/714 831/441/714 832/603/714
f 825/972/715 840/534/715 826/976/715
f 819/413/716 832/603/716 833/414/716
f 827/556/717 840/534/717 841/532/717
f 839/342/718 854/329/718 840/534/718
f 833/318/719 848/371/719 834/590/719
f 903/499/720 841/313/720 855/10/720
f 834/590/721 849/367/721 835/522/721
f 836/496/722 849/367/722 850/76/722
f 829/486/723 842/90/723 843/978/723
f 837/267/724 850/76/724 851/268/724
f 830/248/725 843/978/725 844/249/725
f 842/90/726 857/222/726 843/978/726
f 851/268/727 864/75/727 865/146/727
f 843/978/728 858/201/728 844/249/728
f 851/268/729 866/139/729 852/361/729
f 845/401/730 858/201/730 859/979/730
f 852/361/731 867/38/731 853/356/731
f 846/384/732 859/979/732 860/980/732
f 846/384/733 861/14/733 847/13/733
f 903/499/734 855/10/734 869/112/734
f 859/979/735 874/981/735 860/980/735
f 861/14/736 874/981/736 875/982/736
f 868/111/737 883/500/737 869/112/737
f 862/179/738 875/982/738 876/983/738
f 903/499/739 869/112/739 883/500/739
f 863/163/740 876/983/740 877/984/740
f 863/163/741 878/985/741 864/75/741
f 857/222/742 870/986/742 871/987/742
f 865/146/743 878/985/743 879/988/743
f 871/989/744 886/990/744 872/991/744
f 880/992/745 892/431/745 893/993/745
f 872/991/746 887/994/746 873/995/746
f 881/996/747 895/997/747 882/998/747
f 876/983/748 890/999/748 877/984/748
f 895/997/749 897/1000/749 898/1001/749
f 888/464/750 490/1002/750 889/1003/750
f 889/1003/751 491/1004/751 890/999/751
f 891/1005/752 491/1004/752 901/1006/752
f 885/434/753 900/1007/753 507/435/753
f 893/993/754 508/1008/754 896/1009/754
f 893/993/755 897/1000/755 894/1010/755
f 293/1011/756 773/931/756 772/939/756
f 172/331/757 670/884/757 657/882/757
f 390/695/758 870/986/758 389/642/758
f 89/1012/759 576/842/759 90/204/759
f 391/688/760 871/989/760 872/991/760
f 91/209/761 576/842/761 577/844/761
f 392/690/762 872/991/762 873/995/762
f 297/1013/763 776/940/763 298/549/763
f 166/354/764 665/885/764 179/131/764
f 92/218/765 577/837/765 91/1014/765
f 393/704/766 873/1015/766 392/702/766
f 281/239/767 773/931/767 294/566/767
f 173/314/768 672/58/768 187/372/768
f 93/212/769 578/1016/769 579/845/769
f 394/706/770 874/981/770 393/704/770
f 167/352/771 666/128/771 652/880/771
f 395/709/772 875/982/772 394/706/772
f 94/1017/773 581/832/773 580/831/773
f 273/324/774 766/932/774 753/930/774
f 396/692/775 878/985/775 877/984/775
f 96/1018/776 583/836/776 582/833/776
f 397/694/777 879/988/777 878/985/777
f 97/206/778 584/839/778 98/207/778
f 398/1019/779 880/992/779 399/689/779
f 283/542/780 774/935/780 763/1020/780
f 290/547/781 756/300/781 769/934/781
f 401/677/782 881/996/782 882/998/782
f 297/1013/783 764/216/783 775/936/783
f 93/212/483 567/55/483 80/172/483
f 401/1021/784 883/500/784 882/1022/784
f 195/392/785 680/894/785 679/893/785
f 379/200/786 873/1015/786 859/979/786
f 278/288/787 770/937/787 758/282/787
f 401/677/788 868/111/788 387/672/788
f 88/193/789 562/237/789 75/194/789
f 199/373/790 683/899/790 200/374/790
f 89/1012/791 563/238/791 575/835/791
f 301/581/792 777/946/792 300/565/792
f 97/206/793 571/154/793 583/836/793
f 302/573/794 778/1023/794 779/950/794
f 302/585/795 780/948/795 779/1024/795
f 376/89/796 870/986/796 856/1025/796
f 178/147/797 675/887/797 664/883/797
f 78/208/798 577/837/798 565/829/798
f 377/221/799 871/987/799 390/1026/799
f 306/597/800 781/943/800 305/558/800
f 199/373/801 671/59/801 682/895/801
f 92/1027/802 566/63/802 578/838/802
f 384/145/803 879/988/803 398/1019/803
f 180/129/198 677/889/198 193/377/198
f 307/567/804 784/956/804 308/568/804
f 201/376/805 673/1028/805 188/42/805
f 181/127/806 678/892/806 667/886/806
f 103/244/807 585/850/807 102/228/807
f 404/696/808 884/1029/808 885/434/808
f 202/383/809 674/43/809 685/891/809
f 405/721/810 885/1030/810 404/1031/810
f 104/1032/811 588/843/811 587/852/811
f 405/721/812 887/994/812 886/990/812
f 183/78/813 680/894/813 196/394/813
f 107/257/814 591/848/814 590/847/814
f 409/710/815 888/464/815 889/1003/815
f 292/550/816 781/943/816 770/937/816
f 108/226/817 592/853/817 109/227/817
f 198/387/206 670/884/206 185/360/206
f 109/242/818 593/849/818 592/1033/818
f 410/1034/819 891/1005/819 411/693/819
f 204/1035/820 686/1036/820 687/1037/820
f 205/1038/821 687/1039/821 688/1040/821
f 111/236/822 595/841/822 594/840/822
f 293/1011/823 783/945/823 307/567/823
f 413/700/824 894/1010/824 414/701/824
f 287/554/825 777/946/825 766/932/825
f 206/1041/826 690/1042/826 689/1043/826
f 112/251/827 584/839/827 595/841/827
f 208/1044/828 690/1045/828 691/1046/828
f 97/234/829 594/840/829 583/1047/829
f 288/50/830 778/947/830 301/572/830
f 91/1014/831 588/843/831 105/219/831
f 209/1048/832 693/914/832 210/1049/832
f 396/692/833 890/999/833 410/1034/833
f 289/48/834 779/1024/834 768/933/834
f 210/1049/835 694/917/835 211/1050/835
f 390/695/836 885/1030/836 871/989/836
f 310/574/837 774/935/837 296/543/837
f 92/218/838 589/846/838 578/1016/838
f 290/547/839 780/948/839 303/579/839
f 398/697/840 892/431/840 879/1051/840
f 311/524/841 789/963/841 312/600/841
f 213/1052/842 697/1053/842 696/1054/842
f 214/1055/843 698/1056/843 215/1057/843
f 94/1017/844 591/848/844 108/226/844
f 413/700/845 880/992/845 893/993/845
f 313/580/846 791/952/846 790/951/846
f 216/1058/847 698/1059/847 215/1060/847
f 392/702/848 887/994/848 406/723/848
f 95/225/849 592/1033/849 581/832/849
f 414/701/850 881/996/850 400/691/850
f 316/589/851 792/725/851 793/958/851
f 195/392/852 692/904/852 209/1061/852
f 88/193/853 585/850/853 574/834/853
f 4/1062/854 491/1004/854 490/1002/854
f 317/591/855 793/958/855 794/960/855
f 96/1018/856 593/849/856 110/235/856
f 9/25/857 492/818/857 493/799/857
f 415/707/858 882/998/858 895/997/858
f 317/591/859 795/962/859 318/596/859
f 319/610/860 795/954/860 318/608/860
f 10/40/861 495/804/861 494/800/861
f 212/398/212 681/896/212 198/387/212
f 395/709/862 889/1003/862 876/983/862
f 320/1063/863 798/968/863 321/582/863
f 205/399/229 675/887/229 192/388/229
f 13/8/864 496/810/864 497/812/864
f 118/280/865 596/855/865 117/245/865
f 421/1064/866 898/1065/866 897/1066/866
f 323/619/867 799/1067/867 322/584/867
f 118/252/868 598/864/868 119/253/868
f 422/1068/869 899/1069/869 423/1070/869
f 323/619/870 801/595/870 800/953/870
f 214/1071/871 683/899/871 697/900/871
f 15/19/872 500/815/872 16/21/872
f 415/707/873 898/1001/873 422/1072/873
f 301/581/874 790/951/874 778/1023/874
f 207/407/875 677/889/875 690/901/875
f 215/406/218 684/890/218 201/376/218
f 18/73/876 501/802/876 17/26/876
f 208/408/532 678/892/532 194/378/532
f 320/1063/877 784/956/877 797/957/877
f 123/1073/878 603/714/878 124/243/878
f 403/525/879 900/1007/879 884/1029/879
f 302/585/856 791/952/856 314/613/856
f 218/454/880 700/919/880 217/436/880
f 411/693/881 901/1006/881 420/1074/881
f 310/574/882 799/1067/882 785/949/882
f 2/1075/883 495/804/883 11/2/883
f 219/681/884 703/925/884 702/920/884
f 127/254/885 604/1076/885 605/858/885
f 13/8/502 489/794/502 3/7/502
f 123/1073/886 592/853/886 602/854/886
f 4/18/887 498/795/887 14/60/887
f 1/1077/888 900/1078/888 417/1079/888
f 222/470/889 704/909/889 221/419/889
f 108/259/890 601/720/890 591/1080/890
f 418/1081/891 507/1082/891 902/1083/891
f 9/25/892 507/1084/892 1/23/892
f 418/1085/893 506/1086/893 2/1087/893
f 6/27/894 501/802/894 508/1088/894
f 306/597/895 795/954/895 782/944/895
f 223/451/896 708/916/896 707/915/896
f 22/81/897 509/1089/897 21/79/897
f 103/244/898 596/855/898 586/851/898
f 23/86/899 510/819/899 22/81/899
f 5/1090/900 901/1006/900 491/1004/900
f 226/459/901 709/923/901 225/445/901
f 23/1091/902 512/821/902 24/41/902
f 326/637/903 802/964/903 325/475/903
f 226/416/904 711/927/904 227/417/904
f 104/1032/905 597/856/905 118/252/905
f 227/467/906 712/906/906 711/1092/906
f 26/99/907 513/1093/907 25/45/907
f 423/1094/908 903/1095/908 7/1096/908
f 27/104/909 514/811/909 26/99/909
f 329/617/910 804/662/910 805/974/910
f 227/417/911 697/905/911 214/415/911
f 28/61/912 515/669/912 516/816/912
f 213/1097/913 710/924/913 226/416/913
f 106/220/486 599/861/486 589/846/486
f 330/645/914 807/959/914 806/970/914
f 207/420/915 704/909/915 690/1098/915
f 107/257/349 600/857/349 121/269/349
f 29/1099/916 518/659/916 30/68/916
f 422/6/917 504/792/917 898/1100/917
f 331/630/918 808/961/918 807/959/918
f 206/418/919 703/925/919 220/460/919
f 421/4/920 503/806/920 19/1101/920
f 333/609/921 808/640/921 809/966/921
f 215/423/922 712/906/922 228/469/922
f 129/272/923 606/583/923 607/867/923
f 32/92/924 519/808/924 31/72/924
f 130/273/925 607/867/925 608/868/925
f 33/47/926 520/647/926 521/822/926
f 216/425/927 713/661/927 699/913/927
f 131/276/928 608/868/928 609/869/928
f 334/615/929 812/971/929 335/616/929
f 132/279/930 609/869/930 610/870/930
f 335/616/931 813/975/931 336/618/931
f 133/295/932 610/865/932 132/625/932
f 10/40/933 511/820/933 23/1091/933
f 336/618/934 814/977/934 337/569/934
f 217/436/935 686/1102/935 203/650/935
f 134/264/936 611/622/936 612/871/936
f 19/1101/937 520/809/937 32/46/937
f 211/1050/938 708/916/938 224/444/938
f 134/302/939 613/862/939 612/1103/939
f 18/73/940 519/808/940 502/803/940
f 135/1104/941 614/872/941 136/270/941
f 25/45/942 496/810/942 12/3/942
f 34/106/943 903/797/943 522/813/943
f 212/443/944 709/923/944 695/1105/944
f 136/575/945 615/863/945 614/1106/945
f 33/47/946 504/792/946 20/5/946
f 318/608/947 808/961/947 332/1107/947
f 137/285/948 616/715/948 615/863/948
f 48/107/949 903/823/949 7/105/949
f 311/524/950 802/964/950 788/1108/950
f 231/453/951 714/546/951 715/929/951
f 138/277/952 617/628/952 139/278/952
f 333/609/953 796/955/953 319/610/953
f 27/1109/954 498/795/954 515/814/954
f 312/600/955 803/965/955 326/637/955
f 140/281/956 619/860/956 618/859/956
f 28/61/957 499/1110/957 15/19/957
f 233/462/958 718/577/958 234/466/958
f 127/254/959 619/860/959 141/265/959
f 21/79/960 492/818/960 8/24/960
f 7/171/961 559/828/961 72/69/961
f 140/281/962 604/1076/962 126/250/962
f 29/1099/963 500/815/963 517/817/963
f 334/615/964 798/968/964 811/969/964
f 134/264/488 599/861/488 120/255/488
f 236/490/965 721/705/965 720/928/965
f 133/263/966 598/864/966 611/866/966
f 121/269/967 613/862/967 135/1104/967
f 419/1/1 2/1075/1 11/2/1
f 421/4/2 19/1101/2 20/5/2
f 3/7/3 419/1/3 12/3/3
f 388/9/968 869/112/968 855/10/968
f 380/12/969 367/380/969 847/13/969
f 165/15/970 176/158/970 662/16/970
f 4/18/971 14/60/971 15/19/971
f 5/20/8 15/19/8 16/21/8
f 1/23/9 417/663/9 8/24/9
f 420/22/10 16/21/10 17/26/10
f 75/28/972 64/141/972 548/29/972
f 182/31/973 169/338/973 654/32/973
f 68/34/13 555/369/13 569/35/13
f 373/37/974 853/356/974 867/38/974
f 10/40/15 23/1091/15 24/41/15
f 188/42/16 673/1028/16 674/43/16
f 11/2/17 24/41/17 25/45/17
f 20/5/18 19/1101/18 32/46/18
f 289/48/975 768/933/975 767/49/975
f 62/51/976 73/187/976 560/52/976
f 67/54/21 80/172/21 567/55/21
f 186/57/977 187/372/977 672/58/977
f 14/60/23 27/1109/23 28/61/23
f 66/62/24 552/275/24 566/63/24
f 283/65/978 269/410/978 749/66/978
f 16/21/26 29/1099/26 30/68/26
f 72/69/979 559/359/979 573/70/979
f 17/26/28 30/68/28 31/72/28
f 370/74/29 383/162/29 864/75/29
f 182/31/980 668/33/980 669/77/980
f 21/79/981 35/125/981 36/80/981
f 274/82/982 260/474/982 740/83/982
f 22/81/33 36/80/33 37/85/33
f 31/72/34 30/68/34 44/87/34
f 376/89/35 856/1025/35 842/90/35
f 32/92/36 31/72/36 45/88/36
f 24/41/37 38/109/37 39/94/37
f 71/95/983 84/140/983 572/96/983
f 25/45/39 39/94/39 40/98/39
f 281/100/984 761/240/984 747/101/984
f 26/99/41 40/98/41 41/103/41
f 45/88/43 58/535/43 59/108/43
f 38/109/44 52/134/44 53/110/44
f 388/9/985 387/672/985 868/111/985
f 40/98/46 39/94/46 53/110/46
f 47/114/47 60/156/47 61/115/47
f 41/103/48 40/98/48 54/113/48
f 65/118/986 76/183/986 563/119/986
f 41/103/50 55/117/50 56/121/50
f 42/122/51 56/121/51 57/123/51
f 35/125/52 49/351/52 50/126/52
f 181/127/987 667/886/987 666/128/987
f 36/80/54 50/126/54 51/130/54
f 179/131/988 665/885/988 666/132/988
f 37/85/56 51/130/56 52/134/56
f 280/135/989 266/426/989 746/136/989
f 385/138/990 386/39/990 867/38/990
f 85/71/59 573/70/59 572/96/59
f 50/126/60 63/335/60 64/141/60
f 258/142/991 272/325/991 752/143/991
f 52/134/62 51/130/62 64/141/62
f 384/145/992 385/138/992 866/139/992
f 178/147/993 664/883/993 663/148/993
f 279/150/994 759/283/994 745/151/994
f 82/153/995 570/165/995 571/154/995
f 60/156/67 71/293/67 72/157/67
f 177/149/996 663/148/996 662/16/996
f 278/159/997 264/439/997 744/160/997
f 55/117/70 66/62/70 67/54/70
f 383/162/998 382/170/998 863/163/998
f 70/164/72 83/155/72 84/140/72
f 81/36/999 569/35/999 570/165/999
f 284/166/1000 764/199/1000 750/167/1000
f 381/169/1001 862/179/1001 863/163/1001
f 66/62/76 79/64/76 80/172/76
f 162/173/77 171/332/77 656/174/77
f 271/176/1002 751/334/1002 765/177/1002
f 380/12/1003 861/14/1003 862/179/1003
f 165/15/80 648/17/80 634/180/80
f 68/34/81 81/36/81 82/153/81
f 65/118/82 64/141/82 75/28/82
f 69/182/83 82/153/83 83/155/83
f 161/184/84 641/528/84 655/185/84
f 73/187/85 86/223/85 87/188/85
f 277/190/86 757/289/86 743/191/86
f 74/189/87 87/188/87 88/193/87
f 169/195/1004 654/339/1004 640/196/1004
f 284/198/1005 285/178/1005 765/177/1005
f 379/200/1006 859/979/1006 858/201/1006
f 76/203/91 89/1012/91 90/204/91
f 84/140/92 83/155/92 97/206/92
f 78/208/93 77/205/93 90/204/93
f 84/140/94 98/207/94 99/210/94
f 78/208/1007 565/829/1007 564/211/1007
f 79/64/97 92/1027/97 93/212/97
f 164/213/1008 647/684/1008 661/214/1008
f 283/65/1009 763/1020/1009 764/216/1009
f 98/207/100 112/251/100 113/217/100
f 92/218/101 91/1014/101 105/219/101
f 377/221/1010 378/202/1010 858/201/1010
f 77/205/1011 564/211/1011 563/119/1011
f 86/223/105 100/260/105 101/224/105
f 95/225/106 94/1017/106 108/226/106
f 87/188/107 101/224/107 102/228/107
f 168/229/1012 159/311/1012 639/230/1012
f 282/232/1013 283/542/1013 763/67/1013
f 97/234/110 96/1018/110 110/235/110
f 76/183/1014 75/28/1014 562/237/1014
f 281/239/1015 282/232/1015 762/233/1015
f 101/224/113 115/261/113 116/241/113
f 109/242/114 123/1073/114 124/243/114
f 103/244/115 102/228/115 116/241/115
f 111/236/116 110/235/116 124/243/116
f 364/247/1016 351/624/1016 830/248/1016
f 111/236/118 125/246/118 126/250/118
f 105/219/119 104/1032/119 118/252/119
f 112/251/120 126/250/120 127/254/120
f 106/220/121 105/219/121 119/253/121
f 75/194/1017 562/30/1017 561/256/1017
f 107/257/124 121/269/124 122/258/124
f 100/260/125 114/487/125 115/261/125
f 280/135/1018 760/137/1018 761/262/1018
f 120/255/127 119/253/127 133/263/127
f 371/266/1019 358/479/1019 837/267/1019
f 121/269/130 135/1104/130 136/270/130
f 115/261/131 114/487/131 128/271/131
f 74/189/1020 561/256/1020 560/52/1020
f 115/261/133 129/272/133 130/273/133
f 66/62/1021 55/117/1021 538/274/1021
f 117/245/135 116/241/135 130/273/135
f 125/246/136 124/243/136 138/277/136
f 117/245/137 131/276/137 132/279/137
f 125/246/138 139/278/138 140/281/138
f 279/150/1022 278/159/1022 758/282/1022
f 72/157/1023 559/828/1023 545/284/1023
f 137/285/141 150/309/141 151/286/141
f 278/288/1024 758/161/1024 757/289/1024
f 363/91/143 842/90/143 828/290/143
f 60/156/1025 544/514/1025 558/292/1025
f 139/278/251 152/627/251 153/294/251
f 133/295/146 132/625/146 145/296/146
f 140/281/147 153/294/147 154/298/147
f 275/299/1026 755/307/1026 756/300/1026
f 134/302/150 147/310/150 148/303/150
f 174/305/1027 175/215/1027 661/214/1027
f 274/82/1028 754/84/1028 755/307/1028
f 137/285/153 136/575/153 149/308/153
f 147/310/154 146/446/154 159/311/154
f 362/312/1029 375/11/1029 855/10/1029
f 147/310/156 160/197/156 161/184/156
f 148/303/157 161/184/157 162/173/157
f 173/314/1030 174/305/1030 660/306/1030
f 150/309/159 149/308/159 162/173/159
f 367/317/160 847/379/160 833/318/160
f 65/118/1031 549/120/1031 535/320/1031
f 144/321/162 143/676/162 156/322/162
f 273/324/1032 753/930/1032 752/143/1032
f 144/321/143 157/323/143 158/326/143
f 361/328/1033 840/534/1033 854/329/1033
f 172/331/1034 657/882/1034 656/174/1034
f 271/176/1035 257/483/1035 737/333/1035
f 63/335/1036 50/126/1036 534/336/1036
f 169/338/1037 170/186/1037 655/185/1037
f 360/340/1038 373/357/1038 853/341/1038
f 67/54/1039 553/56/1039 539/343/1039
f 168/229/1040 653/231/1040 654/32/1040
f 270/168/1041 750/167/1041 736/344/1041
f 248/346/1042 731/578/1042 742/347/1042
f 160/197/174 159/311/174 168/229/174
f 373/37/1043 374/330/1043 854/329/1043
f 161/184/177 170/186/177 171/332/177
f 62/51/1044 546/53/1044 533/350/1044
f 167/352/1045 652/880/1045 651/353/1045
f 372/355/1046 852/361/1046 853/356/1046
f 169/338/182 182/31/182 183/78/182
f 170/186/183 183/78/183 184/358/183
f 71/293/1047 558/97/1047 559/359/1047
f 172/331/185 171/332/185 184/358/185
f 371/266/1048 851/268/1048 852/361/1048
f 70/164/1049 71/95/1049 558/292/1049
f 69/182/1050 70/164/1050 557/362/1050
f 260/364/189 740/473/189 729/365/189
f 166/354/190 179/131/190 180/133/190
f 173/314/1051 187/372/1051 188/42/1051
f 370/74/1052 850/76/1052 849/367/1052
f 174/305/193 188/42/193 189/44/193
f 68/34/1053 69/182/1053 556/363/1053
f 368/370/1054 369/368/1054 849/367/1054
f 187/372/196 186/57/196 199/373/196
f 158/326/1055 638/545/1055 624/375/1055
f 187/372/198 200/374/198 201/376/198
f 181/127/199 180/129/199 193/377/199
f 368/370/1056 848/371/1056 847/379/1056
f 258/142/44 738/144/44 727/381/44
f 367/317/1057 366/400/1057 846/384/1057
f 183/78/203 196/394/203 197/385/203
f 176/158/204 190/559/204 191/386/204
f 185/360/205 184/358/205 197/385/205
f 177/149/206 191/386/206 192/388/206
f 259/389/207 245/509/207 728/390/207
f 195/392/208 209/1061/208 210/393/208
f 196/394/209 210/393/209 211/395/209
f 191/386/210 190/559/210 203/396/210
f 198/387/211 197/385/211 211/395/211
f 191/386/212 204/397/212 205/399/212
f 366/400/1058 365/402/1058 845/401/1058
f 364/247/1059 844/249/1059 845/401/1059
f 156/322/215 143/676/215 622/403/215
f 163/316/1060 643/510/1060 629/405/1060
f 200/374/217 214/1071/217 215/406/217
f 194/378/218 193/377/218 207/407/218
f 268/409/1061 748/411/1061 749/66/1061
f 268/409/1062 267/102/1062 747/101/1062
f 354/412/1063 342/631/1063 819/413/1063
f 214/415/222 213/1097/222 226/416/222
f 206/418/223 220/460/223 221/419/223
f 63/335/1064 547/337/1064 548/29/1064
f 142/421/225 155/181/225 634/180/225
f 215/423/226 228/469/226 229/424/226
f 265/152/227 745/151/227 746/136/227
f 286/427/228 467/607/228 469/428/228
f 6/430/229 508/1008/229 892/431/229
f 1/433/230 404/1031/230 885/434/230
f 217/436/231 457/651/231 459/437/231
f 264/439/232 263/192/232 743/191/232
f 341/440/1065 352/611/1065 831/441/1065
f 212/443/234 211/1050/234 224/444/234
f 146/446/1066 625/670/1066 639/230/1066
f 347/447/1067 359/552/1067 838/448/1067
f 57/123/237 540/599/237 527/450/237
f 223/451/238 237/492/238 238/452/238
f 217/436/239 230/438/239 231/453/239
f 225/445/240 224/444/240 238/452/240
f 261/456/1068 262/348/1068 742/347/1068
f 225/445/242 239/455/242 240/458/242
f 220/460/243 219/681/243 232/461/243
f 3/463/1069 489/1111/1069 888/464/1069
f 220/460/245 233/462/245 234/466/245
f 227/467/246 241/481/246 242/468/246
f 222/470/247 221/419/247 234/466/247
f 228/469/248 242/468/248 243/472/248
f 261/456/1070 741/457/1070 740/473/1070
f 325/475/250 473/657/250 475/476/250
f 346/478/1071 823/680/1071 837/267/1071
f 259/389/1072 739/391/1072 740/83/1072
f 8/24/253 425/664/253 427/480/253
f 241/481/1073 255/505/1073 256/345/1073
f 235/471/255 234/466/255 248/346/255
f 243/472/256 242/468/256 256/345/256
f 350/484/1074 339/638/1074 816/485/1074
f 114/487/258 441/654/258 443/488/258
f 236/490/260 250/515/260 251/491/260
f 155/181/261 447/711/261 449/493/261
f 237/492/262 251/491/262 252/494/262
f 345/495/263 357/564/263 836/496/263
f 402/498/1075 7/712/1075 903/499/1075
f 48/116/1076 61/115/1076 545/284/1076
f 239/455/266 253/508/266 254/502/266
f 233/462/267 232/461/267 246/503/267
f 241/481/268 240/458/268 254/502/268
f 247/504/1077 730/649/1077 717/506/1077
f 349/291/1078 828/290/1078 815/507/1078
f 253/508/271 252/494/271 266/426/271
f 245/509/272 259/389/272 260/364/272
f 253/508/273 267/102/273 268/409/273
f 163/316/1079 162/173/1079 642/175/1079
f 255/505/275 254/502/275 268/409/275
f 355/511/1080 834/590/1080 820/512/1080
f 255/505/277 269/410/277 270/168/277
f 249/482/278 248/346/278 262/348/278
f 47/114/1081 531/675/1081 544/514/1081
f 250/515/279 249/482/279 263/192/279
f 258/142/280 463/686/280 465/516/280
f 250/515/282 264/439/282 265/152/282
f 86/223/283 437/682/283 439/517/283
f 251/491/284 265/152/284 266/426/284
f 263/192/74 262/348/74 276/301/74
f 246/503/266 232/461/266 716/518/266
f 356/520/1082 344/643/1082 821/521/1082
f 299/429/287 469/428/287 471/523/287
f 264/439/289 278/159/289 279/150/289
f 403/525/290 485/718/290 487/526/290
f 160/197/291 640/196/291 641/528/291
f 253/508/292 239/455/292 723/529/292
f 267/102/293 266/426/293 280/135/293
f 348/531/1083 827/556/1083 841/532/1083
f 361/328/1084 362/312/1084 841/532/1084
f 261/456/296 260/474/296 274/82/296
f 58/535/1085 45/88/1085 529/536/1085
f 261/456/298 275/299/298 276/301/298
f 269/410/299 283/65/299 284/166/299
f 252/494/300 734/633/300 722/538/300
f 362/533/1086 841/313/1086 903/499/1086
f 281/239/302 294/566/302 295/540/302
f 59/108/1087 543/562/1087 530/541/1087
f 283/542/303 282/232/303 295/540/303
f 158/326/1088 157/323/1088 637/544/1088
f 244/382/1089 727/381/1089 714/546/1089
f 277/190/306 276/301/306 290/547/306
f 284/198/307 297/1013/307 298/549/307
f 278/288/308 277/190/308 291/548/308
f 49/351/309 431/674/309 433/551/309
f 360/340/1090 839/342/1090 838/448/1090
f 128/271/312 443/488/312 445/553/312
f 156/322/1091 636/404/1091 637/544/1091
f 272/325/314 286/427/314 287/554/314
f 348/531/1092 7/539/1092 903/555/1092
f 292/550/316 291/548/316 304/557/316
f 190/559/317 453/719/317 455/560/317
f 236/490/1093 720/928/1093 733/561/1093
f 58/535/1094 542/537/1094 543/562/1094
f 363/91/320 479/713/320 481/563/320
f 356/520/1095 835/522/1095 836/496/1095
f 286/427/322 299/429/322 300/565/322
f 294/566/323 293/1011/323 307/567/323
f 337/569/1096 814/977/1096 903/555/1096
f 294/566/325 308/568/325 309/571/325
f 289/48/326 288/50/326 301/572/326
f 296/543/327 295/540/327 309/571/327
f 136/575/1097 614/872/1097 628/576/1097
f 248/346/1098 234/466/1098 718/577/1098
f 291/548/330 290/547/330 303/579/330
f 300/565/331 312/600/331 313/580/331
f 308/568/332 320/1063/332 321/582/332
f 142/421/1099 620/422/1099 606/583/1099
f 310/574/334 309/571/334 321/582/334
f 302/585/335 314/613/335 315/586/335
f 235/471/1100 249/482/1100 732/587/1100
f 304/557/337 303/579/337 315/586/337
f 355/511/1101 354/412/1101 833/318/1101
f 305/558/1102 304/557/1102 316/589/1102
f 230/438/340 459/437/340 461/592/340
f 324/593/1103 7/570/1103 903/594/1103
f 305/558/1104 317/591/1104 318/596/1104
f 338/477/343 475/476/343 477/598/343
f 57/123/1105 56/121/1105 539/343/1105
f 300/565/345 299/429/345 311/524/345
f 135/304/1106 148/303/1106 627/601/1106
f 354/319/1107 833/414/1107 832/603/1107
f 62/51/348 433/551/348 435/605/348
f 134/302/1108 612/871/1108 626/606/1108
f 272/325/351 465/516/351 467/607/351
f 318/608/352 332/1107/352 333/609/352
f 353/604/1109 832/603/1109 831/441/1109
f 54/113/1110 537/621/1110 538/274/1110
f 312/600/355 326/637/355 327/612/355
f 256/345/356 736/344/356 737/333/356
f 314/613/357 313/580/357 327/612/357
f 322/584/358 321/582/358 334/615/358
f 314/613/359 328/614/359 329/617/359
f 322/584/360 335/616/360 336/618/360
f 54/113/1111 53/110/1111 536/620/1111
f 323/619/362 336/618/362 337/569/362
f 146/297/363 625/667/363 611/622/363
f 328/614/364 327/612/364 340/623/364
f 350/484/1112 829/486/1112 830/248/1112
f 298/549/1113 776/940/1113 903/594/1113
f 53/110/1114 52/134/1114 535/320/1114
f 132/625/368 610/870/368 624/626/368
f 152/627/1115 139/278/1115 617/628/1115
f 331/630/370 330/645/370 342/631/370
f 21/79/371 427/480/371 429/632/371
f 253/508/372 735/530/372 734/633/372
f 331/630/373 343/513/373 344/634/373
f 165/15/374 449/493/374 451/636/374
f 50/126/375 49/351/375 533/350/375
f 326/637/376 325/475/376 338/477/376
f 34/106/1116 522/813/1116 532/639/1116
f 326/637/378 339/638/378 340/623/378
f 344/634/380 821/685/380 808/640/380
f 376/89/381 481/563/381 483/641/381
f 344/643/382 356/520/382 357/564/382
f 151/286/1117 630/658/1117 616/644/1117
f 250/515/384 733/561/384 732/587/384
f 339/638/385 350/484/385 351/624/385
f 346/478/386 358/479/386 359/552/386
f 341/440/387 340/623/387 351/624/387
f 330/645/1118 806/970/1118 819/413/1118
f 7/489/1119 903/912/1119 726/646/1119
f 32/92/37 46/93/37 530/541/37
f 153/294/1120 632/653/1120 633/648/1120
f 247/504/1121 246/503/1121 729/365/1121
f 343/513/393 342/631/393 354/412/393
f 203/650/394 455/1112/394 457/651/394
f 360/340/395 359/552/395 372/355/395
f 352/611/225 365/402/225 366/400/225
f 24/41/396 512/821/396 524/652/396
f 354/319/397 353/604/397 366/400/397
f 361/328/398 374/330/398 375/11/398
f 152/627/1122 631/629/1122 632/653/1122
f 100/260/400 439/517/400 441/654/400
f 245/509/1123 246/366/1123 729/519/1123
f 23/86/1124 37/85/1124 523/655/1124
f 311/524/403 471/523/403 473/657/403
f 151/286/1125 150/309/1125 629/405/1125
f 44/87/1098 30/68/1098 518/659/1098
f 229/424/1126 243/472/1126 726/646/1126
f 341/440/1127 817/442/1127 804/662/1127
f 358/479/408 371/266/408 372/355/408
f 352/611/409 351/624/409 364/247/409
f 417/663/410 487/1113/410 425/664/410
f 369/368/411 382/170/411 383/162/411
f 149/308/412 628/576/412 627/601/412
f 222/470/473 235/471/473 719/588/473
f 202/383/1128 685/891/1128 903/666/1128
f 146/446/1129 147/310/1129 626/606/1129
f 27/104/1100 41/103/1100 525/668/1100
f 146/297/1130 145/296/1130 624/375/1130
f 227/467/1131 711/927/1131 725/671/1131
f 373/37/419 386/39/419 387/672/419
f 145/327/1132 624/626/1132 623/673/1132
f 374/330/421 387/672/421 388/9/421
f 368/370/422 367/380/422 380/12/422
f 35/125/423 429/632/423 431/674/423
f 47/114/1133 48/116/1133 532/639/1133
f 368/370/425 381/169/425 382/170/425
f 143/676/1134 144/321/1134 623/673/1134
f 386/39/427 400/691/427 401/677/427
f 226/459/1135 240/458/1135 724/678/1135
f 346/478/1136 347/447/1136 824/449/1136
f 219/681/1137 702/920/1137 716/518/1137
f 73/187/430 435/605/430 437/682/430
f 164/213/1138 7/349/1138 903/683/1138
f 345/495/1139 822/497/1139 821/685/1139
f 244/382/433 461/592/433 463/686/433
f 44/87/1140 528/660/1140 529/536/1140
f 132/279/435 610/865/435 597/687/435
f 344/634/1141 343/513/1141 820/512/1141
f 377/221/437 390/1026/437 391/688/437
f 384/145/438 398/1019/438 399/689/438
f 379/200/439 378/202/439 391/688/439
f 386/39/440 385/138/440 399/689/440
f 396/692/441 410/1034/441 411/693/441
f 390/695/442 389/642/442 403/525/442
f 398/697/443 397/694/443 411/693/443
f 7/171/1142 154/298/1142 633/648/1142
f 231/453/445 715/929/445 701/698/445
f 43/124/1143 527/450/1143 526/699/1143
f 400/691/447 399/689/447 413/700/447
f 392/702/448 406/723/448 407/703/448
f 223/451/1144 707/915/1144 721/705/1144
f 394/706/450 393/704/450 407/703/450
f 402/498/451 401/1021/451 415/707/451
f 395/709/452 394/706/452 408/465/452
f 142/421/453 445/553/453 447/711/453
f 42/122/1145 526/699/1145 525/668/1145
f 349/291/456 477/598/456 479/713/456
f 138/277/1146 124/243/1146 603/714/1146
f 408/465/458 407/703/458 419/716/458
f 415/707/459 422/1072/459 423/717/459
f 241/481/460 725/671/460 724/678/460
f 389/642/461 483/641/461 485/718/461
f 338/477/463 815/507/463 816/485/463
f 176/158/464 451/636/464 453/719/464
f 38/109/465 524/652/465 523/655/465
f 136/270/1147 614/1106/1147 601/720/1147
f 411/693/466 420/1074/466 6/430/466
f 405/721/229 404/1031/229 1/433/229
f 238/452/467 722/538/467 723/529/467
f 406/723/468 405/721/468 418/722/468
f 329/617/1148 805/974/1148 792/725/1148
f 407/703/470 406/723/470 2/724/470
f 487/729/472 486/726/472 424/728/472
f 424/728/474 426/731/474 427/732/474
f 426/731/475 428/734/475 429/733/475
f 428/734/478 430/735/478 431/736/478
f 430/735/479 432/738/479 433/737/479
f 432/738/21 434/739/21 435/740/21
f 435/740/483 434/739/483 436/741/483
f 436/741/485 438/743/485 439/744/485
f 438/743/487 440/745/487 441/746/487
f 440/745/489 442/747/489 443/748/489
f 442/747/491 444/749/491 445/750/491
f 444/749/493 446/751/493 447/752/493
f 447/752/495 446/751/495 448/753/495
f 449/754/497 448/753/497 450/755/497
f 450/755/499 452/757/499 453/758/499
f 452/757/500 454/760/500 455/759/500
f 455/759/503 454/760/503 456/761/503
f 457/762/505 456/761/505 458/763/505
f 458/763/507 460/765/507 461/766/507
f 460/765/509 462/767/509 463/768/509
f 462/767/511 464/769/511 465/770/511
f 464/769/513 466/771/513 467/772/513
f 466/771/515 468/773/515 469/774/515
f 469/774/517 468/773/517 470/775/517
f 470/775/519 472/777/519 473/778/519
f 473/778/521 472/777/521 474/779/521
f 475/780/522 474/779/522 476/781/522
f 477/782/525 476/781/525 478/783/525
f 478/783/526 480/786/526 481/785/526
f 481/785/529 480/786/529 482/787/529
f 482/787/531 484/789/531 485/790/531
f 484/789/533 486/726/533 487/729/533
f 899/791/1149 898/1100/1149 504/792/1149
f 489/794/1150 497/812/1150 498/795/1150
f 902/798/1151 507/1084/1151 493/799/1151
f 896/801/1152 508/1088/1152 501/802/1152
f 902/798/1153 494/800/1153 495/804/1153
f 896/801/1154 502/803/1154 503/806/1154
f 503/806/1155 502/803/1155 519/808/1155
f 496/810/1156 513/1093/1156 514/811/1156
f 504/792/1157 521/822/1157 522/813/1157
f 498/795/1158 497/812/1158 514/811/1158
f 500/815/1159 499/1110/1159 516/816/1159
f 492/818/1160 509/1089/1160 510/819/1160
f 494/800/1161 493/799/1161 510/819/1161
f 516/816/1162 515/669/1162 525/668/1162
f 517/817/1163 516/816/1163 526/699/1163
f 518/659/1164 517/817/1164 527/450/1164
f 512/821/1165 511/656/1165 523/655/1165
f 521/822/1166 520/647/1166 530/541/1166
f 521/822/1167 531/675/1167 532/639/1167
f 530/541/1168 543/562/1168 544/514/1168
f 528/660/1169 527/450/1169 540/599/1169
f 529/536/1170 528/660/1170 541/824/1170
f 539/343/1171 553/56/1171 554/825/1171
f 534/336/1172 533/350/1172 546/53/1172
f 540/599/1173 554/825/1173 555/369/1173
f 541/824/1174 555/369/1174 556/363/1174
f 542/537/1175 556/363/1175 557/362/1175
f 535/320/1176 549/120/1176 550/826/1176
f 544/514/1177 543/562/1177 557/362/1177
f 536/620/1178 550/826/1178 551/827/1178
f 537/621/567 551/827/567 552/275/567
f 549/120/1179 563/119/1179 564/211/1179
f 551/827/1180 550/826/1180 564/211/1180
f 558/97/1181 572/96/1181 573/70/1181
f 552/275/1182 551/827/1182 565/829/1182
f 553/56/573 567/55/573 568/830/573
f 547/337/1183 546/53/1183 560/52/1183
f 555/369/575 554/825/575 568/830/575
f 548/29/1184 547/337/1184 561/256/1184
f 567/55/1185 579/845/1185 580/831/1185
f 569/35/1186 568/830/1186 580/831/1186
f 570/165/1187 569/35/1187 581/832/1187
f 563/238/1188 562/237/1188 574/834/1188
f 571/154/1189 570/165/1189 582/833/1189
f 566/63/1190 565/829/1190 577/837/1190
f 584/839/1191 583/1047/1191 594/840/1191
f 576/842/1192 587/852/1192 588/843/1192
f 579/845/1193 578/1016/1193 589/846/1193
f 579/845/1194 590/847/1194 591/848/1194
f 581/832/1195 592/1033/1195 593/849/1195
f 575/835/1196 574/834/1196 585/850/1196
f 576/842/1197 575/835/1197 586/851/1197
f 592/853/1198 591/1080/1198 601/720/1198
f 587/852/1199 586/851/1199 596/855/1199
f 589/846/1200 599/861/1200 600/857/1200
f 605/858/593 604/1076/593 618/859/593
f 599/861/1201 612/1103/1201 613/862/1201
f 601/720/1202 614/1106/1202 615/863/1202
f 603/714/1203 602/854/1203 615/863/1203
f 598/864/1204 597/687/1204 610/865/1204
f 607/867/1205 621/873/1205 622/403/1205
f 608/868/1206 622/403/1206 623/673/1206
f 617/628/1207 616/644/1207 630/658/1207
f 609/869/601 623/673/601 624/626/601
f 611/622/1208 625/667/1208 626/606/1208
f 614/872/1209 613/602/1209 627/601/1209
f 606/583/1210 620/422/1210 621/873/1210
f 620/422/606 634/180/606 635/874/606
f 621/873/607 635/874/607 636/404/607
f 629/405/1211 643/510/1211 644/875/1211
f 631/629/609 630/658/609 644/875/609
f 632/653/1212 631/629/1212 645/876/1212
f 624/375/1213 638/545/1213 639/230/1213
f 632/653/1214 646/877/1214 647/684/1214
f 643/510/613 657/882/613 658/878/613
f 637/544/1215 636/404/1215 650/879/1215
f 644/875/1216 658/878/1216 659/315/1216
f 637/544/1217 651/353/1217 652/880/1217
f 645/876/1218 659/315/1218 660/306/1218
f 639/230/1219 638/545/1219 652/880/1219
f 646/877/1220 660/306/1220 661/214/1220
f 640/196/1221 654/339/1221 655/185/1221
f 634/180/621 648/17/621 649/881/621
f 643/510/622 642/175/622 656/174/622
f 636/404/1222 635/874/1222 649/881/1222
f 649/881/1223 648/17/1223 662/16/1223
f 650/879/1224 649/881/1224 663/148/1224
f 658/878/1225 657/882/1225 670/884/1225
f 651/353/1226 650/879/1226 664/883/1226
f 658/878/1227 671/59/1227 672/58/1227
f 653/231/1228 652/880/1228 666/128/1228
f 654/32/1229 653/231/1229 667/886/1229
f 665/885/1230 664/883/1230 675/887/1230
f 665/885/1231 676/888/1231 677/889/1231
f 674/43/1232 673/1028/1232 684/890/1232
f 668/33/1233 667/886/1233 678/892/1233
f 668/33/635 679/893/635 680/894/635
f 670/884/636 681/896/636 682/895/636
f 681/896/637 695/1114/637 696/897/637
f 675/887/1234 688/1115/1234 689/898/1234
f 683/899/1235 682/895/1235 696/897/1235
f 677/889/1236 676/888/1236 689/898/1236
f 685/891/1237 684/890/1237 698/902/1237
f 678/892/1238 691/1116/1238 692/904/1238
f 697/905/1239 711/1092/1239 712/906/1239
f 691/908/1240 690/1098/1240 704/909/1240
f 692/910/1241 691/908/1241 705/665/1241
f 693/914/1242 692/910/1242 706/911/1242
f 693/914/1243 707/915/1243 708/916/1243
f 687/918/1244 686/1102/1244 700/919/1244
f 687/918/1245 701/698/1245 702/920/1245
f 696/922/1246 695/1105/1246 709/923/1246
f 688/921/1247 702/920/1247 703/925/1247
f 701/698/1248 715/929/1248 716/518/1248
f 710/679/1249 724/678/1249 725/671/1249
f 706/911/1250 705/665/1250 719/588/1250
f 706/911/1251 720/928/1251 721/705/1251
f 719/588/1252 732/587/1252 733/561/1252
f 714/546/1253 727/381/1253 728/390/1253
f 723/529/661 722/538/661 734/633/661
f 716/518/1254 715/929/1254 728/390/1254
f 717/506/1255 730/649/1255 731/578/1255
f 728/390/664 727/381/664 738/144/664
f 729/365/1256 740/473/1256 741/457/1256
f 730/649/1257 741/457/1257 742/347/1257
f 737/333/1258 736/344/1258 750/167/1258
f 750/167/1259 764/199/1259 765/177/1259
f 744/160/1260 743/191/1260 757/289/1260
f 746/136/1261 745/151/1261 759/283/1261
f 739/391/1262 738/144/1262 752/143/1262
f 740/83/1263 739/391/1263 753/930/1263
f 747/101/1264 761/240/1264 762/233/1264
f 749/66/1265 748/411/1265 762/233/1265
f 760/137/1266 772/939/1266 773/931/1266
f 754/84/1267 753/930/1267 766/932/1267
f 755/307/1268 754/84/1268 767/49/1268
f 756/300/1269 755/307/1269 768/933/1269
f 764/216/1270 763/1020/1270 774/935/1270
f 759/283/1271 758/282/1271 770/937/1271
f 759/283/1272 771/938/1272 772/939/1272
f 776/940/1273 775/936/1273 786/941/1273
f 771/938/1274 770/937/1274 781/943/1274
f 772/939/1275 771/938/1275 782/944/1275
f 767/49/1276 766/932/1276 777/946/1276
f 768/933/1277 779/1024/1277 780/948/1277
f 775/936/1278 774/935/1278 785/949/1278
f 779/950/1279 778/1023/1279 790/951/1279
f 785/949/1280 799/1067/1280 800/953/1280
f 786/941/1281 800/953/1281 801/595/1281
f 783/945/1282 782/944/1282 795/954/1282
f 784/956/1283 783/945/1283 796/955/1283
f 793/958/1284 806/970/1284 807/959/1284
f 794/960/696 807/959/696 808/961/696
f 789/963/697 788/1108/697 802/964/697
f 797/957/1285 796/955/1285 809/966/1285
f 798/968/1286 797/957/1286 810/967/1286
f 792/725/1287 805/974/1287 806/970/1287
f 811/969/1288 810/967/1288 823/680/1288
f 812/971/1289 811/969/1289 824/449/1289
f 804/662/1290 817/442/1290 818/973/1290
f 813/975/1291 812/971/1291 825/972/1291
f 805/974/1292 818/973/1292 819/413/1292
f 813/975/1293 826/976/1293 827/556/1293
f 808/640/708 821/685/708 822/497/708
f 809/966/1294 822/497/1294 823/680/1294
f 820/512/1295 834/590/1295 835/522/1295
f 816/485/1296 815/507/1296 828/290/1296
f 822/497/1297 836/496/1297 837/267/1297
f 825/972/1298 824/449/1298 838/448/1298
f 818/973/1299 817/442/1299 831/441/1299
f 825/972/1300 839/342/1300 840/534/1300
f 819/413/1301 818/973/1301 832/603/1301
f 827/556/1302 826/976/1302 840/534/1302
f 839/342/1303 853/341/1303 854/329/1303
f 833/318/1304 847/379/1304 848/371/1304
f 834/590/1305 848/371/1305 849/367/1305
f 836/496/1306 835/522/1306 849/367/1306
f 829/486/1307 828/290/1307 842/90/1307
f 837/267/1308 836/496/1308 850/76/1308
f 830/248/1309 829/486/1309 843/978/1309
f 842/90/1310 856/1025/1310 857/222/1310
f 851/268/727 850/76/727 864/75/727
f 843/978/1311 857/222/1311 858/201/1311
f 851/268/729 865/146/729 866/139/729
f 845/401/1312 844/249/1312 858/201/1312
f 852/361/1313 866/139/1313 867/38/1313
f 846/384/1314 845/401/1314 859/979/1314
f 846/384/1315 860/980/1315 861/14/1315
f 859/979/1316 873/1015/1316 874/981/1316
f 861/14/1317 860/980/1317 874/981/1317
f 868/111/1318 882/1022/1318 883/500/1318
f 862/179/1319 861/14/1319 875/982/1319
f 863/163/1320 862/179/1320 876/983/1320
f 863/163/1321 877/984/1321 878/985/1321
f 857/222/1322 856/1025/1322 870/986/1322
f 865/146/1323 864/75/1323 878/985/1323
f 871/989/744 885/1030/744 886/990/744
f 880/992/1324 879/1051/1324 892/431/1324
f 872/991/1325 886/990/1325 887/994/1325
f 881/996/1326 894/1010/1326 895/997/1326
f 876/983/748 889/1003/748 890/999/748
f 895/997/1327 894/1010/1327 897/1000/1327
f 888/464/1328 489/1111/1328 490/1002/1328
f 889/1003/1329 490/1002/1329 491/1004/1329
f 891/1005/1330 890/999/1330 491/1004/1330
f 885/434/753 884/1029/753 900/1007/753
f 893/993/1331 892/431/1331 508/1008/1331
f 893/993/1332 896/1009/1332 897/1000/1332
f 293/1011/1333 294/566/1333 773/931/1333
f 172/331/1334 185/360/1334 670/884/1334
f 390/695/1335 871/987/1335 870/986/1335
f 89/1012/1336 575/835/1336 576/842/1336
f 391/688/1337 390/1026/1337 871/989/1337
f 91/209/1338 90/204/1338 576/842/1338
f 392/690/1339 391/688/1339 872/991/1339
f 297/1013/1340 775/936/1340 776/940/1340
f 166/354/764 651/353/764 665/885/764
f 92/218/1341 578/838/1341 577/837/1341
f 393/704/1342 874/981/1342 873/1015/1342
f 281/239/1343 761/262/1343 773/931/1343
f 173/314/1344 659/315/1344 672/58/1344
f 93/212/1345 92/1027/1345 578/1016/1345
f 394/706/1346 875/982/1346 874/981/1346
f 167/352/1347 180/133/1347 666/128/1347
f 395/709/1348 876/983/1348 875/982/1348
f 94/1017/1349 95/225/1349 581/832/1349
f 273/324/82 287/554/82 766/932/82
f 396/692/1350 397/694/1350 878/985/1350
f 96/1018/1351 97/234/1351 583/836/1351
f 397/694/1352 398/697/1352 879/988/1352
f 97/206/1353 583/1047/1353 584/839/1353
f 398/1019/1354 879/1051/1354 880/992/1354
f 283/542/1355 296/543/1355 774/935/1355
f 290/547/1356 276/301/1356 756/300/1356
f 401/677/1357 400/691/1357 881/996/1357
f 297/1013/1358 284/198/1358 764/216/1358
f 93/212/1359 579/845/1359 567/55/1359
f 401/1021/1360 402/498/1360 883/500/1360
f 195/392/1361 196/394/1361 680/894/1361
f 379/200/1362 392/690/1362 873/1015/1362
f 278/288/512 292/550/512 770/937/512
f 401/677/1363 882/1022/1363 868/111/1363
f 88/193/1364 574/834/1364 562/237/1364
f 199/373/1365 682/895/1365 683/899/1365
f 89/1012/1366 76/203/1366 563/238/1366
f 301/581/1367 778/947/1367 777/946/1367
f 97/206/1368 83/155/1368 571/154/1368
f 302/573/1369 301/572/1369 778/1023/1369
f 302/585/1370 303/579/1370 780/948/1370
f 376/89/1371 389/642/1371 870/986/1371
f 178/147/1372 192/388/1372 675/887/1372
f 78/208/1373 91/209/1373 577/837/1373
f 377/221/1374 857/222/1374 871/987/1374
f 306/597/1375 782/944/1375 781/943/1375
f 199/373/801 186/57/801 671/59/801
f 92/1027/96 79/64/96 566/63/96
f 384/145/1376 865/146/1376 879/988/1376
f 180/129/1377 666/132/1377 677/889/1377
f 307/567/1378 783/945/1378 784/956/1378
f 201/376/1379 684/890/1379 673/1028/1379
f 181/127/530 194/378/530 678/892/530
f 103/244/1380 586/851/1380 585/850/1380
f 404/696/1381 403/525/1381 884/1029/1381
f 202/383/1382 189/44/1382 674/43/1382
f 405/721/1383 886/990/1383 885/1030/1383
f 104/1032/1384 105/219/1384 588/843/1384
f 405/721/1385 406/723/1385 887/994/1385
f 183/78/813 669/77/813 680/894/813
f 107/257/1386 108/259/1386 591/848/1386
f 409/710/1387 408/465/1387 888/464/1387
f 292/550/1388 305/558/1388 781/943/1388
f 108/226/1389 591/1080/1389 592/853/1389
f 198/387/206 681/896/206 670/884/206
f 109/242/1390 110/235/1390 593/849/1390
f 410/1034/1391 890/999/1391 891/1005/1391
f 204/1117/1392 203/1118/1392 686/1119/1392
f 205/1120/1393 204/1121/1393 687/1122/1393
f 111/236/822 112/251/822 595/841/822
f 293/1011/823 772/939/823 783/945/823
f 413/700/1394 893/993/1394 894/1010/1394
f 287/554/1395 300/565/1395 777/946/1395
f 206/1123/1396 207/1124/1396 690/1125/1396
f 112/251/1397 98/207/1397 584/839/1397
f 208/1126/1398 207/1127/1398 690/1128/1398
f 97/234/1399 111/236/1399 594/840/1399
f 288/50/1400 767/49/1400 778/947/1400
f 91/1014/1401 577/844/1401 588/843/1401
f 209/1048/1402 692/910/1402 693/914/1402
f 396/692/833 877/984/833 890/999/833
f 289/48/1403 302/573/1403 779/1024/1403
f 210/1049/1404 693/914/1404 694/917/1404
f 390/695/836 404/696/836 885/1030/836
f 310/574/837 785/949/837 774/935/837
f 92/218/484 106/220/484 589/846/484
f 290/547/1405 769/934/1405 780/948/1405
f 398/697/1372 412/432/1372 892/431/1372
f 311/524/841 788/1108/841 789/963/841
f 213/1129/1406 214/1130/1406 697/1131/1406
f 214/1132/1407 697/1133/1407 698/1134/1407
f 94/1017/1408 580/831/1408 591/848/1408
f 413/700/1409 399/689/1409 880/992/1409
f 313/580/846 314/613/846 791/952/846
f 216/1135/1410 699/1136/1410 698/1137/1410
f 392/702/1411 873/995/1411 887/994/1411
f 95/225/1412 109/227/1412 592/1033/1412
f 414/701/1413 894/1010/1413 881/996/1413
f 316/589/1414 315/586/1414 792/725/1414
f 195/392/852 679/893/852 692/904/852
f 88/193/1415 102/228/1415 585/850/1415
f 4/1062/1416 5/1090/1416 491/1004/1416
f 317/591/1417 316/589/1417 793/958/1417
f 96/1018/1418 582/833/1418 593/849/1418
f 9/25/1419 8/24/1419 492/818/1419
f 415/707/1420 401/1021/1420 882/998/1420
f 317/591/1421 794/960/1421 795/962/1421
f 319/610/1422 796/955/1422 795/954/1422
f 10/40/1423 11/2/1423 495/804/1423
f 212/398/212 695/1114/212 681/896/212
f 395/709/862 409/710/862 889/1003/862
f 320/1063/1424 797/957/1424 798/968/1424
f 205/399/1425 688/1115/1425 675/887/1425
f 13/8/1426 12/3/1426 496/810/1426
f 118/280/1427 597/856/1427 596/855/1427
f 421/1138/1428 422/1139/1428 898/1140/1428
f 323/619/1429 800/953/1429 799/1067/1429
f 118/252/1430 597/687/1430 598/864/1430
f 422/1141/1431 898/1142/1431 899/1143/1431
f 323/619/1432 324/593/1432 801/595/1432
f 214/1071/1433 200/374/1433 683/899/1433
f 15/19/872 499/1110/872 500/815/872
f 415/707/1434 895/997/1434 898/1001/1434
f 301/581/1435 313/580/1435 790/951/1435
f 207/407/217 193/377/217 677/889/217
f 215/406/1436 698/902/1436 684/890/1436
f 18/73/1437 502/803/1437 501/802/1437
f 208/408/1438 691/1116/1438 678/892/1438
f 320/1063/1439 308/568/1439 784/956/1439
f 123/1073/1440 602/854/1440 603/714/1440
f 403/525/1441 417/527/1441 900/1007/1441
f 302/585/1442 779/950/1442 791/952/1442
f 218/454/1443 701/698/1443 700/919/1443
f 411/693/881 891/1005/881 901/1006/881
f 310/574/1444 322/584/1444 799/1067/1444
f 2/1075/883 506/805/883 495/804/883
f 219/681/1445 220/460/1445 703/925/1445
f 127/254/885 126/250/885 604/1076/885
f 13/8/1446 497/812/1446 489/794/1446
f 123/1073/1447 109/242/1447 592/853/1447
f 4/18/1448 490/796/1448 498/795/1448
f 1/1144/1449 507/1145/1449 900/1146/1449
f 222/470/1450 705/665/1450 704/909/1450
f 108/259/125 122/258/125 601/720/125
f 418/1147/1451 1/1148/1451 507/1149/1451
f 9/25/1452 493/799/1452 507/1084/1452
f 418/1150/1453 902/1151/1453 506/1152/1453
f 6/27/1454 17/26/1454 501/802/1454
f 306/597/1455 318/596/1455 795/954/1455
f 223/451/1456 224/444/1456 708/916/1456
f 22/81/1457 510/819/1457 509/1089/1457
f 103/244/1458 117/245/1458 596/855/1458
f 23/86/1459 511/820/1459 510/819/1459
f 5/1090/1460 420/1074/1460 901/1006/1460
f 226/459/1461 710/924/1461 709/923/1461
f 23/1091/1462 511/656/1462 512/821/1462
f 326/637/903 803/965/903 802/964/903
f 226/416/1463 710/679/1463 711/927/1463
f 104/1032/1464 587/852/1464 597/856/1464
f 227/467/1465 228/469/1465 712/906/1465
f 26/99/1466 514/811/1466 513/1093/1466
f 423/1153/1467 899/1154/1467 903/1155/1467
f 27/104/1468 515/814/1468 514/811/1468
f 329/617/1469 328/614/1469 804/662/1469
f 227/417/911 711/1092/911 697/905/911
f 28/61/1470 27/1109/1470 515/669/1470
f 213/1097/1471 696/922/1471 710/924/1471
f 106/220/486 120/255/486 599/861/486
f 330/645/1472 331/630/1472 807/959/1472
f 207/420/1473 221/419/1473 704/909/1473
f 107/257/1474 590/847/1474 600/857/1474
f 29/1099/1475 517/817/1475 518/659/1475
f 422/6/3 20/5/3 504/792/3
f 331/630/1476 332/635/1476 808/961/1476
f 206/418/1477 689/926/1477 703/925/1477
f 421/4/1478 897/807/1478 503/806/1478
f 333/609/1479 332/1107/1479 808/640/1479
f 215/423/1480 698/907/1480 712/906/1480
f 129/272/1481 128/271/1481 606/583/1481
f 32/92/1482 520/809/1482 519/808/1482
f 130/273/1483 129/272/1483 607/867/1483
f 33/47/1484 32/46/1484 520/647/1484
f 216/425/1485 229/424/1485 713/661/1485
f 131/276/1486 130/273/1486 608/868/1486
f 334/615/1487 811/969/1487 812/971/1487
f 132/279/1488 131/276/1488 609/869/1488
f 335/616/1489 812/971/1489 813/975/1489
f 133/295/1490 611/866/1490 610/865/1490
f 10/40/1491 494/800/1491 511/820/1491
f 336/618/1492 813/975/1492 814/977/1492
f 217/436/935 700/919/935 686/1102/935
f 134/264/1493 133/263/1493 611/622/1493
f 19/1101/1494 503/806/1494 520/809/1494
f 211/1050/938 694/917/938 708/916/938
f 134/302/1495 135/304/1495 613/862/1495
f 18/73/1496 31/72/1496 519/808/1496
f 135/1104/1497 613/602/1497 614/872/1497
f 25/45/942 513/1093/942 496/810/942
f 34/106/1498 7/105/1498 903/797/1498
f 212/443/1499 225/445/1499 709/923/1499
f 136/575/1500 137/285/1500 615/863/1500
f 33/47/1501 521/822/1501 504/792/1501
f 318/608/947 795/962/947 808/961/947
f 137/285/1502 138/287/1502 616/715/1502
f 48/107/1503 532/501/1503 903/823/1503
f 311/524/950 325/475/950 802/964/950
f 231/453/1504 230/438/1504 714/546/1504
f 138/277/1505 616/644/1505 617/628/1505
f 333/609/953 809/966/953 796/955/953
f 27/1109/1506 14/60/1506 498/795/1506
f 312/600/955 789/963/955 803/965/955
f 140/281/956 141/265/956 619/860/956
f 28/61/1507 516/816/1507 499/1110/1507
f 233/462/958 717/506/958 718/577/958
f 127/254/959 605/858/959 619/860/959
f 21/79/960 509/1089/960 492/818/960
f 7/171/1508 903/823/1508 559/828/1508
f 140/281/962 618/859/962 604/1076/962
f 29/1099/1509 16/21/1509 500/815/1509
f 334/615/1510 321/582/1510 798/968/1510
f 134/264/1511 612/1103/1511 599/861/1511
f 236/490/1512 237/492/1512 721/705/1512
f 133/263/1513 119/253/1513 598/864/1513
f 121/269/1514 600/857/1514 613/862/1514
